German,English,Context,Date
verhandlungsprozess,negotiation process,"Die Ukrainer erleben den härtesten Winter seit vier Jahren Krieg. Trotz Beschuss, Zerstörung der Energieversorgung und Ungewissheit über den Verhandlungsprozess wollen sie nicht aufgeben. Woher nehmen sie die Kraft?",2026-02-24
drohnenüberwachung,drone monitoring,Vom klassischen Bodenkampf bis zum Überleben in verbunkerten Stellungen innerhalb der Todeszone - unter permanenter Drohnenüberwachung. Wie hat sich der Krieg zwischen Russland und der Ukraine in vier Jahren gewandelt?,2026-02-24
energieversorgung,Energy supply,"Die Ukrainer erleben den härtesten Winter seit vier Jahren Krieg. Trotz Beschuss, Zerstörung der Energieversorgung und Ungewissheit über den Verhandlungsprozess wollen sie nicht aufgeben. Woher nehmen sie die Kraft?",2026-02-24
gesundheitssystem,Health care,"Jeder achte Mediziner in Deutschland hat keinen deutschen Pass, jeder vierte ist ein Zuwanderer. Es stellt sich die Frage: Wie stünde das Gesundheitssystem ohne medizinisches Personal aus dem Ausland da?",2026-02-24
truppenbewegungen,troop movements,In der nordäthiopischen Region Tigray ist die Lage zunehmend angespannt. Truppenbewegungen an der Grenze zu Eritrea könnten das Ende des fragilen Friedens bedeuten. Journalisten verweigert Äthiopien den Zugang.,2026-02-24
umweltverbrechen,"environmental crime,",Am Obersten Bundesgericht in Brasilien müssen sich Verantwortliche eines Bergbaukonzerns und einer TÜV-Süd-Tochter wegen Mordes und Umweltverbrechen verantworten. Auch die deutsche Justiz befasst sich mit dem Fall.,2026-02-24
nordäthiopischen,north Ethiopian,In der nordäthiopischen Region Tigray ist die Lage zunehmend angespannt. Truppenbewegungen an der Grenze zu Eritrea könnten das Ende des fragilen Friedens bedeuten. Journalisten verweigert Äthiopien den Zugang.,2026-02-24
gedenkzeremonie,commemoration ceremony,Der Überfall Russlands auf das Nachbarland Ukraine jährt sich zum vierten Mal. In Kyjiw findet die zentrale Gedenkzeremonie statt. Mit dabei sind hochrangige Gäste aus der EU.,2026-02-24
verantwortliche,Responsible,Am Obersten Bundesgericht in Brasilien müssen sich Verantwortliche eines Bergbaukonzerns und einer TÜV-Süd-Tochter wegen Mordes und Umweltverbrechen verantworten. Auch die deutsche Justiz befasst sich mit dem Fall.,2026-02-24
bergbaukonzerns,mining group,Am Obersten Bundesgericht in Brasilien müssen sich Verantwortliche eines Bergbaukonzerns und einer TÜV-Süd-Tochter wegen Mordes und Umweltverbrechen verantworten. Auch die deutsche Justiz befasst sich mit dem Fall.,2026-02-24
logistikkonzern,logistics group,Nach dem Urteil des Supreme Courts zur Zollpolitik des US-Präsidenten geht der Logistikkonzern FedEx vor Gericht. Die Ukraine erinnert an den vierten Jahrestag der russischen Invasion. Das Wichtigste in Kürze.,2026-02-24
drogenkartellen,drug cartels,"Mit der Tötung von ""El Mencho"" hat die mexikanische Regierung den jahrelangen Burgfrieden mit den Drogenkartellen offenbar aufgekündigt. Wer war der Drogenboss und was ist das CJNG, das Cártel Jalisco Nueva Generación?",2026-02-24
philippinische,Filipino,"Wegen seines blutigen ""Krieges gegen die Drogen“ mit tausenden Toten muss sich der philippinische Ex-Präsident wohl in Den Haag verantworten. Doch das heißt nicht, dass sein Heimatland nun andere Wege geht.",2026-02-24
medizinisches,Medical,"Jeder achte Mediziner in Deutschland hat keinen deutschen Pass, jeder vierte ist ein Zuwanderer. Es stellt sich die Frage: Wie stünde das Gesundheitssystem ohne medizinisches Personal aus dem Ausland da?",2026-02-24
bundesgericht,Federal Tribunal,Am Obersten Bundesgericht in Brasilien müssen sich Verantwortliche eines Bergbaukonzerns und einer TÜV-Süd-Tochter wegen Mordes und Umweltverbrechen verantworten. Auch die deutsche Justiz befasst sich mit dem Fall.,2026-02-24
geopolitische,geopolitical,Island ist NATO-Mitglied und in europäische Strukturen integriert. Von einem EU-Beitritt wollte man allerdings lange nichts wissen. Doch die geopolitische Lage verändert sich - und zwingt auch die Isländer zum Umdenken.,2026-02-24
ungewissheit,Uncertainty,"Die Ukrainer erleben den härtesten Winter seit vier Jahren Krieg. Trotz Beschuss, Zerstörung der Energieversorgung und Ungewissheit über den Verhandlungsprozess wollen sie nicht aufgeben. Woher nehmen sie die Kraft?",2026-02-24
verbunkerten,bunkered,Vom klassischen Bodenkampf bis zum Überleben in verbunkerten Stellungen innerhalb der Todeszone - unter permanenter Drohnenüberwachung. Wie hat sich der Krieg zwischen Russland und der Ukraine in vier Jahren gewandelt?,2026-02-24
verantworten,thinks,Am Obersten Bundesgericht in Brasilien müssen sich Verantwortliche eines Bergbaukonzerns und einer TÜV-Süd-Tochter wegen Mordes und Umweltverbrechen verantworten. Auch die deutsche Justiz befasst sich mit dem Fall.,2026-02-24
journalisten,Journalists,In der nordäthiopischen Region Tigray ist die Lage zunehmend angespannt. Truppenbewegungen an der Grenze zu Eritrea könnten das Ende des fragilen Friedens bedeuten. Journalisten verweigert Äthiopien den Zugang.,2026-02-24
mexikanische,mexican,"Mit der Tötung von ""El Mencho"" hat die mexikanische Regierung den jahrelangen Burgfrieden mit den Drogenkartellen offenbar aufgekündigt. Wer war der Drogenboss und was ist das CJNG, das Cártel Jalisco Nueva Generación?",2026-02-24
aufgekündigt,terminated,"Mit der Tötung von ""El Mencho"" hat die mexikanische Regierung den jahrelangen Burgfrieden mit den Drogenkartellen offenbar aufgekündigt. Wer war der Drogenboss und was ist das CJNG, das Cártel Jalisco Nueva Generación?",2026-02-24
nachbarland,Neighbouring Nation,Der Überfall Russlands auf das Nachbarland Ukraine jährt sich zum vierten Mal. In Kyjiw findet die zentrale Gedenkzeremonie statt. Mit dabei sind hochrangige Gäste aus der EU.,2026-02-24
hochrangige,high-level,Der Überfall Russlands auf das Nachbarland Ukraine jährt sich zum vierten Mal. In Kyjiw findet die zentrale Gedenkzeremonie statt. Mit dabei sind hochrangige Gäste aus der EU.,2026-02-24
klassischen,classic,Vom klassischen Bodenkampf bis zum Überleben in verbunkerten Stellungen innerhalb der Todeszone - unter permanenter Drohnenüberwachung. Wie hat sich der Krieg zwischen Russland und der Ukraine in vier Jahren gewandelt?,2026-02-24
permanenter,Permanent,Vom klassischen Bodenkampf bis zum Überleben in verbunkerten Stellungen innerhalb der Todeszone - unter permanenter Drohnenüberwachung. Wie hat sich der Krieg zwischen Russland und der Ukraine in vier Jahren gewandelt?,2026-02-24
deutschland,Germany,"Jeder achte Mediziner in Deutschland hat keinen deutschen Pass, jeder vierte ist ein Zuwanderer. Es stellt sich die Frage: Wie stünde das Gesundheitssystem ohne medizinisches Personal aus dem Ausland da?",2026-02-24
zollpolitik,Customs policy,Nach dem Urteil des Supreme Courts zur Zollpolitik des US-Präsidenten geht der Logistikkonzern FedEx vor Gericht. Die Ukraine erinnert an den vierten Jahrestag der russischen Invasion. Das Wichtigste in Kürze.,2026-02-24
präsidenten,2003.,Nach dem Urteil des Supreme Courts zur Zollpolitik des US-Präsidenten geht der Logistikkonzern FedEx vor Gericht. Die Ukraine erinnert an den vierten Jahrestag der russischen Invasion. Das Wichtigste in Kürze.,2026-02-24
europäische,Europäische,Island ist NATO-Mitglied und in europäische Strukturen integriert. Von einem EU-Beitritt wollte man allerdings lange nichts wissen. Doch die geopolitische Lage verändert sich - und zwingt auch die Isländer zum Umdenken.,2026-02-24
jahrelangen,years,"Mit der Tötung von ""El Mencho"" hat die mexikanische Regierung den jahrelangen Burgfrieden mit den Drogenkartellen offenbar aufgekündigt. Wer war der Drogenboss und was ist das CJNG, das Cártel Jalisco Nueva Generación?",2026-02-24
burgfrieden,burgfrieden,"Mit der Tötung von ""El Mencho"" hat die mexikanische Regierung den jahrelangen Burgfrieden mit den Drogenkartellen offenbar aufgekündigt. Wer war der Drogenboss und was ist das CJNG, das Cártel Jalisco Nueva Generación?",2026-02-24
zerstörung,Destruction:,"Die Ukrainer erleben den härtesten Winter seit vier Jahren Krieg. Trotz Beschuss, Zerstörung der Energieversorgung und Ungewissheit über den Verhandlungsprozess wollen sie nicht aufgeben. Woher nehmen sie die Kraft?",2026-02-24
bodenkampf,ground combat,Vom klassischen Bodenkampf bis zum Überleben in verbunkerten Stellungen innerhalb der Todeszone - unter permanenter Drohnenüberwachung. Wie hat sich der Krieg zwischen Russland und der Ukraine in vier Jahren gewandelt?,2026-02-24
stellungen,POSITIONS,Vom klassischen Bodenkampf bis zum Überleben in verbunkerten Stellungen innerhalb der Todeszone - unter permanenter Drohnenüberwachung. Wie hat sich der Krieg zwischen Russland und der Ukraine in vier Jahren gewandelt?,2026-02-24
zuwanderer,Immigrants,"Jeder achte Mediziner in Deutschland hat keinen deutschen Pass, jeder vierte ist ein Zuwanderer. Es stellt sich die Frage: Wie stünde das Gesundheitssystem ohne medizinisches Personal aus dem Ausland da?",2026-02-24
russischen,russian,Nach dem Urteil des Supreme Courts zur Zollpolitik des US-Präsidenten geht der Logistikkonzern FedEx vor Gericht. Die Ukraine erinnert an den vierten Jahrestag der russischen Invasion. Das Wichtigste in Kürze.,2026-02-24
wichtigste,important,Nach dem Urteil des Supreme Courts zur Zollpolitik des US-Präsidenten geht der Logistikkonzern FedEx vor Gericht. Die Ukraine erinnert an den vierten Jahrestag der russischen Invasion. Das Wichtigste in Kürze.,2026-02-24
heimatland,Home_Country,"Wegen seines blutigen ""Krieges gegen die Drogen“ mit tausenden Toten muss sich der philippinische Ex-Präsident wohl in Den Haag verantworten. Doch das heißt nicht, dass sein Heimatland nun andere Wege geht.",2026-02-24
strukturen,structures,Island ist NATO-Mitglied und in europäische Strukturen integriert. Von einem EU-Beitritt wollte man allerdings lange nichts wissen. Doch die geopolitische Lage verändert sich - und zwingt auch die Isländer zum Umdenken.,2026-02-24
integriert,Integrated,Island ist NATO-Mitglied und in europäische Strukturen integriert. Von einem EU-Beitritt wollte man allerdings lange nichts wissen. Doch die geopolitische Lage verändert sich - und zwingt auch die Isländer zum Umdenken.,2026-02-24
allerdings,Allerdings,Island ist NATO-Mitglied und in europäische Strukturen integriert. Von einem EU-Beitritt wollte man allerdings lange nichts wissen. Doch die geopolitische Lage verändert sich - und zwingt auch die Isländer zum Umdenken.,2026-02-24
angespannt,tensely,In der nordäthiopischen Region Tigray ist die Lage zunehmend angespannt. Truppenbewegungen an der Grenze zu Eritrea könnten das Ende des fragilen Friedens bedeuten. Journalisten verweigert Äthiopien den Zugang.,2026-02-24
verweigert,is denied,In der nordäthiopischen Region Tigray ist die Lage zunehmend angespannt. Truppenbewegungen an der Grenze zu Eritrea könnten das Ende des fragilen Friedens bedeuten. Journalisten verweigert Äthiopien den Zugang.,2026-02-24
drogenboss,dry forest,"Mit der Tötung von ""El Mencho"" hat die mexikanische Regierung den jahrelangen Burgfrieden mit den Drogenkartellen offenbar aufgekündigt. Wer war der Drogenboss und was ist das CJNG, das Cártel Jalisco Nueva Generación?",2026-02-24
härtesten,hardest,"Die Ukrainer erleben den härtesten Winter seit vier Jahren Krieg. Trotz Beschuss, Zerstörung der Energieversorgung und Ungewissheit über den Verhandlungsprozess wollen sie nicht aufgeben. Woher nehmen sie die Kraft?",2026-02-24
russlands,russia,Der Überfall Russlands auf das Nachbarland Ukraine jährt sich zum vierten Mal. In Kyjiw findet die zentrale Gedenkzeremonie statt. Mit dabei sind hochrangige Gäste aus der EU.,2026-02-24
überleben,survive,Vom klassischen Bodenkampf bis zum Überleben in verbunkerten Stellungen innerhalb der Todeszone - unter permanenter Drohnenüberwachung. Wie hat sich der Krieg zwischen Russland und der Ukraine in vier Jahren gewandelt?,2026-02-24
todeszone,limiting height speed envelope,Vom klassischen Bodenkampf bis zum Überleben in verbunkerten Stellungen innerhalb der Todeszone - unter permanenter Drohnenüberwachung. Wie hat sich der Krieg zwischen Russland und der Ukraine in vier Jahren gewandelt?,2026-02-24
gewandelt,transformed,Vom klassischen Bodenkampf bis zum Überleben in verbunkerten Stellungen innerhalb der Todeszone - unter permanenter Drohnenüberwachung. Wie hat sich der Krieg zwischen Russland und der Ukraine in vier Jahren gewandelt?,2026-02-24
mediziner,Medics,"Jeder achte Mediziner in Deutschland hat keinen deutschen Pass, jeder vierte ist ein Zuwanderer. Es stellt sich die Frage: Wie stünde das Gesundheitssystem ohne medizinisches Personal aus dem Ausland da?",2026-02-24
deutschen,of   the,"Jeder achte Mediziner in Deutschland hat keinen deutschen Pass, jeder vierte ist ein Zuwanderer. Es stellt sich die Frage: Wie stünde das Gesundheitssystem ohne medizinisches Personal aus dem Ausland da?",2026-02-24
brasilien,BRAZIL,Am Obersten Bundesgericht in Brasilien müssen sich Verantwortliche eines Bergbaukonzerns und einer TÜV-Süd-Tochter wegen Mordes und Umweltverbrechen verantworten. Auch die deutsche Justiz befasst sich mit dem Fall.,2026-02-24
jahrestag,Anniversary,Nach dem Urteil des Supreme Courts zur Zollpolitik des US-Präsidenten geht der Logistikkonzern FedEx vor Gericht. Die Ukraine erinnert an den vierten Jahrestag der russischen Invasion. Das Wichtigste in Kürze.,2026-02-24
tausenden,thousands,"Wegen seines blutigen ""Krieges gegen die Drogen“ mit tausenden Toten muss sich der philippinische Ex-Präsident wohl in Den Haag verantworten. Doch das heißt nicht, dass sein Heimatland nun andere Wege geht.",2026-02-24
präsident,Президент,"Wegen seines blutigen ""Krieges gegen die Drogen“ mit tausenden Toten muss sich der philippinische Ex-Präsident wohl in Den Haag verantworten. Doch das heißt nicht, dass sein Heimatland nun andere Wege geht.",2026-02-24
verändert,changed,Island ist NATO-Mitglied und in europäische Strukturen integriert. Von einem EU-Beitritt wollte man allerdings lange nichts wissen. Doch die geopolitische Lage verändert sich - und zwingt auch die Isländer zum Umdenken.,2026-02-24
zunehmend,increasing,In der nordäthiopischen Region Tigray ist die Lage zunehmend angespannt. Truppenbewegungen an der Grenze zu Eritrea könnten das Ende des fragilen Friedens bedeuten. Journalisten verweigert Äthiopien den Zugang.,2026-02-24
äthiopien,ethiopia,In der nordäthiopischen Region Tigray ist die Lage zunehmend angespannt. Truppenbewegungen an der Grenze zu Eritrea könnten das Ende des fragilen Friedens bedeuten. Journalisten verweigert Äthiopien den Zugang.,2026-02-24
regierung,The Irish Government,"Mit der Tötung von ""El Mencho"" hat die mexikanische Regierung den jahrelangen Burgfrieden mit den Drogenkartellen offenbar aufgekündigt. Wer war der Drogenboss und was ist das CJNG, das Cártel Jalisco Nueva Generación?",2026-02-24
konfliktprognosen,conflict forecasts,"Konfliktprognosen mithilfe Künstlicher Intelligenz entwickeln sich rasant. Autoritäre Regime im Nahen Osten könnten weltweit zu den ersten gehören, die diese Technologie einsetzen, um Proteste im Keim zu unterbinden.",2026-02-25
bischofskonferenz,episcopal Conference,Die Zahl der Christen in Deutschland sinkt. Die Gesellschaft ist gespalten. Doch der neue Bischofskonferenz-Chef beschwört Einheit und Dialog.,2026-02-25
intelligentere,Building,"Deutschland nutzt KI bereits für eine intelligentere Produktion - mit virtuellen Fabriken, Roboterflotten und seiner neu eingeführten Industrial AI Cloud. Hilft dieser Vorsprung beim KI-Wettlauf mit den USA und China?",2026-02-25
roboterflotten,robot fleets,"Deutschland nutzt KI bereits für eine intelligentere Produktion - mit virtuellen Fabriken, Roboterflotten und seiner neu eingeführten Industrial AI Cloud. Hilft dieser Vorsprung beim KI-Wettlauf mit den USA und China?",2026-02-25
eingeführten,introduced,"Deutschland nutzt KI bereits für eine intelligentere Produktion - mit virtuellen Fabriken, Roboterflotten und seiner neu eingeführten Industrial AI Cloud. Hilft dieser Vorsprung beim KI-Wettlauf mit den USA und China?",2026-02-25
gesellschaft,company,Die Zahl der Christen in Deutschland sinkt. Die Gesellschaft ist gespalten. Doch der neue Bischofskonferenz-Chef beschwört Einheit und Dialog.,2026-02-25
künstlicher,artificial,"Konfliktprognosen mithilfe Künstlicher Intelligenz entwickeln sich rasant. Autoritäre Regime im Nahen Osten könnten weltweit zu den ersten gehören, die diese Technologie einsetzen, um Proteste im Keim zu unterbinden.",2026-02-25
intelligenz,Intelligence,"Konfliktprognosen mithilfe Künstlicher Intelligenz entwickeln sich rasant. Autoritäre Regime im Nahen Osten könnten weltweit zu den ersten gehören, die diese Technologie einsetzen, um Proteste im Keim zu unterbinden.",2026-02-25
technologie,technology,"Konfliktprognosen mithilfe Künstlicher Intelligenz entwickeln sich rasant. Autoritäre Regime im Nahen Osten könnten weltweit zu den ersten gehören, die diese Technologie einsetzen, um Proteste im Keim zu unterbinden.",2026-02-25
unterbinden,DISRUPT.,"Konfliktprognosen mithilfe Künstlicher Intelligenz entwickeln sich rasant. Autoritäre Regime im Nahen Osten könnten weltweit zu den ersten gehören, die diese Technologie einsetzen, um Proteste im Keim zu unterbinden.",2026-02-25
entwickeln,nurture,"Konfliktprognosen mithilfe Künstlicher Intelligenz entwickeln sich rasant. Autoritäre Regime im Nahen Osten könnten weltweit zu den ersten gehören, die diese Technologie einsetzen, um Proteste im Keim zu unterbinden.",2026-02-25
autoritäre,Authoritarian,"Konfliktprognosen mithilfe Künstlicher Intelligenz entwickeln sich rasant. Autoritäre Regime im Nahen Osten könnten weltweit zu den ersten gehören, die diese Technologie einsetzen, um Proteste im Keim zu unterbinden.",2026-02-25
produktion,production,"Deutschland nutzt KI bereits für eine intelligentere Produktion - mit virtuellen Fabriken, Roboterflotten und seiner neu eingeführten Industrial AI Cloud. Hilft dieser Vorsprung beim KI-Wettlauf mit den USA und China?",2026-02-25
virtuellen,virtual,"Deutschland nutzt KI bereits für eine intelligentere Produktion - mit virtuellen Fabriken, Roboterflotten und seiner neu eingeführten Industrial AI Cloud. Hilft dieser Vorsprung beim KI-Wettlauf mit den USA und China?",2026-02-25
industrial,PaintChecker,"Deutschland nutzt KI bereits für eine intelligentere Produktion - mit virtuellen Fabriken, Roboterflotten und seiner neu eingeführten Industrial AI Cloud. Hilft dieser Vorsprung beim KI-Wettlauf mit den USA und China?",2026-02-25
einsetzen,einsetzen,"Konfliktprognosen mithilfe Künstlicher Intelligenz entwickeln sich rasant. Autoritäre Regime im Nahen Osten könnten weltweit zu den ersten gehören, die diese Technologie einsetzen, um Proteste im Keim zu unterbinden.",2026-02-25
vorsprung,Protrusion,"Deutschland nutzt KI bereits für eine intelligentere Produktion - mit virtuellen Fabriken, Roboterflotten und seiner neu eingeführten Industrial AI Cloud. Hilft dieser Vorsprung beim KI-Wettlauf mit den USA und China?",2026-02-25
gespalten,Jako,Die Zahl der Christen in Deutschland sinkt. Die Gesellschaft ist gespalten. Doch der neue Bischofskonferenz-Chef beschwört Einheit und Dialog.,2026-02-25
beschwört,summons,Die Zahl der Christen in Deutschland sinkt. Die Gesellschaft ist gespalten. Doch der neue Bischofskonferenz-Chef beschwört Einheit und Dialog.,2026-02-25
mithilfe,with the help,"Konfliktprognosen mithilfe Künstlicher Intelligenz entwickeln sich rasant. Autoritäre Regime im Nahen Osten könnten weltweit zu den ersten gehören, die diese Technologie einsetzen, um Proteste im Keim zu unterbinden.",2026-02-25
weltweit,globally,"Konfliktprognosen mithilfe Künstlicher Intelligenz entwickeln sich rasant. Autoritäre Regime im Nahen Osten könnten weltweit zu den ersten gehören, die diese Technologie einsetzen, um Proteste im Keim zu unterbinden.",2026-02-25
luftverteidigungsprojekt,air defense project,"Berichten zufolge steht das deutsch-französische Luftverteidigungsprojekt FCAS kurz vor dem Scheitern. Michael Schoellhorn, CEO von Airbus Defence, erklärt der DW exklusiv, warum das Projekt umstrukturiert werden muss.",2026-02-26
täuschungsmanövern,deception manoeuvres,"Afrikaweit rekrutiert Russland Männer für den Kriegseinsatz - auch mit Täuschungsmanövern. Die Familien zuhause suchen nach Wegen, die Toten zu bergen, um sie zu beerdigen.",2026-02-26
haushaltsausschuss,Committee on Budgetary Control,Deutschlands Armee hat bald unbemannte Waffensysteme im Arsenal. Der Haushaltsausschuss des Bundestags stimmt zu - aber unter Auflagen.,2026-02-26
überschwemmungen,Flooding,"Heftige Regenfälle, Überschwemmungen und Erdrutsche: Die Auswirkungen eines Unwetters im Südosten Brasiliens sind verheerend. Zahlreiche Menschen kamen ums Leben.",2026-02-26
wirtschaftsmacht,economic power,"Bundeskanzler Friedrich Merz will die Abhängigkeiten von China vermindern, aber gleichzeitig die Beziehungen zur zweitstärksten Wirtschaftsmacht nicht gefährden. Sein Staatsbesuch in Peking ist eine Gratwanderung.",2026-02-26
medienkompetenz,Media literacy,"Mehr Medienkompetenz für Schulen - das fordern in Nordmazedonien Lehrerinnen und Lehrer genauso wie Schülerinnen und Schüler. Das Land Nordrhein-Westfalen unterstützt mit dem Projekt ""Resilienz gegen Desinformation"".",2026-02-26
abhängigkeiten,Dependencies,"Bundeskanzler Friedrich Merz will die Abhängigkeiten von China vermindern, aber gleichzeitig die Beziehungen zur zweitstärksten Wirtschaftsmacht nicht gefährden. Sein Staatsbesuch in Peking ist eine Gratwanderung.",2026-02-26
zweitstärksten,second strongest,"Bundeskanzler Friedrich Merz will die Abhängigkeiten von China vermindern, aber gleichzeitig die Beziehungen zur zweitstärksten Wirtschaftsmacht nicht gefährden. Sein Staatsbesuch in Peking ist eine Gratwanderung.",2026-02-26
nordmazedonien,North Macedonia,"Mehr Medienkompetenz für Schulen - das fordern in Nordmazedonien Lehrerinnen und Lehrer genauso wie Schülerinnen und Schüler. Das Land Nordrhein-Westfalen unterstützt mit dem Projekt ""Resilienz gegen Desinformation"".",2026-02-26
desinformation,Desinformation,"Mehr Medienkompetenz für Schulen - das fordern in Nordmazedonien Lehrerinnen und Lehrer genauso wie Schülerinnen und Schüler. Das Land Nordrhein-Westfalen unterstützt mit dem Projekt ""Resilienz gegen Desinformation"".",2026-02-26
umstrukturiert,restructured,"Berichten zufolge steht das deutsch-französische Luftverteidigungsprojekt FCAS kurz vor dem Scheitern. Michael Schoellhorn, CEO von Airbus Defence, erklärt der DW exklusiv, warum das Projekt umstrukturiert werden muss.",2026-02-26
kriegseinsatz,wartime deployment,"Afrikaweit rekrutiert Russland Männer für den Kriegseinsatz - auch mit Täuschungsmanövern. Die Familien zuhause suchen nach Wegen, die Toten zu bergen, um sie zu beerdigen.",2026-02-26
waffensysteme,Weapon Systems,Deutschlands Armee hat bald unbemannte Waffensysteme im Arsenal. Der Haushaltsausschuss des Bundestags stimmt zu - aber unter Auflagen.,2026-02-26
bundeskanzler,Federal Chancellor,"Bundeskanzler Friedrich Merz will die Abhängigkeiten von China vermindern, aber gleichzeitig die Beziehungen zur zweitstärksten Wirtschaftsmacht nicht gefährden. Sein Staatsbesuch in Peking ist eine Gratwanderung.",2026-02-26
gratwanderung,Ridge hike,"Bundeskanzler Friedrich Merz will die Abhängigkeiten von China vermindern, aber gleichzeitig die Beziehungen zur zweitstärksten Wirtschaftsmacht nicht gefährden. Sein Staatsbesuch in Peking ist eine Gratwanderung.",2026-02-26
turnierbeginn,Tournament starts,Die Fragezeichen zur Sicherheit in Mexiko werden mit Blick auf die Fußball-WM 2026 immer größer. Auch der DFB sorgt sich rund 100 Tage vor Turnierbeginn angesichts der Eskalation der Gewalt.,2026-02-26
ukrainischen,ukrainian,Nach der russischen Ukraine-Invasion 2022 schloss sich DW-Journalist Kostiantyn Honcharov der ukrainischen Armee an. Seitdem kämpft er an der Front. Hier ist sein persönlicher Bericht zum vierten Jahrestag des Krieges.,2026-02-26
persönlicher,personal viewing,Nach der russischen Ukraine-Invasion 2022 schloss sich DW-Journalist Kostiantyn Honcharov der ukrainischen Armee an. Seitdem kämpft er an der Front. Hier ist sein persönlicher Bericht zum vierten Jahrestag des Krieges.,2026-02-26
deutschlands,germany's,Deutschlands Armee hat bald unbemannte Waffensysteme im Arsenal. Der Haushaltsausschuss des Bundestags stimmt zu - aber unter Auflagen.,2026-02-26
auswirkungen,Impacts,"Heftige Regenfälle, Überschwemmungen und Erdrutsche: Die Auswirkungen eines Unwetters im Südosten Brasiliens sind verheerend. Zahlreiche Menschen kamen ums Leben.",2026-02-26
achtelfinale,Round of 16,Bayer 04 Leverkusen rettet im Rückspiel der Champions-League-Playoffs gegen Olympiakos Piräus seinen Vorsprung aus dem Hinspiel und steht im Achtelfinale. Underdog Bodö/Glimt aus Norwegen lässt weiter aufhorchen.,2026-02-26
gleichzeitig,at the same time,"Bundeskanzler Friedrich Merz will die Abhängigkeiten von China vermindern, aber gleichzeitig die Beziehungen zur zweitstärksten Wirtschaftsmacht nicht gefährden. Sein Staatsbesuch in Peking ist eine Gratwanderung.",2026-02-26
staatsbesuch,State visit,"Bundeskanzler Friedrich Merz will die Abhängigkeiten von China vermindern, aber gleichzeitig die Beziehungen zur zweitstärksten Wirtschaftsmacht nicht gefährden. Sein Staatsbesuch in Peking ist eine Gratwanderung.",2026-02-26
schülerinnen,pupils,"Mehr Medienkompetenz für Schulen - das fordern in Nordmazedonien Lehrerinnen und Lehrer genauso wie Schülerinnen und Schüler. Das Land Nordrhein-Westfalen unterstützt mit dem Projekt ""Resilienz gegen Desinformation"".",2026-02-26
fragezeichen,Question mark,Die Fragezeichen zur Sicherheit in Mexiko werden mit Blick auf die Fußball-WM 2026 immer größer. Auch der DFB sorgt sich rund 100 Tage vor Turnierbeginn angesichts der Eskalation der Gewalt.,2026-02-26
französische,frans,"Berichten zufolge steht das deutsch-französische Luftverteidigungsprojekt FCAS kurz vor dem Scheitern. Michael Schoellhorn, CEO von Airbus Defence, erklärt der DW exklusiv, warum das Projekt umstrukturiert werden muss.",2026-02-26
beziehungen,government,"Bundeskanzler Friedrich Merz will die Abhängigkeiten von China vermindern, aber gleichzeitig die Beziehungen zur zweitstärksten Wirtschaftsmacht nicht gefährden. Sein Staatsbesuch in Peking ist eine Gratwanderung.",2026-02-26
lehrerinnen,Teachers,"Mehr Medienkompetenz für Schulen - das fordern in Nordmazedonien Lehrerinnen und Lehrer genauso wie Schülerinnen und Schüler. Das Land Nordrhein-Westfalen unterstützt mit dem Projekt ""Resilienz gegen Desinformation"".",2026-02-26
unterstützt,years,"Mehr Medienkompetenz für Schulen - das fordern in Nordmazedonien Lehrerinnen und Lehrer genauso wie Schülerinnen und Schüler. Das Land Nordrhein-Westfalen unterstützt mit dem Projekt ""Resilienz gegen Desinformation"".",2026-02-26
schoellhorn,Schoellhorn,"Berichten zufolge steht das deutsch-französische Luftverteidigungsprojekt FCAS kurz vor dem Scheitern. Michael Schoellhorn, CEO von Airbus Defence, erklärt der DW exklusiv, warum das Projekt umstrukturiert werden muss.",2026-02-26
afrikaweit,africa-wide,"Afrikaweit rekrutiert Russland Männer für den Kriegseinsatz - auch mit Täuschungsmanövern. Die Familien zuhause suchen nach Wegen, die Toten zu bergen, um sie zu beerdigen.",2026-02-26
rekrutiert,Recruited,"Afrikaweit rekrutiert Russland Männer für den Kriegseinsatz - auch mit Täuschungsmanövern. Die Familien zuhause suchen nach Wegen, die Toten zu bergen, um sie zu beerdigen.",2026-02-26
journalist,Journalist,Nach der russischen Ukraine-Invasion 2022 schloss sich DW-Journalist Kostiantyn Honcharov der ukrainischen Armee an. Seitdem kämpft er an der Front. Hier ist sein persönlicher Bericht zum vierten Jahrestag des Krieges.,2026-02-26
kostiantyn,kostiantyn,Nach der russischen Ukraine-Invasion 2022 schloss sich DW-Journalist Kostiantyn Honcharov der ukrainischen Armee an. Seitdem kämpft er an der Front. Hier ist sein persönlicher Bericht zum vierten Jahrestag des Krieges.,2026-02-26
unbemannte,unmanned,Deutschlands Armee hat bald unbemannte Waffensysteme im Arsenal. Der Haushaltsausschuss des Bundestags stimmt zu - aber unter Auflagen.,2026-02-26
bundestags,bundestags,Deutschlands Armee hat bald unbemannte Waffensysteme im Arsenal. Der Haushaltsausschuss des Bundestags stimmt zu - aber unter Auflagen.,2026-02-26
regenfälle,rainfall,"Heftige Regenfälle, Überschwemmungen und Erdrutsche: Die Auswirkungen eines Unwetters im Südosten Brasiliens sind verheerend. Zahlreiche Menschen kamen ums Leben.",2026-02-26
erdrutsche,Landslides,"Heftige Regenfälle, Überschwemmungen und Erdrutsche: Die Auswirkungen eines Unwetters im Südosten Brasiliens sind verheerend. Zahlreiche Menschen kamen ums Leben.",2026-02-26
brasiliens,brazil,"Heftige Regenfälle, Überschwemmungen und Erdrutsche: Die Auswirkungen eines Unwetters im Südosten Brasiliens sind verheerend. Zahlreiche Menschen kamen ums Leben.",2026-02-26
verheerend,devastating,"Heftige Regenfälle, Überschwemmungen und Erdrutsche: Die Auswirkungen eines Unwetters im Südosten Brasiliens sind verheerend. Zahlreiche Menschen kamen ums Leben.",2026-02-26
zahlreiche,Numerous,"Heftige Regenfälle, Überschwemmungen und Erdrutsche: Die Auswirkungen eines Unwetters im Südosten Brasiliens sind verheerend. Zahlreiche Menschen kamen ums Leben.",2026-02-26
leverkusen,Leverkusen,Bayer 04 Leverkusen rettet im Rückspiel der Champions-League-Playoffs gegen Olympiakos Piräus seinen Vorsprung aus dem Hinspiel und steht im Achtelfinale. Underdog Bodö/Glimt aus Norwegen lässt weiter aufhorchen.,2026-02-26
olympiakos,olympiakos,Bayer 04 Leverkusen rettet im Rückspiel der Champions-League-Playoffs gegen Olympiakos Piräus seinen Vorsprung aus dem Hinspiel und steht im Achtelfinale. Underdog Bodö/Glimt aus Norwegen lässt weiter aufhorchen.,2026-02-26
aufhorchen,listen up,Bayer 04 Leverkusen rettet im Rückspiel der Champions-League-Playoffs gegen Olympiakos Piräus seinen Vorsprung aus dem Hinspiel und steht im Achtelfinale. Underdog Bodö/Glimt aus Norwegen lässt weiter aufhorchen.,2026-02-26
vermindern,Nifedipine can lower the chance of conception.,"Bundeskanzler Friedrich Merz will die Abhängigkeiten von China vermindern, aber gleichzeitig die Beziehungen zur zweitstärksten Wirtschaftsmacht nicht gefährden. Sein Staatsbesuch in Peking ist eine Gratwanderung.",2026-02-26
schwierige,DIFFICULT,"Bundeskanzler Merz führt schwierige Gespräche in China. Präsident Trump spricht in seiner Rede zur Lage der Nation von einem ""goldenen Zeitalter"" der USA. Das Wichtigste in Kürze.",2026-02-26
sicherheit,reliability,Die Fragezeichen zur Sicherheit in Mexiko werden mit Blick auf die Fußball-WM 2026 immer größer. Auch der DFB sorgt sich rund 100 Tage vor Turnierbeginn angesichts der Eskalation der Gewalt.,2026-02-26
angesichts,in the face of,Die Fragezeichen zur Sicherheit in Mexiko werden mit Blick auf die Fußball-WM 2026 immer größer. Auch der DFB sorgt sich rund 100 Tage vor Turnierbeginn angesichts der Eskalation der Gewalt.,2026-02-26
eskalation,Escalation,Die Fragezeichen zur Sicherheit in Mexiko werden mit Blick auf die Fußball-WM 2026 immer größer. Auch der DFB sorgt sich rund 100 Tage vor Turnierbeginn angesichts der Eskalation der Gewalt.,2026-02-26
beerdigen,bury,"Afrikaweit rekrutiert Russland Männer für den Kriegseinsatz - auch mit Täuschungsmanövern. Die Familien zuhause suchen nach Wegen, die Toten zu bergen, um sie zu beerdigen.",2026-02-26
honcharov,honcharov,Nach der russischen Ukraine-Invasion 2022 schloss sich DW-Journalist Kostiantyn Honcharov der ukrainischen Armee an. Seitdem kämpft er an der Front. Hier ist sein persönlicher Bericht zum vierten Jahrestag des Krieges.,2026-02-26
unwetters,weather,"Heftige Regenfälle, Überschwemmungen und Erdrutsche: Die Auswirkungen eines Unwetters im Südosten Brasiliens sind verheerend. Zahlreiche Menschen kamen ums Leben.",2026-02-26
rückspiel,SECOND LEG,Bayer 04 Leverkusen rettet im Rückspiel der Champions-League-Playoffs gegen Olympiakos Piräus seinen Vorsprung aus dem Hinspiel und steht im Achtelfinale. Underdog Bodö/Glimt aus Norwegen lässt weiter aufhorchen.,2026-02-26
champions,Champions,Bayer 04 Leverkusen rettet im Rückspiel der Champions-League-Playoffs gegen Olympiakos Piräus seinen Vorsprung aus dem Hinspiel und steht im Achtelfinale. Underdog Bodö/Glimt aus Norwegen lässt weiter aufhorchen.,2026-02-26
friedrich,Friedrich,"Bundeskanzler Friedrich Merz will die Abhängigkeiten von China vermindern, aber gleichzeitig die Beziehungen zur zweitstärksten Wirtschaftsmacht nicht gefährden. Sein Staatsbesuch in Peking ist eine Gratwanderung.",2026-02-26
gefährden,Fair Trade.,"Bundeskanzler Friedrich Merz will die Abhängigkeiten von China vermindern, aber gleichzeitig die Beziehungen zur zweitstärksten Wirtschaftsmacht nicht gefährden. Sein Staatsbesuch in Peking ist eine Gratwanderung.",2026-02-26
gesprächsbereitschaft,willingness to talk,"Unter massiver militärischer Drohkulisse ringen die USA und der Iran in Genf um einen Ausweg aus dem Atomstreit. Beide Seiten signalisieren Gesprächsbereitschaft, doch zentrale Konfliktpunkte bleiben ungelöst.",2026-02-27
unverhältnismäßige,disproportionate,"Weil dem unabhängigen Sender Klubrádió in Ungarn die Frequenz entzogen wurde, musste er 2021 sein UKW-Programm einstellen. Der EuGH sieht darin eine unverhältnismäßige Entscheidung der Behörden.",2026-02-27
sichergestellten,secured,Havanna spricht von einer vereitelten Terroroperation und sichergestellten Waffen. Washington prüft den Vorfall. Der tödliche Zwischenfall ereignete sich kurz nach der teilweisen Lockerung der US-Ölblockade gegen Kuba.,2026-02-27
terroroperation,terror operation,Havanna spricht von einer vereitelten Terroroperation und sichergestellten Waffen. Washington prüft den Vorfall. Der tödliche Zwischenfall ereignete sich kurz nach der teilweisen Lockerung der US-Ölblockade gegen Kuba.,2026-02-27
oppositionellen,oppositional,Umfragen sagen einen Wahlsieg der oppositionellen Tisza-Partei voraus - die Lage für Viktor Orban ist ernst. Nun warnt der Premier vor ukrainischen Angriffen und beordert die Armee zu Energieanlagen. Was steckt dahinter?,2026-02-27
konfliktpunkte,Points of conflict,"Unter massiver militärischer Drohkulisse ringen die USA und der Iran in Genf um einen Ausweg aus dem Atomstreit. Beide Seiten signalisieren Gesprächsbereitschaft, doch zentrale Konfliktpunkte bleiben ungelöst.",2026-02-27
energieanlagen,Energy systems,Umfragen sagen einen Wahlsieg der oppositionellen Tisza-Partei voraus - die Lage für Viktor Orban ist ernst. Nun warnt der Premier vor ukrainischen Angriffen und beordert die Armee zu Energieanlagen. Was steckt dahinter?,2026-02-27
außenminister,Minister of Foreign Affairs,"Eine beispiellose Öl-Blockade bringt Kuba an den Rand des Kollapses. Mittendrin: US-Außenminister Marco Rubio, der die Insel in die Knie zwingen will. Nun sorgt ein tödlicher Vorfall auf See für neue Spannungen.",2026-02-27
militärischer,military,"Unter massiver militärischer Drohkulisse ringen die USA und der Iran in Genf um einen Ausweg aus dem Atomstreit. Beide Seiten signalisieren Gesprächsbereitschaft, doch zentrale Konfliktpunkte bleiben ungelöst.",2026-02-27
signalisieren,.,"Unter massiver militärischer Drohkulisse ringen die USA und der Iran in Genf um einen Ausweg aus dem Atomstreit. Beide Seiten signalisieren Gesprächsbereitschaft, doch zentrale Konfliktpunkte bleiben ungelöst.",2026-02-27
grenzschützer,border guards,Im Konflikt um Irans Atomprogramm verhandeln Unterhändler wieder in Genf indirekt mit den USA. Kubanische Grenzschützer liefern sich vor der Küste einen tödlichen Schusswechsel mit Angreifern. Das Wichtigste in Kürze.,2026-02-27
schusswechsel,exchange of gunfire,Im Konflikt um Irans Atomprogramm verhandeln Unterhändler wieder in Genf indirekt mit den USA. Kubanische Grenzschützer liefern sich vor der Küste einen tödlichen Schusswechsel mit Angreifern. Das Wichtigste in Kürze.,2026-02-27
beispiellose,unprecedented,"Eine beispiellose Öl-Blockade bringt Kuba an den Rand des Kollapses. Mittendrin: US-Außenminister Marco Rubio, der die Insel in die Knie zwingen will. Nun sorgt ein tödlicher Vorfall auf See für neue Spannungen.",2026-02-27
zwischenfall,Incident,Havanna spricht von einer vereitelten Terroroperation und sichergestellten Waffen. Washington prüft den Vorfall. Der tödliche Zwischenfall ereignete sich kurz nach der teilweisen Lockerung der US-Ölblockade gegen Kuba.,2026-02-27
palastanlage,palace complex,Bundeskanzler Friedrich Merz (CDU) hat seine China-Reise mit einem Abstecher in die Hightech-Metropole Hangzhou beendet. Zuvor stand noch eine Palastanlage im Zentrum Pekings auf dem Programm.,2026-02-27
unabhängigen,independent,"Weil dem unabhängigen Sender Klubrádió in Ungarn die Frequenz entzogen wurde, musste er 2021 sein UKW-Programm einstellen. Der EuGH sieht darin eine unverhältnismäßige Entscheidung der Behörden.",2026-02-27
entscheidung,Decision,"Weil dem unabhängigen Sender Klubrádió in Ungarn die Frequenz entzogen wurde, musste er 2021 sein UKW-Programm einstellen. Der EuGH sieht darin eine unverhältnismäßige Entscheidung der Behörden.",2026-02-27
atomprogramm,nuclear program,Im Konflikt um Irans Atomprogramm verhandeln Unterhändler wieder in Genf indirekt mit den USA. Kubanische Grenzschützer liefern sich vor der Küste einen tödlichen Schusswechsel mit Angreifern. Das Wichtigste in Kürze.,2026-02-27
unterhändler,Negotiator,Im Konflikt um Irans Atomprogramm verhandeln Unterhändler wieder in Genf indirekt mit den USA. Kubanische Grenzschützer liefern sich vor der Küste einen tödlichen Schusswechsel mit Angreifern. Das Wichtigste in Kürze.,2026-02-27
benachbarten,adjacent,"Der Tschad will sich vor Kämpfen im benachbarten Sudan schützen - und unterstützt gleichzeitig eine Kriegspartei. Das sorgt auch im eigenen Land für Probleme. Doch jetzt gibt es Anzeichen, dass sich der Kurs ändert.",2026-02-27
kriegspartei,war party,"Der Tschad will sich vor Kämpfen im benachbarten Sudan schützen - und unterstützt gleichzeitig eine Kriegspartei. Das sorgt auch im eigenen Land für Probleme. Doch jetzt gibt es Anzeichen, dass sich der Kurs ändert.",2026-02-27
vereitelten,thwarted,Havanna spricht von einer vereitelten Terroroperation und sichergestellten Waffen. Washington prüft den Vorfall. Der tödliche Zwischenfall ereignete sich kurz nach der teilweisen Lockerung der US-Ölblockade gegen Kuba.,2026-02-27
drohkulisse,threatening backdrop,"Unter massiver militärischer Drohkulisse ringen die USA und der Iran in Genf um einen Ausweg aus dem Atomstreit. Beide Seiten signalisieren Gesprächsbereitschaft, doch zentrale Konfliktpunkte bleiben ungelöst.",2026-02-27
mittendrin,In the midst of things,"Eine beispiellose Öl-Blockade bringt Kuba an den Rand des Kollapses. Mittendrin: US-Außenminister Marco Rubio, der die Insel in die Knie zwingen will. Nun sorgt ein tödlicher Vorfall auf See für neue Spannungen.",2026-02-27
spannungen,Voltages,"Eine beispiellose Öl-Blockade bringt Kuba an den Rand des Kollapses. Mittendrin: US-Außenminister Marco Rubio, der die Insel in die Knie zwingen will. Nun sorgt ein tödlicher Vorfall auf See für neue Spannungen.",2026-02-27
washington,search.label.refinement.fitID.washington=washington,Havanna spricht von einer vereitelten Terroroperation und sichergestellten Waffen. Washington prüft den Vorfall. Der tödliche Zwischenfall ereignete sich kurz nach der teilweisen Lockerung der US-Ölblockade gegen Kuba.,2026-02-27
teilweisen,partial,Havanna spricht von einer vereitelten Terroroperation und sichergestellten Waffen. Washington prüft den Vorfall. Der tödliche Zwischenfall ereignete sich kurz nach der teilweisen Lockerung der US-Ölblockade gegen Kuba.,2026-02-27
ölblockade,oil blockage,Havanna spricht von einer vereitelten Terroroperation und sichergestellten Waffen. Washington prüft den Vorfall. Der tödliche Zwischenfall ereignete sich kurz nach der teilweisen Lockerung der US-Ölblockade gegen Kuba.,2026-02-27
atomstreit,nuclear dispute,"Unter massiver militärischer Drohkulisse ringen die USA und der Iran in Genf um einen Ausweg aus dem Atomstreit. Beide Seiten signalisieren Gesprächsbereitschaft, doch zentrale Konfliktpunkte bleiben ungelöst.",2026-02-27
einstellen,Set,"Weil dem unabhängigen Sender Klubrádió in Ungarn die Frequenz entzogen wurde, musste er 2021 sein UKW-Programm einstellen. Der EuGH sieht darin eine unverhältnismäßige Entscheidung der Behörden.",2026-02-27
verhandeln,do they negotiate ?,Im Konflikt um Irans Atomprogramm verhandeln Unterhändler wieder in Genf indirekt mit den USA. Kubanische Grenzschützer liefern sich vor der Küste einen tödlichen Schusswechsel mit Angreifern. Das Wichtigste in Kürze.,2026-02-27
kubanische,cuban,Im Konflikt um Irans Atomprogramm verhandeln Unterhändler wieder in Genf indirekt mit den USA. Kubanische Grenzschützer liefern sich vor der Küste einen tödlichen Schusswechsel mit Angreifern. Das Wichtigste in Kürze.,2026-02-27
angreifern,attack,Im Konflikt um Irans Atomprogramm verhandeln Unterhändler wieder in Genf indirekt mit den USA. Kubanische Grenzschützer liefern sich vor der Küste einen tödlichen Schusswechsel mit Angreifern. Das Wichtigste in Kürze.,2026-02-27
frankreich,France,"Eine französische Richterin hat publik gemacht, wie US-Gesandte Druck auf sie ausübten. Die Episode zeige, wie sehr Frankreich im Visier von Trumps MAGA-Bewegung stehe, so Experten.",2026-02-27
kollapses,collapses,"Eine beispiellose Öl-Blockade bringt Kuba an den Rand des Kollapses. Mittendrin: US-Außenminister Marco Rubio, der die Insel in die Knie zwingen will. Nun sorgt ein tödlicher Vorfall auf See für neue Spannungen.",2026-02-27
tödlicher,deadly,"Eine beispiellose Öl-Blockade bringt Kuba an den Rand des Kollapses. Mittendrin: US-Außenminister Marco Rubio, der die Insel in die Knie zwingen will. Nun sorgt ein tödlicher Vorfall auf See für neue Spannungen.",2026-02-27
ereignete,occurred,Havanna spricht von einer vereitelten Terroroperation und sichergestellten Waffen. Washington prüft den Vorfall. Der tödliche Zwischenfall ereignete sich kurz nach der teilweisen Lockerung der US-Ölblockade gegen Kuba.,2026-02-27
lockerung,Easing,Havanna spricht von einer vereitelten Terroroperation und sichergestellten Waffen. Washington prüft den Vorfall. Der tödliche Zwischenfall ereignete sich kurz nach der teilweisen Lockerung der US-Ölblockade gegen Kuba.,2026-02-27
abstecher,alternating ...,Bundeskanzler Friedrich Merz (CDU) hat seine China-Reise mit einem Abstecher in die Hightech-Metropole Hangzhou beendet. Zuvor stand noch eine Palastanlage im Zentrum Pekings auf dem Programm.,2026-02-27
metropole,Metropolis,Bundeskanzler Friedrich Merz (CDU) hat seine China-Reise mit einem Abstecher in die Hightech-Metropole Hangzhou beendet. Zuvor stand noch eine Palastanlage im Zentrum Pekings auf dem Programm.,2026-02-27
tödlichen,deadly,Im Konflikt um Irans Atomprogramm verhandeln Unterhändler wieder in Genf indirekt mit den USA. Kubanische Grenzschützer liefern sich vor der Küste einen tödlichen Schusswechsel mit Angreifern. Das Wichtigste in Kürze.,2026-02-27
anzeichen,SIGNS,"Der Tschad will sich vor Kämpfen im benachbarten Sudan schützen - und unterstützt gleichzeitig eine Kriegspartei. Das sorgt auch im eigenen Land für Probleme. Doch jetzt gibt es Anzeichen, dass sich der Kurs ändert.",2026-02-27
angriffen,attacks,Umfragen sagen einen Wahlsieg der oppositionellen Tisza-Partei voraus - die Lage für Viktor Orban ist ernst. Nun warnt der Premier vor ukrainischen Angriffen und beordert die Armee zu Energieanlagen. Was steckt dahinter?,2026-02-27
richterin,Judge,"Eine französische Richterin hat publik gemacht, wie US-Gesandte Druck auf sie ausübten. Die Episode zeige, wie sehr Frankreich im Visier von Trumps MAGA-Bewegung stehe, so Experten.",2026-02-27
blockade,Blockage,"Eine beispiellose Öl-Blockade bringt Kuba an den Rand des Kollapses. Mittendrin: US-Außenminister Marco Rubio, der die Insel in die Knie zwingen will. Nun sorgt ein tödlicher Vorfall auf See für neue Spannungen.",2026-02-27
tödliche,Fatal,Havanna spricht von einer vereitelten Terroroperation und sichergestellten Waffen. Washington prüft den Vorfall. Der tödliche Zwischenfall ereignete sich kurz nach der teilweisen Lockerung der US-Ölblockade gegen Kuba.,2026-02-27
massiver,more massive,"Unter massiver militärischer Drohkulisse ringen die USA und der Iran in Genf um einen Ausweg aus dem Atomstreit. Beide Seiten signalisieren Gesprächsbereitschaft, doch zentrale Konfliktpunkte bleiben ungelöst.",2026-02-27
zentrale,Centre,"Unter massiver militärischer Drohkulisse ringen die USA und der Iran in Genf um einen Ausweg aus dem Atomstreit. Beide Seiten signalisieren Gesprächsbereitschaft, doch zentrale Konfliktpunkte bleiben ungelöst.",2026-02-27
verbrechensbekämpfung,combating crime,"Der von Präsident Cyril Ramaphosa angekündigte Plan, das Militär zur Verbrechensbekämpfung einzusetzen, hat bei den Südafrikanern gemischte Reaktionen hervorgerufen. Analysten fordern Reformen.",2026-02-28
internationalen,recommendations,Die Ukraine erhält weitere Finanzhilfen des Internationalen Währungsfonds. Präsident Selenskyj telefonierte unterdessen vor dem Hintergrund des Streits um die Druschba-Pipeline mit dem slowakischen Regierungschef Fico.,2026-02-28
streitigkeiten,Disputes,"Afghanistans Taliban greifen Posten an der Grenze zu Pakistan an, Pakistans Luftwaffe bombardiert Ziele in Kabul: Der Konflikt zwischen beiden Staaten eskaliert. Dabei schwelen die Streitigkeiten schon lange.",2026-02-28
regierungschef,Head of government,Die Ukraine erhält weitere Finanzhilfen des Internationalen Währungsfonds. Präsident Selenskyj telefonierte unterdessen vor dem Hintergrund des Streits um die Druschba-Pipeline mit dem slowakischen Regierungschef Fico.,2026-02-28
verschärfungen,tightening,Für Asylbewerber in Deutschland gelten bald neue Regeln. Der Bundestag hat die von der EU initiierten Verschärfungen beschlossen. Wie wird die Reform hierzulande umgesetzt und was soll damit erreicht werden?,2026-02-28
belutschistan,baluchistan,Separatisten haben in Pakistans Provinz Belutschistan mehr als zwölf Orte gleichzeitig angegriffen. Dabei starben mindestens 190 Menschen. Die Lage bleibt laut Behörden weiter angespannt.,2026-02-28
südafrikanern,south Africans,"Der von Präsident Cyril Ramaphosa angekündigte Plan, das Militär zur Verbrechensbekämpfung einzusetzen, hat bei den Südafrikanern gemischte Reaktionen hervorgerufen. Analysten fordern Reformen.",2026-02-28
hervorgerufen,riers.,"Der von Präsident Cyril Ramaphosa angekündigte Plan, das Militär zur Verbrechensbekämpfung einzusetzen, hat bei den Südafrikanern gemischte Reaktionen hervorgerufen. Analysten fordern Reformen.",2026-02-28
angekündigten,announced,Eigentlich sollte das Städtchen Sines in Portugal grünen Wasserstoff für Europa produzieren. Doch daraus wird erst einmal nichts. Die groß angekündigten Projekte sind geschrumpft und verspäten sich.,2026-02-28
währungsfonds,monetary fund,Die Ukraine erhält weitere Finanzhilfen des Internationalen Währungsfonds. Präsident Selenskyj telefonierte unterdessen vor dem Hintergrund des Streits um die Druschba-Pipeline mit dem slowakischen Regierungschef Fico.,2026-02-28
afghanistans,afghanistan's,"Afghanistans Taliban greifen Posten an der Grenze zu Pakistan an, Pakistans Luftwaffe bombardiert Ziele in Kabul: Der Konflikt zwischen beiden Staaten eskaliert. Dabei schwelen die Streitigkeiten schon lange.",2026-02-28
separatisten,separatists,Separatisten haben in Pakistans Provinz Belutschistan mehr als zwölf Orte gleichzeitig angegriffen. Dabei starben mindestens 190 Menschen. Die Lage bleibt laut Behörden weiter angespannt.,2026-02-28
angekündigte,announced,"Der von Präsident Cyril Ramaphosa angekündigte Plan, das Militär zur Verbrechensbekämpfung einzusetzen, hat bei den Südafrikanern gemischte Reaktionen hervorgerufen. Analysten fordern Reformen.",2026-02-28
finanzhilfen,GRANTS,Die Ukraine erhält weitere Finanzhilfen des Internationalen Währungsfonds. Präsident Selenskyj telefonierte unterdessen vor dem Hintergrund des Streits um die Druschba-Pipeline mit dem slowakischen Regierungschef Fico.,2026-02-28
telefonierte,telephoned,Die Ukraine erhält weitere Finanzhilfen des Internationalen Währungsfonds. Präsident Selenskyj telefonierte unterdessen vor dem Hintergrund des Streits um die Druschba-Pipeline mit dem slowakischen Regierungschef Fico.,2026-02-28
slowakischen,slovak,Die Ukraine erhält weitere Finanzhilfen des Internationalen Währungsfonds. Präsident Selenskyj telefonierte unterdessen vor dem Hintergrund des Streits um die Druschba-Pipeline mit dem slowakischen Regierungschef Fico.,2026-02-28
asylbewerber,Asylbewerber,Für Asylbewerber in Deutschland gelten bald neue Regeln. Der Bundestag hat die von der EU initiierten Verschärfungen beschlossen. Wie wird die Reform hierzulande umgesetzt und was soll damit erreicht werden?,2026-02-28
waffengewalt,Gun violence,"Die Bundeswehr darf künftig in Deutschland verdächtige Drohnen vom Himmel holen - auch mit Waffengewalt. Pakistan verkündet einen ""offenen Krieg"" gegen die Taliban. Das Wichtigste in Kürze.",2026-02-28
bombardiert,(e-smog).,"Afghanistans Taliban greifen Posten an der Grenze zu Pakistan an, Pakistans Luftwaffe bombardiert Ziele in Kabul: Der Konflikt zwischen beiden Staaten eskaliert. Dabei schwelen die Streitigkeiten schon lange.",2026-02-28
angegriffen,12.,Separatisten haben in Pakistans Provinz Belutschistan mehr als zwölf Orte gleichzeitig angegriffen. Dabei starben mindestens 190 Menschen. Die Lage bleibt laut Behörden weiter angespannt.,2026-02-28
einzusetzen,efficiently,"Der von Präsident Cyril Ramaphosa angekündigte Plan, das Militär zur Verbrechensbekämpfung einzusetzen, hat bei den Südafrikanern gemischte Reaktionen hervorgerufen. Analysten fordern Reformen.",2026-02-28
wasserstoff,Hydrogen,Eigentlich sollte das Städtchen Sines in Portugal grünen Wasserstoff für Europa produzieren. Doch daraus wird erst einmal nichts. Die groß angekündigten Projekte sind geschrumpft und verspäten sich.,2026-02-28
produzieren,produce,Eigentlich sollte das Städtchen Sines in Portugal grünen Wasserstoff für Europa produzieren. Doch daraus wird erst einmal nichts. Die groß angekündigten Projekte sind geschrumpft und verspäten sich.,2026-02-28
geschrumpft,shrunk,Eigentlich sollte das Städtchen Sines in Portugal grünen Wasserstoff für Europa produzieren. Doch daraus wird erst einmal nichts. Die groß angekündigten Projekte sind geschrumpft und verspäten sich.,2026-02-28
unterdessen,meanwhile,Die Ukraine erhält weitere Finanzhilfen des Internationalen Währungsfonds. Präsident Selenskyj telefonierte unterdessen vor dem Hintergrund des Streits um die Druschba-Pipeline mit dem slowakischen Regierungschef Fico.,2026-02-28
hintergrund,background,Die Ukraine erhält weitere Finanzhilfen des Internationalen Währungsfonds. Präsident Selenskyj telefonierte unterdessen vor dem Hintergrund des Streits um die Druschba-Pipeline mit dem slowakischen Regierungschef Fico.,2026-02-28
initiierten,initiated,Für Asylbewerber in Deutschland gelten bald neue Regeln. Der Bundestag hat die von der EU initiierten Verschärfungen beschlossen. Wie wird die Reform hierzulande umgesetzt und was soll damit erreicht werden?,2026-02-28
beschlossen,.,Für Asylbewerber in Deutschland gelten bald neue Regeln. Der Bundestag hat die von der EU initiierten Verschärfungen beschlossen. Wie wird die Reform hierzulande umgesetzt und was soll damit erreicht werden?,2026-02-28
hierzulande,in this country,Für Asylbewerber in Deutschland gelten bald neue Regeln. Der Bundestag hat die von der EU initiierten Verschärfungen beschlossen. Wie wird die Reform hierzulande umgesetzt und was soll damit erreicht werden?,2026-02-28
verdächtige,Suspicious,"Die Bundeswehr darf künftig in Deutschland verdächtige Drohnen vom Himmel holen - auch mit Waffengewalt. Pakistan verkündet einen ""offenen Krieg"" gegen die Taliban. Das Wichtigste in Kürze.",2026-02-28
mindestens,at least,Separatisten haben in Pakistans Provinz Belutschistan mehr als zwölf Orte gleichzeitig angegriffen. Dabei starben mindestens 190 Menschen. Die Lage bleibt laut Behörden weiter angespannt.,2026-02-28
reaktionen,Reactions,"Der von Präsident Cyril Ramaphosa angekündigte Plan, das Militär zur Verbrechensbekämpfung einzusetzen, hat bei den Südafrikanern gemischte Reaktionen hervorgerufen. Analysten fordern Reformen.",2026-02-28
bundeswehr,BUNDESWEHR (German armed forces),"Die Bundeswehr darf künftig in Deutschland verdächtige Drohnen vom Himmel holen - auch mit Waffengewalt. Pakistan verkündet einen ""offenen Krieg"" gegen die Taliban. Das Wichtigste in Kürze.",2026-02-28
pakistans,pakistani,"Afghanistans Taliban greifen Posten an der Grenze zu Pakistan an, Pakistans Luftwaffe bombardiert Ziele in Kabul: Der Konflikt zwischen beiden Staaten eskaliert. Dabei schwelen die Streitigkeiten schon lange.",2026-02-28
luftwaffe,Air Force,"Afghanistans Taliban greifen Posten an der Grenze zu Pakistan an, Pakistans Luftwaffe bombardiert Ziele in Kabul: Der Konflikt zwischen beiden Staaten eskaliert. Dabei schwelen die Streitigkeiten schon lange.",2026-02-28
eskaliert,situation is escalating.,"Afghanistans Taliban greifen Posten an der Grenze zu Pakistan an, Pakistans Luftwaffe bombardiert Ziele in Kabul: Der Konflikt zwischen beiden Staaten eskaliert. Dabei schwelen die Streitigkeiten schon lange.",2026-02-28
ramaphosa,ramaphosa,"Der von Präsident Cyril Ramaphosa angekündigte Plan, das Militär zur Verbrechensbekämpfung einzusetzen, hat bei den Südafrikanern gemischte Reaktionen hervorgerufen. Analysten fordern Reformen.",2026-02-28
gemischte,Mixed,"Der von Präsident Cyril Ramaphosa angekündigte Plan, das Militär zur Verbrechensbekämpfung einzusetzen, hat bei den Südafrikanern gemischte Reaktionen hervorgerufen. Analysten fordern Reformen.",2026-02-28
analysten,Analysts,"Der von Präsident Cyril Ramaphosa angekündigte Plan, das Militär zur Verbrechensbekämpfung einzusetzen, hat bei den Südafrikanern gemischte Reaktionen hervorgerufen. Analysten fordern Reformen.",2026-02-28
städtchen,spindle for ...,Eigentlich sollte das Städtchen Sines in Portugal grünen Wasserstoff für Europa produzieren. Doch daraus wird erst einmal nichts. Die groß angekündigten Projekte sind geschrumpft und verspäten sich.,2026-02-28
verspäten,late,Eigentlich sollte das Städtchen Sines in Portugal grünen Wasserstoff für Europa produzieren. Doch daraus wird erst einmal nichts. Die groß angekündigten Projekte sind geschrumpft und verspäten sich.,2026-02-28
selenskyj,selenskyj,Die Ukraine erhält weitere Finanzhilfen des Internationalen Währungsfonds. Präsident Selenskyj telefonierte unterdessen vor dem Hintergrund des Streits um die Druschba-Pipeline mit dem slowakischen Regierungschef Fico.,2026-02-28
bundestag,Bundestag,Für Asylbewerber in Deutschland gelten bald neue Regeln. Der Bundestag hat die von der EU initiierten Verschärfungen beschlossen. Wie wird die Reform hierzulande umgesetzt und was soll damit erreicht werden?,2026-02-28
umgesetzt,implemented,Für Asylbewerber in Deutschland gelten bald neue Regeln. Der Bundestag hat die von der EU initiierten Verschärfungen beschlossen. Wie wird die Reform hierzulande umgesetzt und was soll damit erreicht werden?,2026-02-28
verkündet,== Sources ==,"Die Bundeswehr darf künftig in Deutschland verdächtige Drohnen vom Himmel holen - auch mit Waffengewalt. Pakistan verkündet einen ""offenen Krieg"" gegen die Taliban. Das Wichtigste in Kürze.",2026-02-28
kombinationspräparat,fixed combination of drugs,"Statt mehrerer Tabletten nur noch eine täglich? Das verspricht ein neues Kombinationspräparat für HIV-Infizierte. Die Studienergebnisse sind vielversprechend, nun muss das Medikament die Genehmigungsprozesse durchlaufen.",2026-03-01
genehmigungsprozesse,Approval processes,"Statt mehrerer Tabletten nur noch eine täglich? Das verspricht ein neues Kombinationspräparat für HIV-Infizierte. Die Studienergebnisse sind vielversprechend, nun muss das Medikament die Genehmigungsprozesse durchlaufen.",2026-03-01
studienergebnisse,STUDY RESULTS,"Statt mehrerer Tabletten nur noch eine täglich? Das verspricht ein neues Kombinationspräparat für HIV-Infizierte. Die Studienergebnisse sind vielversprechend, nun muss das Medikament die Genehmigungsprozesse durchlaufen.",2026-03-01
vielversprechend,very promising,"Statt mehrerer Tabletten nur noch eine täglich? Das verspricht ein neues Kombinationspräparat für HIV-Infizierte. Die Studienergebnisse sind vielversprechend, nun muss das Medikament die Genehmigungsprozesse durchlaufen.",2026-03-01
bieterwettstreit,bidding contest,Im Bieterwettstreit mit Netflix hat sich Paramount durchgesetzt und den Zuschlag für die Übernahme des US-Film- und Medienkonzerns Warner Bros. erhalten. Die Fusion hat auch eine politische Dimension.,2026-03-01
überkapazitäten,Overcapacity,Die Bilanz der erste Chinareise von Bundeskanzler Merz übertrifft die hohen Erwartungen der deutschen Wirtschaft noch. Allerdings bereiten das massive Handelsdefizit und die Überkapazitäten Chinas weiterhin große Sorgen.,2026-03-01
modernisierung,Modernization,"Ali Chamenei, seit 1989 an der Spitze der Islamischen Republik Iran, ist tot. Der 86-Jährige starb bei den Angriffen der USA und Israels am Samstag. Kompromisslos bekämpfte er Öffnung und Modernisierung des Landes.",2026-03-01
zusammenarbeit,cooperation,Nach der Anerkennung eines unabhängigen Somalilandes durch Israel haben Somalia und Saudi-Arabien ein Abkommen über militärische Zusammenarbeit unterzeichnet. Aber was ist für Saudi-Arabien drin?,2026-03-01
handelsdefizit,trade deficit,Die Bilanz der erste Chinareise von Bundeskanzler Merz übertrifft die hohen Erwartungen der deutschen Wirtschaft noch. Allerdings bereiten das massive Handelsdefizit und die Überkapazitäten Chinas weiterhin große Sorgen.,2026-03-01
medienkonzerns,media group,Im Bieterwettstreit mit Netflix hat sich Paramount durchgesetzt und den Zuschlag für die Übernahme des US-Film- und Medienkonzerns Warner Bros. erhalten. Die Fusion hat auch eine politische Dimension.,2026-03-01
kompromisslos,Uncompromising.,"Ali Chamenei, seit 1989 an der Spitze der Islamischen Republik Iran, ist tot. Der 86-Jährige starb bei den Angriffen der USA und Israels am Samstag. Kompromisslos bekämpfte er Öffnung und Modernisierung des Landes.",2026-03-01
gegenangriffe,counterattacks,Die EU-Spitze warnt nach den Angriffen Israels und der USA auf Ziele im Iran vor einer weiteren Eskalation. Kanzler Merz fordert ein Ende der Gegenangriffe Irans. Das Auswärtige Amt verschärft die Reisehinweise.,2026-03-01
reisehinweise,Travel advice,Die EU-Spitze warnt nach den Angriffen Israels und der USA auf Ziele im Iran vor einer weiteren Eskalation. Kanzler Merz fordert ein Ende der Gegenangriffe Irans. Das Auswärtige Amt verschärft die Reisehinweise.,2026-03-01
unterzeichnet,[],Nach der Anerkennung eines unabhängigen Somalilandes durch Israel haben Somalia und Saudi-Arabien ein Abkommen über militärische Zusammenarbeit unterzeichnet. Aber was ist für Saudi-Arabien drin?,2026-03-01
vertriebener,displaced person,Bald vier Jahre nach dem Krieg steht das Leben vieler Vertriebener in der äthiopischen Region Tigray noch immer still. Spannungen zwischen Äthiopien und dem benachbarten Eritrea nehmen wieder zu. Droht ein neuer Krieg?,2026-03-01
äthiopischen,ethiopian,Bald vier Jahre nach dem Krieg steht das Leben vieler Vertriebener in der äthiopischen Region Tigray noch immer still. Spannungen zwischen Äthiopien und dem benachbarten Eritrea nehmen wieder zu. Droht ein neuer Krieg?,2026-03-01
somalilandes,somalilandian,Nach der Anerkennung eines unabhängigen Somalilandes durch Israel haben Somalia und Saudi-Arabien ein Abkommen über militärische Zusammenarbeit unterzeichnet. Aber was ist für Saudi-Arabien drin?,2026-03-01
militärische,Military,Nach der Anerkennung eines unabhängigen Somalilandes durch Israel haben Somalia und Saudi-Arabien ein Abkommen über militärische Zusammenarbeit unterzeichnet. Aber was ist für Saudi-Arabien drin?,2026-03-01
durchgesetzt,the date of Easter.,Im Bieterwettstreit mit Netflix hat sich Paramount durchgesetzt und den Zuschlag für die Übernahme des US-Film- und Medienkonzerns Warner Bros. erhalten. Die Fusion hat auch eine politische Dimension.,2026-03-01
aufarbeitung,EXAMINATION,Die politische Aufarbeitung des Epstein-Skandals ist noch lange nicht beendet. Nach Ex-Präsident Bill Clinton fordern Demokraten nun auch eine Aussage unter Eid von US-Präsident Donald Trump.,2026-03-01
islamischen,islamic,"Ali Chamenei, seit 1989 an der Spitze der Islamischen Republik Iran, ist tot. Der 86-Jährige starb bei den Angriffen der USA und Israels am Samstag. Kompromisslos bekämpfte er Öffnung und Modernisierung des Landes.",2026-03-01
durchlaufen,I go through,"Statt mehrerer Tabletten nur noch eine täglich? Das verspricht ein neues Kombinationspräparat für HIV-Infizierte. Die Studienergebnisse sind vielversprechend, nun muss das Medikament die Genehmigungsprozesse durchlaufen.",2026-03-01
anerkennung,Recognition,Nach der Anerkennung eines unabhängigen Somalilandes durch Israel haben Somalia und Saudi-Arabien ein Abkommen über militärische Zusammenarbeit unterzeichnet. Aber was ist für Saudi-Arabien drin?,2026-03-01
erwartungen,expectations,Die Bilanz der erste Chinareise von Bundeskanzler Merz übertrifft die hohen Erwartungen der deutschen Wirtschaft noch. Allerdings bereiten das massive Handelsdefizit und die Überkapazitäten Chinas weiterhin große Sorgen.,2026-03-01
auswärtige,foreign,Die EU-Spitze warnt nach den Angriffen Israels und der USA auf Ziele im Iran vor einer weiteren Eskalation. Kanzler Merz fordert ein Ende der Gegenangriffe Irans. Das Auswärtige Amt verschärft die Reisehinweise.,2026-03-01
verschärft,Strengthened,Die EU-Spitze warnt nach den Angriffen Israels und der USA auf Ziele im Iran vor einer weiteren Eskalation. Kanzler Merz fordert ein Ende der Gegenangriffe Irans. Das Auswärtige Amt verschärft die Reisehinweise.,2026-03-01
verspricht,promises,"Statt mehrerer Tabletten nur noch eine täglich? Das verspricht ein neues Kombinationspräparat für HIV-Infizierte. Die Studienergebnisse sind vielversprechend, nun muss das Medikament die Genehmigungsprozesse durchlaufen.",2026-03-01
infizierte,Confirmed,"Statt mehrerer Tabletten nur noch eine täglich? Das verspricht ein neues Kombinationspräparat für HIV-Infizierte. Die Studienergebnisse sind vielversprechend, nun muss das Medikament die Genehmigungsprozesse durchlaufen.",2026-03-01
medikament,Medication,"Statt mehrerer Tabletten nur noch eine täglich? Das verspricht ein neues Kombinationspräparat für HIV-Infizierte. Die Studienergebnisse sind vielversprechend, nun muss das Medikament die Genehmigungsprozesse durchlaufen.",2026-03-01
chinareise,china trip,Die Bilanz der erste Chinareise von Bundeskanzler Merz übertrifft die hohen Erwartungen der deutschen Wirtschaft noch. Allerdings bereiten das massive Handelsdefizit und die Überkapazitäten Chinas weiterhin große Sorgen.,2026-03-01
übertrifft,exceeds,Die Bilanz der erste Chinareise von Bundeskanzler Merz übertrifft die hohen Erwartungen der deutschen Wirtschaft noch. Allerdings bereiten das massive Handelsdefizit und die Überkapazitäten Chinas weiterhin große Sorgen.,2026-03-01
wirtschaft,economy,Die Bilanz der erste Chinareise von Bundeskanzler Merz übertrifft die hohen Erwartungen der deutschen Wirtschaft noch. Allerdings bereiten das massive Handelsdefizit und die Überkapazitäten Chinas weiterhin große Sorgen.,2026-03-01
politische,philosophical or religious views,Im Bieterwettstreit mit Netflix hat sich Paramount durchgesetzt und den Zuschlag für die Übernahme des US-Film- und Medienkonzerns Warner Bros. erhalten. Die Fusion hat auch eine politische Dimension.,2026-03-01
demokraten,Democrat,Die politische Aufarbeitung des Epstein-Skandals ist noch lange nicht beendet. Nach Ex-Präsident Bill Clinton fordern Demokraten nun auch eine Aussage unter Eid von US-Präsident Donald Trump.,2026-03-01
following,following,"Following US and Israeli strikes on Tehran, Iran state media confirmed the death of Ali Khamenei. DW has more.",2026-03-01
confirmed,Confirmed,"Following US and Israeli strikes on Tehran, Iran state media confirmed the death of Ali Khamenei. DW has more.",2026-03-01
bekämpfte,combated,"Ali Chamenei, seit 1989 an der Spitze der Islamischen Republik Iran, ist tot. Der 86-Jährige starb bei den Angriffen der USA und Israels am Samstag. Kompromisslos bekämpfte er Öffnung und Modernisierung des Landes.",2026-03-01
tabletten,TAB,"Statt mehrerer Tabletten nur noch eine täglich? Das verspricht ein neues Kombinationspräparat für HIV-Infizierte. Die Studienergebnisse sind vielversprechend, nun muss das Medikament die Genehmigungsprozesse durchlaufen.",2026-03-01
weiterhin,implementing,Die Bilanz der erste Chinareise von Bundeskanzler Merz übertrifft die hohen Erwartungen der deutschen Wirtschaft noch. Allerdings bereiten das massive Handelsdefizit und die Überkapazitäten Chinas weiterhin große Sorgen.,2026-03-01
paramount,Paramount,Im Bieterwettstreit mit Netflix hat sich Paramount durchgesetzt und den Zuschlag für die Übernahme des US-Film- und Medienkonzerns Warner Bros. erhalten. Die Fusion hat auch eine politische Dimension.,2026-03-01
übernahme,transfer,Im Bieterwettstreit mit Netflix hat sich Paramount durchgesetzt und den Zuschlag für die Übernahme des US-Film- und Medienkonzerns Warner Bros. erhalten. Die Fusion hat auch eine politische Dimension.,2026-03-01
dimension,Dimension,Im Bieterwettstreit mit Netflix hat sich Paramount durchgesetzt und den Zuschlag für die Übernahme des US-Film- und Medienkonzerns Warner Bros. erhalten. Die Fusion hat auch eine politische Dimension.,2026-03-01
khamenei,khamenei,"Following US and Israeli strikes on Tehran, Iran state media confirmed the death of Ali Khamenei. DW has more.",2026-03-01
chamenei,chamenei,"Ali Chamenei, seit 1989 an der Spitze der Islamischen Republik Iran, ist tot. Der 86-Jährige starb bei den Angriffen der USA und Israels am Samstag. Kompromisslos bekämpfte er Öffnung und Modernisierung des Landes.",2026-03-01
rechtsextremistisch,right-wing extremist,"Das Bundesamt für Verfassungsschutz muss seine Einstufung der AfD als ""gesichert rechtsextremistisch"" zurücknehmen. Aber die Entscheidung des Verwaltungsgerichts Köln wird nicht das letzte Wort gewesen sein.",2026-03-02
verwaltungsgerichts,Administrative Court,"Das Bundesamt für Verfassungsschutz muss seine Einstufung der AfD als ""gesichert rechtsextremistisch"" zurücknehmen. Aber die Entscheidung des Verwaltungsgerichts Köln wird nicht das letzte Wort gewesen sein.",2026-03-02
machtkonzentration,power concentration,Nach der Tötung des obersten Führers Ali Chamenei ringt der Iran um eine neue Ordnung. Droht eine weitere Machtkonzentration bei den Revolutionsgarden? Zwei Expertinnen ordnen ein.,2026-03-02
revolutionsgarden,revolutionary Guards,Nach der Tötung des obersten Führers Ali Chamenei ringt der Iran um eine neue Ordnung. Droht eine weitere Machtkonzentration bei den Revolutionsgarden? Zwei Expertinnen ordnen ein.,2026-03-02
verfassungsschutz,constitutional protection,"Das Bundesamt für Verfassungsschutz muss seine Einstufung der AfD als ""gesichert rechtsextremistisch"" zurücknehmen. Aber die Entscheidung des Verwaltungsgerichts Köln wird nicht das letzte Wort gewesen sein.",2026-03-02
staatsoberhaupt,Head of State,In einem Jahr wird das deutsche Staatsoberhaupt neu gewählt. Viele wünschen sich erstmals eine Frau an der Spitze. Nur wen?,2026-03-02
zurücknehmen,have to be.,"Das Bundesamt für Verfassungsschutz muss seine Einstufung der AfD als ""gesichert rechtsextremistisch"" zurücknehmen. Aber die Entscheidung des Verwaltungsgerichts Köln wird nicht das letzte Wort gewesen sein.",2026-03-02
expertinnen,Experts:,Nach der Tötung des obersten Führers Ali Chamenei ringt der Iran um eine neue Ordnung. Droht eine weitere Machtkonzentration bei den Revolutionsgarden? Zwei Expertinnen ordnen ein.,2026-03-02
dramatisch,dramatic,"Nach dem Tod des obersten Führers Ajatollah Ali Chamenei spitzt sich der Konflikt zwischen Iran, Israel und den USA dramatisch zu. Teheran kündigt Rache an, Raketen schlagen in mehreren Ländern ein.",2026-03-02
einstufung,Classification,"Das Bundesamt für Verfassungsschutz muss seine Einstufung der AfD als ""gesichert rechtsextremistisch"" zurücknehmen. Aber die Entscheidung des Verwaltungsgerichts Köln wird nicht das letzte Wort gewesen sein.",2026-03-02
president,president,"The US president vowed revenge after three US service members will killed by Iran, and called on Iranians to rise up. DW has the latest.",2026-03-02
ansichten,views,Der Angriff der USA und Israels auf den Iran und die Tötung des obersten Führers Ali Chamenei sind weltweit auf gemischte Reaktionen gestoßen. Auch innerhalb Europas sind die Ansichten gespalten.,2026-03-02
ajatollah,ajatollah,"Nach dem Tod des obersten Führers Ajatollah Ali Chamenei spitzt sich der Konflikt zwischen Iran, Israel und den USA dramatisch zu. Teheran kündigt Rache an, Raketen schlagen in mehreren Ländern ein.",2026-03-02
bundesamt,Federal Office,"Das Bundesamt für Verfassungsschutz muss seine Einstufung der AfD als ""gesichert rechtsextremistisch"" zurücknehmen. Aber die Entscheidung des Verwaltungsgerichts Köln wird nicht das letzte Wort gewesen sein.",2026-03-02
gesichert,falling?,"Das Bundesamt für Verfassungsschutz muss seine Einstufung der AfD als ""gesichert rechtsextremistisch"" zurücknehmen. Aber die Entscheidung des Verwaltungsgerichts Köln wird nicht das letzte Wort gewesen sein.",2026-03-02
obersten,uppermost,Nach der Tötung des obersten Führers Ali Chamenei ringt der Iran um eine neue Ordnung. Droht eine weitere Machtkonzentration bei den Revolutionsgarden? Zwei Expertinnen ordnen ein.,2026-03-02
iranians,iranians,"The US president vowed revenge after three US service members will killed by Iran, and called on Iranians to rise up. DW has the latest.",2026-03-02
gestoßen,travel.,Der Angriff der USA und Israels auf den Iran und die Tötung des obersten Führers Ali Chamenei sind weltweit auf gemischte Reaktionen gestoßen. Auch innerhalb Europas sind die Ansichten gespalten.,2026-03-02
konflikt,Conflict,"Nach dem Tod des obersten Führers Ajatollah Ali Chamenei spitzt sich der Konflikt zwischen Iran, Israel und den USA dramatisch zu. Teheran kündigt Rache an, Raketen schlagen in mehreren Ländern ein.",2026-03-02
schlagen,hitting,"Nach dem Tod des obersten Führers Ajatollah Ali Chamenei spitzt sich der Konflikt zwischen Iran, Israel und den USA dramatisch zu. Teheran kündigt Rache an, Raketen schlagen in mehreren Ländern ein.",2026-03-02
mehreren,from a number of,"Nach dem Tod des obersten Führers Ajatollah Ali Chamenei spitzt sich der Konflikt zwischen Iran, Israel und den USA dramatisch zu. Teheran kündigt Rache an, Raketen schlagen in mehreren Ländern ein.",2026-03-02
deutsche,German,In einem Jahr wird das deutsche Staatsoberhaupt neu gewählt. Viele wünschen sich erstmals eine Frau an der Spitze. Nur wen?,2026-03-02
wünschen,wishes,In einem Jahr wird das deutsche Staatsoberhaupt neu gewählt. Viele wünschen sich erstmals eine Frau an der Spitze. Nur wen?,2026-03-02
erstmals,for the first time:,In einem Jahr wird das deutsche Staatsoberhaupt neu gewählt. Viele wünschen sich erstmals eine Frau an der Spitze. Nur wen?,2026-03-02
mehrerer,several,"Statt mehrerer Tabletten nur noch eine täglich? Das verspricht ein neues Kombinationspräparat für HIV-Infizierte. Die Studienergebnisse sind vielversprechend, nun muss das Medikament die Genehmigungsprozesse durchlaufen.",2026-03-02
abkommen,negotiations.,Nach der Anerkennung eines unabhängigen Somalilandes durch Israel haben Somalia und Saudi-Arabien ein Abkommen über militärische Zusammenarbeit unterzeichnet. Aber was ist für Saudi-Arabien drin?,2026-03-02
schützen,protect,"Der Tschad will sich vor Kämpfen im benachbarten Sudan schützen - und unterstützt gleichzeitig eine Kriegspartei. Das sorgt auch im eigenen Land für Probleme. Doch jetzt gibt es Anzeichen, dass sich der Kurs ändert.",2026-03-02
probleme,problems,"Der Tschad will sich vor Kämpfen im benachbarten Sudan schützen - und unterstützt gleichzeitig eine Kriegspartei. Das sorgt auch im eigenen Land für Probleme. Doch jetzt gibt es Anzeichen, dass sich der Kurs ändert.",2026-03-02
führers,leaders,Nach der Tötung des obersten Führers Ali Chamenei ringt der Iran um eine neue Ordnung. Droht eine weitere Machtkonzentration bei den Revolutionsgarden? Zwei Expertinnen ordnen ein.,2026-03-02
ordnung,Ordering XXX,Nach der Tötung des obersten Führers Ali Chamenei ringt der Iran um eine neue Ordnung. Droht eine weitere Machtkonzentration bei den Revolutionsgarden? Zwei Expertinnen ordnen ein.,2026-03-02
terroristischen,terrorist,"Das FBI prüft nach einer Schießerei im US-Bundesstaat Texas Hinweise auf einen terroristischen Hintergrund. Ein Mann hatte in einer Bar in Austin auf Passanten und
Insassen geschossen, drei Menschen starben.",2026-03-03
frauenbataillon,women's battalion,"Seit bald drei Jahren versucht die armenische Regierung, Frauen für den Militärdienst zu gewinnen. Die Ergebnisse sind bislang bescheiden, es gibt nur ein Frauenbataillon im Land. Ein DW-Korrespondent hat es besucht.",2026-03-03
alleingelassen,alone,"Zu wenig Geld, zu viel Bürokratie, zu viele Bedrohungen: In Deutschland stemmen ehrenamtliche Bürgermeister einen schweren Job. Sie sind unverzichtbar für die Demokratie, fühlen sich aber zunehmend alleingelassen.",2026-03-03
erfolgsbilanz,Track record,"Verschiedene US-Präsidenten haben immer wieder ihr Militär entsandt, um unliebsame Machthaber im Ausland abzusetzen. Die Erfolgsbilanz ist gemischt - und hängt auch davon ab, was man als Erfolg betrachtet.",2026-03-03
ehrenamtliche,volunteer,"Zu wenig Geld, zu viel Bürokratie, zu viele Bedrohungen: In Deutschland stemmen ehrenamtliche Bürgermeister einen schweren Job. Sie sind unverzichtbar für die Demokratie, fühlen sich aber zunehmend alleingelassen.",2026-03-03
bürgermeister,Mayor,"Zu wenig Geld, zu viel Bürokratie, zu viele Bedrohungen: In Deutschland stemmen ehrenamtliche Bürgermeister einen schweren Job. Sie sind unverzichtbar für die Demokratie, fühlen sich aber zunehmend alleingelassen.",2026-03-03
unverzichtbar,essential,"Zu wenig Geld, zu viel Bürokratie, zu viele Bedrohungen: In Deutschland stemmen ehrenamtliche Bürgermeister einen schweren Job. Sie sind unverzichtbar für die Demokratie, fühlen sich aber zunehmend alleingelassen.",2026-03-03
militärdienst,Military Service,"Seit bald drei Jahren versucht die armenische Regierung, Frauen für den Militärdienst zu gewinnen. Die Ergebnisse sind bislang bescheiden, es gibt nur ein Frauenbataillon im Land. Ein DW-Korrespondent hat es besucht.",2026-03-03
korrespondent,Correspondent,"Seit bald drei Jahren versucht die armenische Regierung, Frauen für den Militärdienst zu gewinnen. Die Ergebnisse sind bislang bescheiden, es gibt nur ein Frauenbataillon im Land. Ein DW-Korrespondent hat es besucht.",2026-03-03
medienkonzern,entertainment group,"Bisher galten die Sender der United Group als kritisch gegenüber Serbiens Präsidenten Aleksandar Vucic. Nach einem Deal mit der staatlichen Telekom wächst die Sorge, dass der Medienkonzern diese Haltung aufgeben könnte.",2026-03-03
verschiedene,Number,"Verschiedene US-Präsidenten haben immer wieder ihr Militär entsandt, um unliebsame Machthaber im Ausland abzusetzen. Die Erfolgsbilanz ist gemischt - und hängt auch davon ab, was man als Erfolg betrachtet.",2026-03-03
bundesstaat,State,"Das FBI prüft nach einer Schießerei im US-Bundesstaat Texas Hinweise auf einen terroristischen Hintergrund. Ein Mann hatte in einer Bar in Austin auf Passanten und
Insassen geschossen, drei Menschen starben.",2026-03-03
flugverkehr,Air transport,"Wegen des Iran-Kriegs ist der Flugverkehr in der Region teilweise zum Erliegen gekommen. Tausende Menschen sitzen in der Region fest, darunter auch zahlreiche deutsche Touristen.",2026-03-03
bedrohungen,Threats,"Zu wenig Geld, zu viel Bürokratie, zu viele Bedrohungen: In Deutschland stemmen ehrenamtliche Bürgermeister einen schweren Job. Sie sind unverzichtbar für die Demokratie, fühlen sich aber zunehmend alleingelassen.",2026-03-03
staatlichen,state,"Bisher galten die Sender der United Group als kritisch gegenüber Serbiens Präsidenten Aleksandar Vucic. Nach einem Deal mit der staatlichen Telekom wächst die Sorge, dass der Medienkonzern diese Haltung aufgeben könnte.",2026-03-03
unliebsame,unpleasant,"Verschiedene US-Präsidenten haben immer wieder ihr Militär entsandt, um unliebsame Machthaber im Ausland abzusetzen. Die Erfolgsbilanz ist gemischt - und hängt auch davon ab, was man als Erfolg betrachtet.",2026-03-03
machthaber,ruler,"Verschiedene US-Präsidenten haben immer wieder ihr Militär entsandt, um unliebsame Machthaber im Ausland abzusetzen. Die Erfolgsbilanz ist gemischt - und hängt auch davon ab, was man als Erfolg betrachtet.",2026-03-03
abzusetzen,to be discontinued,"Verschiedene US-Präsidenten haben immer wieder ihr Militär entsandt, um unliebsame Machthaber im Ausland abzusetzen. Die Erfolgsbilanz ist gemischt - und hängt auch davon ab, was man als Erfolg betrachtet.",2026-03-03
betrachtet,.,"Verschiedene US-Präsidenten haben immer wieder ihr Militär entsandt, um unliebsame Machthaber im Ausland abzusetzen. Die Erfolgsbilanz ist gemischt - und hängt auch davon ab, was man als Erfolg betrachtet.",2026-03-03
explosions,Now for FREE!,"Explosions were reported at the US embassy in Riyadh, Saudi Arabia, after a drone attack. Meanwhile, Israel said it conducted strikes on Hezbollah sites in Lebanon. DW has the latest.",2026-03-03
schießerei,shooting,"Das FBI prüft nach einer Schießerei im US-Bundesstaat Texas Hinweise auf einen terroristischen Hintergrund. Ein Mann hatte in einer Bar in Austin auf Passanten und
Insassen geschossen, drei Menschen starben.",2026-03-03
geschossen,shot,"Das FBI prüft nach einer Schießerei im US-Bundesstaat Texas Hinweise auf einen terroristischen Hintergrund. Ein Mann hatte in einer Bar in Austin auf Passanten und
Insassen geschossen, drei Menschen starben.",2026-03-03
bürokratie,Gather Paperwork,"Zu wenig Geld, zu viel Bürokratie, zu viele Bedrohungen: In Deutschland stemmen ehrenamtliche Bürgermeister einen schweren Job. Sie sind unverzichtbar für die Demokratie, fühlen sich aber zunehmend alleingelassen.",2026-03-03
demokratie,"So democracy is bad,","Zu wenig Geld, zu viel Bürokratie, zu viele Bedrohungen: In Deutschland stemmen ehrenamtliche Bürgermeister einen schweren Job. Sie sind unverzichtbar für die Demokratie, fühlen sich aber zunehmend alleingelassen.",2026-03-03
armenische,armenian,"Seit bald drei Jahren versucht die armenische Regierung, Frauen für den Militärdienst zu gewinnen. Die Ergebnisse sind bislang bescheiden, es gibt nur ein Frauenbataillon im Land. Ein DW-Korrespondent hat es besucht.",2026-03-03
ergebnisse,results,"Seit bald drei Jahren versucht die armenische Regierung, Frauen für den Militärdienst zu gewinnen. Die Ergebnisse sind bislang bescheiden, es gibt nur ein Frauenbataillon im Land. Ein DW-Korrespondent hat es besucht.",2026-03-03
bescheiden,modest,"Seit bald drei Jahren versucht die armenische Regierung, Frauen für den Militärdienst zu gewinnen. Die Ergebnisse sind bislang bescheiden, es gibt nur ein Frauenbataillon im Land. Ein DW-Korrespondent hat es besucht.",2026-03-03
aleksandar,Aleksandar,"Bisher galten die Sender der United Group als kritisch gegenüber Serbiens Präsidenten Aleksandar Vucic. Nach einem Deal mit der staatlichen Telekom wächst die Sorge, dass der Medienkonzern diese Haltung aufgeben könnte.",2026-03-03
meanwhile,MEANWHILE...,"Explosions were reported at the US embassy in Riyadh, Saudi Arabia, after a drone attack. Meanwhile, Israel said it conducted strikes on Hezbollah sites in Lebanon. DW has the latest.",2026-03-03
conducted,conducted,"Explosions were reported at the US embassy in Riyadh, Saudi Arabia, after a drone attack. Meanwhile, Israel said it conducted strikes on Hezbollah sites in Lebanon. DW has the latest.",2026-03-03
hezbollah,hezbollah,"Explosions were reported at the US embassy in Riyadh, Saudi Arabia, after a drone attack. Meanwhile, Israel said it conducted strikes on Hezbollah sites in Lebanon. DW has the latest.",2026-03-03
passanten,PEOPLE ON STREET,"Das FBI prüft nach einer Schießerei im US-Bundesstaat Texas Hinweise auf einen terroristischen Hintergrund. Ein Mann hatte in einer Bar in Austin auf Passanten und
Insassen geschossen, drei Menschen starben.",2026-03-03
teilweise,partly,"Wegen des Iran-Kriegs ist der Flugverkehr in der Region teilweise zum Erliegen gekommen. Tausende Menschen sitzen in der Region fest, darunter auch zahlreiche deutsche Touristen.",2026-03-03
touristen,Tourists,"Wegen des Iran-Kriegs ist der Flugverkehr in der Region teilweise zum Erliegen gekommen. Tausende Menschen sitzen in der Region fest, darunter auch zahlreiche deutsche Touristen.",2026-03-03
hisbollah,Hezbollah,Im Zuge des Iran-Kriegs schlägt eine Drohne auf Zypern ein. Woher sie kam ist unklar. Die Hisbollah im Libanon beteiligt sich an Angriffen auf Israel. Das Wichtigste in Kürze.,2026-03-03
beteiligt,.,Im Zuge des Iran-Kriegs schlägt eine Drohne auf Zypern ein. Woher sie kam ist unklar. Die Hisbollah im Libanon beteiligt sich an Angriffen auf Israel. Das Wichtigste in Kürze.,2026-03-03
entsandt,U.,"Verschiedene US-Präsidenten haben immer wieder ihr Militär entsandt, um unliebsame Machthaber im Ausland abzusetzen. Die Erfolgsbilanz ist gemischt - und hängt auch davon ab, was man als Erfolg betrachtet.",2026-03-03
gemischt,Mixed,"Verschiedene US-Präsidenten haben immer wieder ihr Militär entsandt, um unliebsame Machthaber im Ausland abzusetzen. Die Erfolgsbilanz ist gemischt - und hängt auch davon ab, was man als Erfolg betrachtet.",2026-03-03
fallschirmjägerregiment,paratrooper regiment,"In seinem Jahresbericht fordert der Wehrbeauftragte des Bundestags, Verfehlungen wie die beim Fallschirmjägerregiment in Zweibrücken konsequent zu ahnden.",2026-03-04
vergeltungsmaßnahmen,Retaliation,"Die Ölmärkte bereiten sich nach Angriffen auf den Iran und den Vergeltungsmaßnahmen Teherans auf starke Preisanstiege vor. Iran ist zwar ein wichtiger Ölproduzent, doch die Händler sind aus einem anderen Grund alarmiert.",2026-03-04
sicherheitsrisiken,Security threats,"Der Countdown zur Fußball-WM 2026 läuft, doch es herrscht Unruhe: Der Konflikt der USA mit Iran überschattet das Turnier. Auch dämpfen hohe Ticketpreise, Sicherheitsrisiken und fehlende Gelder für Fanparks die Vorfreude.",2026-03-04
wirtschaftlicher,Commercial,"Iranische Angriffe auf Raffinerien, Gasanlagen und Öltanker gefährden die globale Energieversorgung und bergen das Risiko schwerwiegender wirtschaftlicher Folgen weltweit. Sie zwingen die Verbraucher zum Sparen.",2026-03-04
schwerwiegender,more serious,"Iranische Angriffe auf Raffinerien, Gasanlagen und Öltanker gefährden die globale Energieversorgung und bergen das Risiko schwerwiegender wirtschaftlicher Folgen weltweit. Sie zwingen die Verbraucher zum Sparen.",2026-03-04
wehrbeauftragte,defence officer,"In seinem Jahresbericht fordert der Wehrbeauftragte des Bundestags, Verfehlungen wie die beim Fallschirmjägerregiment in Zweibrücken konsequent zu ahnden.",2026-03-04
militärübungen,military exercises,Frankreich will die nukleare Abschreckung in Europa neu ausrichten: Präsident Macron kündigt gemeinsame Militärübungen mit Deutschland und weiteren Partnern an - und eine Aufstockung des französischen Atomarsenals.,2026-03-04
nukleardoktrin,nuclear doctrine,Die USA verteidigen ihre Beteiligung am Iran-Krieg als präventive Maßnahme. Die US-Botschaft in Riad wurde angegriffen. Frankreich stellt seine neue Nukleardoktrin vor. Das Wichtigste in Kürze.,2026-03-04
preisanstiege,price increases,"Die Ölmärkte bereiten sich nach Angriffen auf den Iran und den Vergeltungsmaßnahmen Teherans auf starke Preisanstiege vor. Iran ist zwar ein wichtiger Ölproduzent, doch die Händler sind aus einem anderen Grund alarmiert.",2026-03-04
französischen,French,Frankreich will die nukleare Abschreckung in Europa neu ausrichten: Präsident Macron kündigt gemeinsame Militärübungen mit Deutschland und weiteren Partnern an - und eine Aufstockung des französischen Atomarsenals.,2026-03-04
jahresbericht,Annual Report,"In seinem Jahresbericht fordert der Wehrbeauftragte des Bundestags, Verfehlungen wie die beim Fallschirmjägerregiment in Zweibrücken konsequent zu ahnden.",2026-03-04
abschreckung,Deterence,Frankreich will die nukleare Abschreckung in Europa neu ausrichten: Präsident Macron kündigt gemeinsame Militärübungen mit Deutschland und weiteren Partnern an - und eine Aufstockung des französischen Atomarsenals.,2026-03-04
atomarsenals,nuclear arsenals,Frankreich will die nukleare Abschreckung in Europa neu ausrichten: Präsident Macron kündigt gemeinsame Militärübungen mit Deutschland und weiteren Partnern an - und eine Aufstockung des französischen Atomarsenals.,2026-03-04
verfehlungen,misses,"In seinem Jahresbericht fordert der Wehrbeauftragte des Bundestags, Verfehlungen wie die beim Fallschirmjägerregiment in Zweibrücken konsequent zu ahnden.",2026-03-04
überschattet,shadowed,"Der Countdown zur Fußball-WM 2026 läuft, doch es herrscht Unruhe: Der Konflikt der USA mit Iran überschattet das Turnier. Auch dämpfen hohe Ticketpreise, Sicherheitsrisiken und fehlende Gelder für Fanparks die Vorfreude.",2026-03-04
ticketpreise,Ticket Prices,"Der Countdown zur Fußball-WM 2026 läuft, doch es herrscht Unruhe: Der Konflikt der USA mit Iran überschattet das Turnier. Auch dämpfen hohe Ticketpreise, Sicherheitsrisiken und fehlende Gelder für Fanparks die Vorfreude.",2026-03-04
raffinerien,Refineries,"Iranische Angriffe auf Raffinerien, Gasanlagen und Öltanker gefährden die globale Energieversorgung und bergen das Risiko schwerwiegender wirtschaftlicher Folgen weltweit. Sie zwingen die Verbraucher zum Sparen.",2026-03-04
verbraucher,consumer,"Iranische Angriffe auf Raffinerien, Gasanlagen und Öltanker gefährden die globale Energieversorgung und bergen das Risiko schwerwiegender wirtschaftlicher Folgen weltweit. Sie zwingen die Verbraucher zum Sparen.",2026-03-04
ölproduzent,oil producer,"Die Ölmärkte bereiten sich nach Angriffen auf den Iran und den Vergeltungsmaßnahmen Teherans auf starke Preisanstiege vor. Iran ist zwar ein wichtiger Ölproduzent, doch die Händler sind aus einem anderen Grund alarmiert.",2026-03-04
entwicklung,development,"Deutschland ist Zielstaat Nummer eins. Hier gehen die Zahlen sogar um ein Drittel zurück. Doch die Entwicklung im Nahen und Mittleren Osten könnte zu einer Trendwende führen, schreibt die EU-Asylagentur.",2026-03-04
asylagentur,asylum agency,"Deutschland ist Zielstaat Nummer eins. Hier gehen die Zahlen sogar um ein Drittel zurück. Doch die Entwicklung im Nahen und Mittleren Osten könnte zu einer Trendwende führen, schreibt die EU-Asylagentur.",2026-03-04
aufstockung,enlargement of holdings of inadequate size,Frankreich will die nukleare Abschreckung in Europa neu ausrichten: Präsident Macron kündigt gemeinsame Militärübungen mit Deutschland und weiteren Partnern an - und eine Aufstockung des französischen Atomarsenals.,2026-03-04
verteidigen,An-Nasiriyah.,Die USA verteidigen ihre Beteiligung am Iran-Krieg als präventive Maßnahme. Die US-Botschaft in Riad wurde angegriffen. Frankreich stellt seine neue Nukleardoktrin vor. Das Wichtigste in Kürze.,2026-03-04
beteiligung,Equity,Die USA verteidigen ihre Beteiligung am Iran-Krieg als präventive Maßnahme. Die US-Botschaft in Riad wurde angegriffen. Frankreich stellt seine neue Nukleardoktrin vor. Das Wichtigste in Kürze.,2026-03-04
zweibrücken,Zweibrücken,"In seinem Jahresbericht fordert der Wehrbeauftragte des Bundestags, Verfehlungen wie die beim Fallschirmjägerregiment in Zweibrücken konsequent zu ahnden.",2026-03-04
gasanlagen,Gas systems,"Iranische Angriffe auf Raffinerien, Gasanlagen und Öltanker gefährden die globale Energieversorgung und bergen das Risiko schwerwiegender wirtschaftlicher Folgen weltweit. Sie zwingen die Verbraucher zum Sparen.",2026-03-04
trendwende,Change in trends,"Deutschland ist Zielstaat Nummer eins. Hier gehen die Zahlen sogar um ein Drittel zurück. Doch die Entwicklung im Nahen und Mittleren Osten könnte zu einer Trendwende führen, schreibt die EU-Asylagentur.",2026-03-04
ausrichten,justify,Frankreich will die nukleare Abschreckung in Europa neu ausrichten: Präsident Macron kündigt gemeinsame Militärübungen mit Deutschland und weiteren Partnern an - und eine Aufstockung des französischen Atomarsenals.,2026-03-04
gemeinsame,common,Frankreich will die nukleare Abschreckung in Europa neu ausrichten: Präsident Macron kündigt gemeinsame Militärübungen mit Deutschland und weiteren Partnern an - und eine Aufstockung des französischen Atomarsenals.,2026-03-04
präventive,preventive,Die USA verteidigen ihre Beteiligung am Iran-Krieg als präventive Maßnahme. Die US-Botschaft in Riad wurde angegriffen. Frankreich stellt seine neue Nukleardoktrin vor. Das Wichtigste in Kürze.,2026-03-04
konsequent,Consistent,"In seinem Jahresbericht fordert der Wehrbeauftragte des Bundestags, Verfehlungen wie die beim Fallschirmjägerregiment in Zweibrücken konsequent zu ahnden.",2026-03-04
iranische,Iranian,"Iranische Angriffe auf Raffinerien, Gasanlagen und Öltanker gefährden die globale Energieversorgung und bergen das Risiko schwerwiegender wirtschaftlicher Folgen weltweit. Sie zwingen die Verbraucher zum Sparen.",2026-03-04
wichtiger,more important,"Die Ölmärkte bereiten sich nach Angriffen auf den Iran und den Vergeltungsmaßnahmen Teherans auf starke Preisanstiege vor. Iran ist zwar ein wichtiger Ölproduzent, doch die Händler sind aus einem anderen Grund alarmiert.",2026-03-04
alarmiert,alarmed,"Die Ölmärkte bereiten sich nach Angriffen auf den Iran und den Vergeltungsmaßnahmen Teherans auf starke Preisanstiege vor. Iran ist zwar ein wichtiger Ölproduzent, doch die Händler sind aus einem anderen Grund alarmiert.",2026-03-04
zielstaat,DESTINATION,"Deutschland ist Zielstaat Nummer eins. Hier gehen die Zahlen sogar um ein Drittel zurück. Doch die Entwicklung im Nahen und Mittleren Osten könnte zu einer Trendwende führen, schreibt die EU-Asylagentur.",2026-03-04
mittleren,middle,"Deutschland ist Zielstaat Nummer eins. Hier gehen die Zahlen sogar um ein Drittel zurück. Doch die Entwicklung im Nahen und Mittleren Osten könnte zu einer Trendwende führen, schreibt die EU-Asylagentur.",2026-03-04
botschaft,Message,Die USA verteidigen ihre Beteiligung am Iran-Krieg als präventive Maßnahme. Die US-Botschaft in Riad wurde angegriffen. Frankreich stellt seine neue Nukleardoktrin vor. Das Wichtigste in Kürze.,2026-03-04
tankstellenpächter,petrol station leaseholder,Der Besuch an der Zapfsäule ist in Deutschland kostspielig geworden. Sogar Tankstellenpächter beschweren sich über die Öl-Konzerne. Die Bundesregierung plant derzeit keine Spritpreisbremse.,2026-03-05
spritpreisbremse,fuel price brake,Der Besuch an der Zapfsäule ist in Deutschland kostspielig geworden. Sogar Tankstellenpächter beschweren sich über die Öl-Konzerne. Die Bundesregierung plant derzeit keine Spritpreisbremse.,2026-03-05
hunderttausende,Hundreds of thousands?,"Trotz der Sanktionen sind deutsche Komponenten in Drohnen zu finden, mit denen Russland die Ukraine angreift. Ihre Zahl könnte Hunderttausende erreichen, und das russische Militär schätzt deutsche Bauteile offenbar sehr.",2026-03-05
bundesregierung,Bundesregierung (German Government),Der Besuch an der Zapfsäule ist in Deutschland kostspielig geworden. Sogar Tankstellenpächter beschweren sich über die Öl-Konzerne. Die Bundesregierung plant derzeit keine Spritpreisbremse.,2026-03-05
militarisierung,Militarisierung // Militarization,"Aktivisten in Berlin haben vor einer Fabrik protestiert, die ihre Produktion von Autoteilen auf Munition umstellt. Andere argumentieren, dass Militarisierung mehr Sicherheit für die Arbeitsplätze bringt.",2026-03-05
klimafreundlich,Climate friendly,Weltweit wird immer häufiger mit Wärmepumpen geheizt. Das spart Geld und ist klimafreundlich. Doch wie gut arbeiten sie bei sehr tiefen Temperaturen? In Nordeuropa ist die Technik schon lange bewährt.,2026-03-05
jugendbewegung,German Youth Movement,Im September 2025 zwangen Proteste der jungen Generation die damalige Regierung zum Rücktritt. Am Donnerstag finden Neuwahlen statt. Erfüllen sich die Forderungen der Jugendbewegung?,2026-03-05
konfrontation,ENCOUNTER,Die Angriffe der USA und Israels auf den Iran sowie die iranischen Gegenschläge erfassen inzwischen nahezu den ganzen Nahen Osten. Wie wird sich diese Konfrontation auf Russlands Krieg gegen die Ukraine auswirken?,2026-03-05
kriegsschiffe,Naval ships,Innerhalb von vier Tagen haben die USA nach eigenen Angaben zahlreiche iranische Kriegsschiffe zerstört. Bundeskanzler Merz und US-Präsident Trump betonen ihre gemeinsame Linie im Iran-Krieg. Das Wichtigste in Kürze.,2026-03-05
argumentieren,arguments,"Aktivisten in Berlin haben vor einer Fabrik protestiert, die ihre Produktion von Autoteilen auf Munition umstellt. Andere argumentieren, dass Militarisierung mehr Sicherheit für die Arbeitsplätze bringt.",2026-03-05
arbeitsplätze,Jobs,"Aktivisten in Berlin haben vor einer Fabrik protestiert, die ihre Produktion von Autoteilen auf Munition umstellt. Andere argumentieren, dass Militarisierung mehr Sicherheit für die Arbeitsplätze bringt.",2026-03-05
gegenschläge,Counterstrikes,Die Angriffe der USA und Israels auf den Iran sowie die iranischen Gegenschläge erfassen inzwischen nahezu den ganzen Nahen Osten. Wie wird sich diese Konfrontation auf Russlands Krieg gegen die Ukraine auswirken?,2026-03-05
temperaturen,temperatures,Weltweit wird immer häufiger mit Wärmepumpen geheizt. Das spart Geld und ist klimafreundlich. Doch wie gut arbeiten sie bei sehr tiefen Temperaturen? In Nordeuropa ist die Technik schon lange bewährt.,2026-03-05
komponenten,components,"Trotz der Sanktionen sind deutsche Komponenten in Drohnen zu finden, mit denen Russland die Ukraine angreift. Ihre Zahl könnte Hunderttausende erreichen, und das russische Militär schätzt deutsche Bauteile offenbar sehr.",2026-03-05
kostspielig,costly,Der Besuch an der Zapfsäule ist in Deutschland kostspielig geworden. Sogar Tankstellenpächter beschweren sich über die Öl-Konzerne. Die Bundesregierung plant derzeit keine Spritpreisbremse.,2026-03-05
israelische,Israeli,Die israelische Armee nimmt den fünften Tag in Folge Ziele in Teheran unter Beschuss. Auch Schläge gegen die Hisbollah im Libanon dauern an.,2026-03-05
protestiert,protests,"Aktivisten in Berlin haben vor einer Fabrik protestiert, die ihre Produktion von Autoteilen auf Munition umstellt. Andere argumentieren, dass Militarisierung mehr Sicherheit für die Arbeitsplätze bringt.",2026-03-05
forderungen,receivables,Im September 2025 zwangen Proteste der jungen Generation die damalige Regierung zum Rücktritt. Am Donnerstag finden Neuwahlen statt. Erfüllen sich die Forderungen der Jugendbewegung?,2026-03-05
wärmepumpen,Heat pumps,Weltweit wird immer häufiger mit Wärmepumpen geheizt. Das spart Geld und ist klimafreundlich. Doch wie gut arbeiten sie bei sehr tiefen Temperaturen? In Nordeuropa ist die Technik schon lange bewährt.,2026-03-05
iranischen,iranian,Die Angriffe der USA und Israels auf den Iran sowie die iranischen Gegenschläge erfassen inzwischen nahezu den ganzen Nahen Osten. Wie wird sich diese Konfrontation auf Russlands Krieg gegen die Ukraine auswirken?,2026-03-05
inzwischen,meantime,Die Angriffe der USA und Israels auf den Iran sowie die iranischen Gegenschläge erfassen inzwischen nahezu den ganzen Nahen Osten. Wie wird sich diese Konfrontation auf Russlands Krieg gegen die Ukraine auswirken?,2026-03-05
sanktionen,Sanctions,"Trotz der Sanktionen sind deutsche Komponenten in Drohnen zu finden, mit denen Russland die Ukraine angreift. Ihre Zahl könnte Hunderttausende erreichen, und das russische Militär schätzt deutsche Bauteile offenbar sehr.",2026-03-05
beschweren,complain,Der Besuch an der Zapfsäule ist in Deutschland kostspielig geworden. Sogar Tankstellenpächter beschweren sich über die Öl-Konzerne. Die Bundesregierung plant derzeit keine Spritpreisbremse.,2026-03-05
aktivisten,ACTIVISTS,"Aktivisten in Berlin haben vor einer Fabrik protestiert, die ihre Produktion von Autoteilen auf Munition umstellt. Andere argumentieren, dass Militarisierung mehr Sicherheit für die Arbeitsplätze bringt.",2026-03-05
autoteilen,auto parts,"Aktivisten in Berlin haben vor einer Fabrik protestiert, die ihre Produktion von Autoteilen auf Munition umstellt. Andere argumentieren, dass Militarisierung mehr Sicherheit für die Arbeitsplätze bringt.",2026-03-05
generation,generation,Im September 2025 zwangen Proteste der jungen Generation die damalige Regierung zum Rücktritt. Am Donnerstag finden Neuwahlen statt. Erfüllen sich die Forderungen der Jugendbewegung?,2026-03-05
nordeuropa,Northern Europe .,Weltweit wird immer häufiger mit Wärmepumpen geheizt. Das spart Geld und ist klimafreundlich. Doch wie gut arbeiten sie bei sehr tiefen Temperaturen? In Nordeuropa ist die Technik schon lange bewährt.,2026-03-05
auswirken,.,Die Angriffe der USA und Israels auf den Iran sowie die iranischen Gegenschläge erfassen inzwischen nahezu den ganzen Nahen Osten. Wie wird sich diese Konfrontation auf Russlands Krieg gegen die Ukraine auswirken?,2026-03-05
erreichen,goal&#x0D;,"Trotz der Sanktionen sind deutsche Komponenten in Drohnen zu finden, mit denen Russland die Ukraine angreift. Ihre Zahl könnte Hunderttausende erreichen, und das russische Militär schätzt deutsche Bauteile offenbar sehr.",2026-03-05
russische,Russian,"Trotz der Sanktionen sind deutsche Komponenten in Drohnen zu finden, mit denen Russland die Ukraine angreift. Ihre Zahl könnte Hunderttausende erreichen, und das russische Militär schätzt deutsche Bauteile offenbar sehr.",2026-03-05
zapfsäule,Dispenser,Der Besuch an der Zapfsäule ist in Deutschland kostspielig geworden. Sogar Tankstellenpächter beschweren sich über die Öl-Konzerne. Die Bundesregierung plant derzeit keine Spritpreisbremse.,2026-03-05
rücktritt,Withdrawal,Im September 2025 zwangen Proteste der jungen Generation die damalige Regierung zum Rücktritt. Am Donnerstag finden Neuwahlen statt. Erfüllen sich die Forderungen der Jugendbewegung?,2026-03-05
neuwahlen,New elections,Im September 2025 zwangen Proteste der jungen Generation die damalige Regierung zum Rücktritt. Am Donnerstag finden Neuwahlen statt. Erfüllen sich die Forderungen der Jugendbewegung?,2026-03-05
angriffe,Attacks,Die Angriffe der USA und Israels auf den Iran sowie die iranischen Gegenschläge erfassen inzwischen nahezu den ganzen Nahen Osten. Wie wird sich diese Konfrontation auf Russlands Krieg gegen die Ukraine auswirken?,2026-03-05
erfassen,Capture,Die Angriffe der USA und Israels auf den Iran sowie die iranischen Gegenschläge erfassen inzwischen nahezu den ganzen Nahen Osten. Wie wird sich diese Konfrontation auf Russlands Krieg gegen die Ukraine auswirken?,2026-03-05
geschlechterkonflikt,gender conflict,"Junge Männer mit alten Vorstellungen: Eine Studie zeigt, dass ein Teil der Gen Z überraschend konservativ denkt und alte Rollenbilder befürwortet. Treibt Social Media junge Menschen in einen Geschlechterkonflikt?",2026-03-06
durchhalteparolen,perseverance slogans,Israels Armee attackiert ein weiteres Mal Ziele im Iran. Auch Stellungen im Libanon werden angegriffen. Gleichzeitig fliegen abermals Raketen auf Israel. Aus den USA kommen Durchhalteparolen.,2026-03-06
urlaubswirtschaft,holiday economy,Der Iran-Krieg bremst die Urlaubswirtschaft auf der arabischen Halbinsel aus. Die erlebte zuletzt einen enormen Aufschwung und verzeichnete immer neue Rekorde.,2026-03-06
deutschlandtrend,germany trend,Drei Viertel der Deutschen fühlen sich von der Weltlage bedroht und machen sich große Sorgen. Das geht aus dem aktuellen ARD-Deutschlandtrend hervor.,2026-03-06
gefängnisstrafe,imprisonment,"Er ging mit einem Messer auf einen Touristen los, der das Holocaust-Mahnmal in Deutschlands Hauptstadt Berlin besuchte. Nun fiel das Urteil: Der angeklagte Syrer muss eine lange Gefängnisstrafe verbüßen.",2026-03-06
südeuropäische,southern European,"Das südeuropäische Land wird mit Drohungen des US-Präsidenten überzogen, nachdem es seine Basen im Irankrieg für das US-Militär sperrte. Doch die meisten Spanier stehen hinter dem strikten Kurs ihres Premiers.",2026-03-06
volkskongress,people's Congress,Das neue vom Nationalen Volkskongress in China ausgegebene Wachstumsziel fällt so niedrig aus wie seit 1991 nicht mehr. Ein Grund ist die schwache Nachfrage im Inland. Für die Streitkräfte gibt es dennoch mehr Geld.,2026-03-06
wachstumsziel,growth target,Das neue vom Nationalen Volkskongress in China ausgegebene Wachstumsziel fällt so niedrig aus wie seit 1991 nicht mehr. Ein Grund ist die schwache Nachfrage im Inland. Für die Streitkräfte gibt es dennoch mehr Geld.,2026-03-06
vorstellungen,Introductions,"Junge Männer mit alten Vorstellungen: Eine Studie zeigt, dass ein Teil der Gen Z überraschend konservativ denkt und alte Rollenbilder befürwortet. Treibt Social Media junge Menschen in einen Geschlechterkonflikt?",2026-03-06
streitkräfte,Armed forces,Das neue vom Nationalen Volkskongress in China ausgegebene Wachstumsziel fällt so niedrig aus wie seit 1991 nicht mehr. Ein Grund ist die schwache Nachfrage im Inland. Für die Streitkräfte gibt es dennoch mehr Geld.,2026-03-06
beschneidung,Circumcision,Erstmals seit dem US-Angriff auf den Iran hat die Regierung deutsche Bürger aus der Region ausfliegen lassen. Im US-Senat ist eine Resolution zur Beschneidung von Trumps Befugnissen gescheitert. Das Wichtigste in Kürze.,2026-03-06
überraschend,Surprisingly,"Junge Männer mit alten Vorstellungen: Eine Studie zeigt, dass ein Teil der Gen Z überraschend konservativ denkt und alte Rollenbilder befürwortet. Treibt Social Media junge Menschen in einen Geschlechterkonflikt?",2026-03-06
rollenbilder,Role models,"Junge Männer mit alten Vorstellungen: Eine Studie zeigt, dass ein Teil der Gen Z überraschend konservativ denkt und alte Rollenbilder befürwortet. Treibt Social Media junge Menschen in einen Geschlechterkonflikt?",2026-03-06
verzeichnete,recorded,Der Iran-Krieg bremst die Urlaubswirtschaft auf der arabischen Halbinsel aus. Die erlebte zuletzt einen enormen Aufschwung und verzeichnete immer neue Rekorde.,2026-03-06
berühmteste,most famous,"Rund sechs Millionen Menschen besuchen jährlich die wohl berühmteste deutsche Kirche, den Kölner Dom. Bislang war das kostenlos. Das soll sich für Touristen nun ändern.",2026-03-06
ausgegebene,issued,Das neue vom Nationalen Volkskongress in China ausgegebene Wachstumsziel fällt so niedrig aus wie seit 1991 nicht mehr. Ein Grund ist die schwache Nachfrage im Inland. Für die Streitkräfte gibt es dennoch mehr Geld.,2026-03-06
befugnissen,making powers.,Erstmals seit dem US-Angriff auf den Iran hat die Regierung deutsche Bürger aus der Region ausfliegen lassen. Im US-Senat ist eine Resolution zur Beschneidung von Trumps Befugnissen gescheitert. Das Wichtigste in Kürze.,2026-03-06
gescheitert,have  failed.,Erstmals seit dem US-Angriff auf den Iran hat die Regierung deutsche Bürger aus der Region ausfliegen lassen. Im US-Senat ist eine Resolution zur Beschneidung von Trumps Befugnissen gescheitert. Das Wichtigste in Kürze.,2026-03-06
konservativ,conservative,"Junge Männer mit alten Vorstellungen: Eine Studie zeigt, dass ein Teil der Gen Z überraschend konservativ denkt und alte Rollenbilder befürwortet. Treibt Social Media junge Menschen in einen Geschlechterkonflikt?",2026-03-06
befürwortet,championed,"Junge Männer mit alten Vorstellungen: Eine Studie zeigt, dass ein Teil der Gen Z überraschend konservativ denkt und alte Rollenbilder befürwortet. Treibt Social Media junge Menschen in einen Geschlechterkonflikt?",2026-03-06
nationalen,national,Das neue vom Nationalen Volkskongress in China ausgegebene Wachstumsziel fällt so niedrig aus wie seit 1991 nicht mehr. Ein Grund ist die schwache Nachfrage im Inland. Für die Streitkräfte gibt es dennoch mehr Geld.,2026-03-06
hauptstadt,capital,"Er ging mit einem Messer auf einen Touristen los, der das Holocaust-Mahnmal in Deutschlands Hauptstadt Berlin besuchte. Nun fiel das Urteil: Der angeklagte Syrer muss eine lange Gefängnisstrafe verbüßen.",2026-03-06
angeklagte,DEFENDANT,"Er ging mit einem Messer auf einen Touristen los, der das Holocaust-Mahnmal in Deutschlands Hauptstadt Berlin besuchte. Nun fiel das Urteil: Der angeklagte Syrer muss eine lange Gefängnisstrafe verbüßen.",2026-03-06
attackiert,Attacks,Israels Armee attackiert ein weiteres Mal Ziele im Iran. Auch Stellungen im Libanon werden angegriffen. Gleichzeitig fliegen abermals Raketen auf Israel. Aus den USA kommen Durchhalteparolen.,2026-03-06
ausfliegen,Flyout,Erstmals seit dem US-Angriff auf den Iran hat die Regierung deutsche Bürger aus der Region ausfliegen lassen. Im US-Senat ist eine Resolution zur Beschneidung von Trumps Befugnissen gescheitert. Das Wichtigste in Kürze.,2026-03-06
resolution,resolution,Erstmals seit dem US-Angriff auf den Iran hat die Regierung deutsche Bürger aus der Region ausfliegen lassen. Im US-Senat ist eine Resolution zur Beschneidung von Trumps Befugnissen gescheitert. Das Wichtigste in Kürze.,2026-03-06
arabischen,arabic,Der Iran-Krieg bremst die Urlaubswirtschaft auf der arabischen Halbinsel aus. Die erlebte zuletzt einen enormen Aufschwung und verzeichnete immer neue Rekorde.,2026-03-06
aufschwung,half loop and half roll,Der Iran-Krieg bremst die Urlaubswirtschaft auf der arabischen Halbinsel aus. Die erlebte zuletzt einen enormen Aufschwung und verzeichnete immer neue Rekorde.,2026-03-06
millionen,million,"Rund sechs Millionen Menschen besuchen jährlich die wohl berühmteste deutsche Kirche, den Kölner Dom. Bislang war das kostenlos. Das soll sich für Touristen nun ändern.",2026-03-06
kostenlos,Free of charge,"Rund sechs Millionen Menschen besuchen jährlich die wohl berühmteste deutsche Kirche, den Kölner Dom. Bislang war das kostenlos. Das soll sich für Touristen nun ändern.",2026-03-06
nachfrage,request,Das neue vom Nationalen Volkskongress in China ausgegebene Wachstumsziel fällt so niedrig aus wie seit 1991 nicht mehr. Ein Grund ist die schwache Nachfrage im Inland. Für die Streitkräfte gibt es dennoch mehr Geld.,2026-03-06
holocaust,Holocaust (sacrifice),"Er ging mit einem Messer auf einen Touristen los, der das Holocaust-Mahnmal in Deutschlands Hauptstadt Berlin besuchte. Nun fiel das Urteil: Der angeklagte Syrer muss eine lange Gefängnisstrafe verbüßen.",2026-03-06
aktuellen,current,Drei Viertel der Deutschen fühlen sich von der Weltlage bedroht und machen sich große Sorgen. Das geht aus dem aktuellen ARD-Deutschlandtrend hervor.,2026-03-06
halbinsel,Peninsula,Der Iran-Krieg bremst die Urlaubswirtschaft auf der arabischen Halbinsel aus. Die erlebte zuletzt einen enormen Aufschwung und verzeichnete immer neue Rekorde.,2026-03-06
drohungen,Threats.,"Das südeuropäische Land wird mit Drohungen des US-Präsidenten überzogen, nachdem es seine Basen im Irankrieg für das US-Militär sperrte. Doch die meisten Spanier stehen hinter dem strikten Kurs ihres Premiers.",2026-03-06
überzogen,COATED,"Das südeuropäische Land wird mit Drohungen des US-Präsidenten überzogen, nachdem es seine Basen im Irankrieg für das US-Militär sperrte. Doch die meisten Spanier stehen hinter dem strikten Kurs ihres Premiers.",2026-03-06
irankrieg,iranian war,"Das südeuropäische Land wird mit Drohungen des US-Präsidenten überzogen, nachdem es seine Basen im Irankrieg für das US-Militär sperrte. Doch die meisten Spanier stehen hinter dem strikten Kurs ihres Premiers.",2026-03-06
kongress,congress,Der Iran-Krieg lässt auch in Amerika die Preise steigen und treibt einen Keil in das MAGA-Lager. Noch dazu hat Präsident Trump die Entscheidung am Kongress vorbei getroffen - und das im Jahr der Midterm-Wahlen.,2026-03-06
menschen,People,"Rund sechs Millionen Menschen besuchen jährlich die wohl berühmteste deutsche Kirche, den Kölner Dom. Bislang war das kostenlos. Das soll sich für Touristen nun ändern.",2026-03-06
besuchen,if you'd like to find out,"Rund sechs Millionen Menschen besuchen jährlich die wohl berühmteste deutsche Kirche, den Kölner Dom. Bislang war das kostenlos. Das soll sich für Touristen nun ändern.",2026-03-06
jährlich,Annually,"Rund sechs Millionen Menschen besuchen jährlich die wohl berühmteste deutsche Kirche, den Kölner Dom. Bislang war das kostenlos. Das soll sich für Touristen nun ändern.",2026-03-06
schwache,weak,Das neue vom Nationalen Volkskongress in China ausgegebene Wachstumsziel fällt so niedrig aus wie seit 1991 nicht mehr. Ein Grund ist die schwache Nachfrage im Inland. Für die Streitkräfte gibt es dennoch mehr Geld.,2026-03-06
besuchte,have you visited ?,"Er ging mit einem Messer auf einen Touristen los, der das Holocaust-Mahnmal in Deutschlands Hauptstadt Berlin besuchte. Nun fiel das Urteil: Der angeklagte Syrer muss eine lange Gefängnisstrafe verbüßen.",2026-03-06
verbüßen,to forfeit,"Er ging mit einem Messer auf einen Touristen los, der das Holocaust-Mahnmal in Deutschlands Hauptstadt Berlin besuchte. Nun fiel das Urteil: Der angeklagte Syrer muss eine lange Gefängnisstrafe verbüßen.",2026-03-06
weiteres,wider spectrum of,Israels Armee attackiert ein weiteres Mal Ziele im Iran. Auch Stellungen im Libanon werden angegriffen. Gleichzeitig fliegen abermals Raketen auf Israel. Aus den USA kommen Durchhalteparolen.,2026-03-06
abermals,again,Israels Armee attackiert ein weiteres Mal Ziele im Iran. Auch Stellungen im Libanon werden angegriffen. Gleichzeitig fliegen abermals Raketen auf Israel. Aus den USA kommen Durchhalteparolen.,2026-03-06
weltlage,World situation,Drei Viertel der Deutschen fühlen sich von der Weltlage bedroht und machen sich große Sorgen. Das geht aus dem aktuellen ARD-Deutschlandtrend hervor.,2026-03-06
heimatschutzministerin,minister of Homeland Security,Nach dem brutalen Vorgehen von US-Beamten in der Migrationspolitik geriet Heimatschutzministerin Kristi Noem unter Druck. Die USA erlauben Indien jetzt den Kauf von russischem Erdöl. Das Wichtigste in Kürze.,2026-03-07
übergangsregierung,Provisional government,Die USA und die venezolanische Übergangsregierung haben die Wiederaufnahme ihrer diplomatischen und konsularischen Beziehungen vereinbart. Diese waren 2019 abgebrochen worden.,2026-03-07
flüchtlingszahlen,refugee numbers,"Als direkter Nachbar des Iran blickt die Türkei mit Sorge auf die Eskalation im Nahen Osten. Ankara fürchtet einen Flächenbrand in der Region, das Erstarken kurdischer Gruppen und steigende Flüchtlingszahlen.",2026-03-07
migrationspolitik,Migration policy,Nach dem brutalen Vorgehen von US-Beamten in der Migrationspolitik geriet Heimatschutzministerin Kristi Noem unter Druck. Die USA erlauben Indien jetzt den Kauf von russischem Erdöl. Das Wichtigste in Kürze.,2026-03-07
parlamentswahlen,parliamentary elections,Im Kosovo stehen erneut vorgezogene Parlamentswahlen an. Grund ist ein eskalierter Streit um das nächste Staatsoberhaupt.,2026-03-07
museumsdirektor,MUSEUM DIRECTOR,"Ein riesiges geologisches Archiv sorgt für Streit: Das US-Bergbau-Startup KoBold Metals will die Daten für den Kongo digitalisieren. Das belgische Afrika-Museum lehnt ab. Museumsdirektor Bart Ouvry erklärt der DW, warum.",2026-03-07
außenpolitische,foreign policy,"Ungarns Premier Viktor Orban will seine Macht retten und erfindet im Wahlkampf daher fiktive außenpolitische Bedrohungen - vor allem aus der Ukraine. Daraus wird nun eine reale politische Krise, die auch Europa betrifft.",2026-03-07
venezolanische,Venezuelan,Die USA und die venezolanische Übergangsregierung haben die Wiederaufnahme ihrer diplomatischen und konsularischen Beziehungen vereinbart. Diese waren 2019 abgebrochen worden.,2026-03-07
wiederaufnahme,Retake,Die USA und die venezolanische Übergangsregierung haben die Wiederaufnahme ihrer diplomatischen und konsularischen Beziehungen vereinbart. Diese waren 2019 abgebrochen worden.,2026-03-07
diplomatischen,diplomatic,Die USA und die venezolanische Übergangsregierung haben die Wiederaufnahme ihrer diplomatischen und konsularischen Beziehungen vereinbart. Diese waren 2019 abgebrochen worden.,2026-03-07
konsularischen,consular,Die USA und die venezolanische Übergangsregierung haben die Wiederaufnahme ihrer diplomatischen und konsularischen Beziehungen vereinbart. Diese waren 2019 abgebrochen worden.,2026-03-07
digitalisieren,digitize,"Ein riesiges geologisches Archiv sorgt für Streit: Das US-Bergbau-Startup KoBold Metals will die Daten für den Kongo digitalisieren. Das belgische Afrika-Museum lehnt ab. Museumsdirektor Bart Ouvry erklärt der DW, warum.",2026-03-07
kriegsverlauf,Progress of the war,"Die Zukunft des Iran ist völlig offen - und hängt nicht zuletzt auch vom weiteren Kriegsverlauf ab. Wir erklären verschiedene Szenarien, wie es danach weitergehen könnte.",2026-03-07
gegenseitigen,Mutual recognition procedure,"Eine Woche nach Beginn des bewaffneten Konflikts zwischen den USA, Israel und dem Iran ist kein Ende in Sicht. Die gegenseitigen Angriffe gehen weiter. Auch an einer anderen Front eskaliert die Lage.",2026-03-07
flächenbrand,conflagration,"Als direkter Nachbar des Iran blickt die Türkei mit Sorge auf die Eskalation im Nahen Osten. Ankara fürchtet einen Flächenbrand in der Region, das Erstarken kurdischer Gruppen und steigende Flüchtlingszahlen.",2026-03-07
landtagswahl,state election,Aus der Landtagswahl in Baden-Württemberg am 8. März könnte die CDU als Sieger hervorgehen. Nach 15 Jahren mit einem grünen Regierungschef. Aber der Vorsprung vor den Grünen ist denkbar gering.,2026-03-07
geologisches,geological,"Ein riesiges geologisches Archiv sorgt für Streit: Das US-Bergbau-Startup KoBold Metals will die Daten für den Kongo digitalisieren. Das belgische Afrika-Museum lehnt ab. Museumsdirektor Bart Ouvry erklärt der DW, warum.",2026-03-07
weitergehen,Put this silence on me.,"Die Zukunft des Iran ist völlig offen - und hängt nicht zuletzt auch vom weiteren Kriegsverlauf ab. Wir erklären verschiedene Szenarien, wie es danach weitergehen könnte.",2026-03-07
vorgezogene,preferred,Im Kosovo stehen erneut vorgezogene Parlamentswahlen an. Grund ist ein eskalierter Streit um das nächste Staatsoberhaupt.,2026-03-07
eskalierter,escalated,Im Kosovo stehen erneut vorgezogene Parlamentswahlen an. Grund ist ein eskalierter Streit um das nächste Staatsoberhaupt.,2026-03-07
abgebrochen,cancelled,Die USA und die venezolanische Übergangsregierung haben die Wiederaufnahme ihrer diplomatischen und konsularischen Beziehungen vereinbart. Diese waren 2019 abgebrochen worden.,2026-03-07
bewaffneten,armed,"Eine Woche nach Beginn des bewaffneten Konflikts zwischen den USA, Israel und dem Iran ist kein Ende in Sicht. Die gegenseitigen Angriffe gehen weiter. Auch an einer anderen Front eskaliert die Lage.",2026-03-07
württemberg,Württemberg,Aus der Landtagswahl in Baden-Württemberg am 8. März könnte die CDU als Sieger hervorgehen. Nach 15 Jahren mit einem grünen Regierungschef. Aber der Vorsprung vor den Grünen ist denkbar gering.,2026-03-07
hervorgehen,emerge,Aus der Landtagswahl in Baden-Württemberg am 8. März könnte die CDU als Sieger hervorgehen. Nach 15 Jahren mit einem grünen Regierungschef. Aber der Vorsprung vor den Grünen ist denkbar gering.,2026-03-07
kurdischer,kurdish,"Als direkter Nachbar des Iran blickt die Türkei mit Sorge auf die Eskalation im Nahen Osten. Ankara fürchtet einen Flächenbrand in der Region, das Erstarken kurdischer Gruppen und steigende Flüchtlingszahlen.",2026-03-07
vereinbart,.,Die USA und die venezolanische Übergangsregierung haben die Wiederaufnahme ihrer diplomatischen und konsularischen Beziehungen vereinbart. Diese waren 2019 abgebrochen worden.,2026-03-07
russischem,russian,Nach dem brutalen Vorgehen von US-Beamten in der Migrationspolitik geriet Heimatschutzministerin Kristi Noem unter Druck. Die USA erlauben Indien jetzt den Kauf von russischem Erdöl. Das Wichtigste in Kürze.,2026-03-07
erstarken,strengthen,"Als direkter Nachbar des Iran blickt die Türkei mit Sorge auf die Eskalation im Nahen Osten. Ankara fürchtet einen Flächenbrand in der Region, das Erstarken kurdischer Gruppen und steigende Flüchtlingszahlen.",2026-03-07
steigende,Ascending,"Als direkter Nachbar des Iran blickt die Türkei mit Sorge auf die Eskalation im Nahen Osten. Ankara fürchtet einen Flächenbrand in der Region, das Erstarken kurdischer Gruppen und steigende Flüchtlingszahlen.",2026-03-07
szenarien,Scenarios,"Die Zukunft des Iran ist völlig offen - und hängt nicht zuletzt auch vom weiteren Kriegsverlauf ab. Wir erklären verschiedene Szenarien, wie es danach weitergehen könnte.",2026-03-07
konflikts,conflict,"Eine Woche nach Beginn des bewaffneten Konflikts zwischen den USA, Israel und dem Iran ist kein Ende in Sicht. Die gegenseitigen Angriffe gehen weiter. Auch an einer anderen Front eskaliert die Lage.",2026-03-07
belgische,Belgian,"Ein riesiges geologisches Archiv sorgt für Streit: Das US-Bergbau-Startup KoBold Metals will die Daten für den Kongo digitalisieren. Das belgische Afrika-Museum lehnt ab. Museumsdirektor Bart Ouvry erklärt der DW, warum.",2026-03-07
wahlkampf,Election campaign,"Ungarns Premier Viktor Orban will seine Macht retten und erfindet im Wahlkampf daher fiktive außenpolitische Bedrohungen - vor allem aus der Ukraine. Daraus wird nun eine reale politische Krise, die auch Europa betrifft.",2026-03-07
grafiken,graphics,"Die Spannungen im Nahen Osten haben sich seit den Angriffen der USA und Israels auf den Iran verschärft. Diese Grafiken und Karten helfen, den Krieg und seine Auswirkungen zu verstehen.",2026-03-07
direkter,Direct,"Als direkter Nachbar des Iran blickt die Türkei mit Sorge auf die Eskalation im Nahen Osten. Ankara fürchtet einen Flächenbrand in der Region, das Erstarken kurdischer Gruppen und steigende Flüchtlingszahlen.",2026-03-07
fürchtet,fears,"Als direkter Nachbar des Iran blickt die Türkei mit Sorge auf die Eskalation im Nahen Osten. Ankara fürchtet einen Flächenbrand in der Region, das Erstarken kurdischer Gruppen und steigende Flüchtlingszahlen.",2026-03-07
weiteren,more,"Die Zukunft des Iran ist völlig offen - und hängt nicht zuletzt auch vom weiteren Kriegsverlauf ab. Wir erklären verschiedene Szenarien, wie es danach weitergehen könnte.",2026-03-07
erklären,to explain,"Die Zukunft des Iran ist völlig offen - und hängt nicht zuletzt auch vom weiteren Kriegsverlauf ab. Wir erklären verschiedene Szenarien, wie es danach weitergehen könnte.",2026-03-07
brutalen,brutal,Nach dem brutalen Vorgehen von US-Beamten in der Migrationspolitik geriet Heimatschutzministerin Kristi Noem unter Druck. Die USA erlauben Indien jetzt den Kauf von russischem Erdöl. Das Wichtigste in Kürze.,2026-03-07
vorgehen,Context matters.,Nach dem brutalen Vorgehen von US-Beamten in der Migrationspolitik geriet Heimatschutzministerin Kristi Noem unter Druck. Die USA erlauben Indien jetzt den Kauf von russischem Erdöl. Das Wichtigste in Kürze.,2026-03-07
erlauben,allow,Nach dem brutalen Vorgehen von US-Beamten in der Migrationspolitik geriet Heimatschutzministerin Kristi Noem unter Druck. Die USA erlauben Indien jetzt den Kauf von russischem Erdöl. Das Wichtigste in Kürze.,2026-03-07
riesiges,huge,"Ein riesiges geologisches Archiv sorgt für Streit: Das US-Bergbau-Startup KoBold Metals will die Daten für den Kongo digitalisieren. Das belgische Afrika-Museum lehnt ab. Museumsdirektor Bart Ouvry erklärt der DW, warum.",2026-03-07
erfindet,invents,"Ungarns Premier Viktor Orban will seine Macht retten und erfindet im Wahlkampf daher fiktive außenpolitische Bedrohungen - vor allem aus der Ukraine. Daraus wird nun eine reale politische Krise, die auch Europa betrifft.",2026-03-07
betrifft,concerns,"Ungarns Premier Viktor Orban will seine Macht retten und erfindet im Wahlkampf daher fiktive außenpolitische Bedrohungen - vor allem aus der Ukraine. Daraus wird nun eine reale politische Krise, die auch Europa betrifft.",2026-03-07
israels,israeli,"Die Spannungen im Nahen Osten haben sich seit den Angriffen der USA und Israels auf den Iran verschärft. Diese Grafiken und Karten helfen, den Krieg und seine Auswirkungen zu verstehen.",2026-03-07
mittelamerikanische,central American,"Nach den US-israelischen Angriffen auf den Iran steht als nächstes möglicherweise Kuba auf der Agenda von US-Präsident Donald Trump. Das mittelamerikanische Land werde ""ziemlich bald fallen"", ließ Trump wissen.",2026-03-08
volksabstimmung,Referendum,Die USA wollen mit dem Mullah-Regime in Teheran nicht mehr verhandeln. Islands Regierung treibt eine Volksabstimmung über einen EU-Beitritt voran. Das Wichtigste in Kürze.,2026-03-08
möglicherweise,possibly,"Nach den US-israelischen Angriffen auf den Iran steht als nächstes möglicherweise Kuba auf der Agenda von US-Präsident Donald Trump. Das mittelamerikanische Land werde ""ziemlich bald fallen"", ließ Trump wissen.",2026-03-08
umweltexperten,environmental experts,"Die Regierung will in Wohnungen den Einbau von neuen Gasheizungen wieder erlauben. Umweltexperten warnen, Deutschland könne seine Klimaziele verfehlen.",2026-03-08
früherkennung,Early detection,In Spanien gelten strenge Maßnahmen gegen Gewalt an Frauen. Aber auch hier werden noch Frauen getötet. Ein digitales Kunstprojekt will ihre Schicksale sichtbar machen - und KI-Früherkennung soll Femizide verhindern.,2026-03-08
angriffswelle,attack shaft,Erneut hat Russland die Ukraine attackiert - mit einer besonders schweren nächtlichen Angriffswelle. Es gibt Tote und Verletzte. In der gesamten Ukraine wurde Luftalarm ausgelöst.,2026-03-08
allmendinger,gradual mendinger,"Für Frauen in Deutschland ist es noch immer schwer, Beruf und Familie unter einen Hut zu kriegen. Doch es gibt Hoffnung, sagt die bekannte deutsche Soziologin Jutta Allmendinger. Länder wie Island machen es vor.",2026-03-08
kunstprojekt,Kunstprojekt?,In Spanien gelten strenge Maßnahmen gegen Gewalt an Frauen. Aber auch hier werden noch Frauen getötet. Ein digitales Kunstprojekt will ihre Schicksale sichtbar machen - und KI-Früherkennung soll Femizide verhindern.,2026-03-08
israelischen,israeli,"Nach den US-israelischen Angriffen auf den Iran steht als nächstes möglicherweise Kuba auf der Agenda von US-Präsident Donald Trump. Das mittelamerikanische Land werde ""ziemlich bald fallen"", ließ Trump wissen.",2026-03-08
gasheizungen,gas heaters,"Die Regierung will in Wohnungen den Einbau von neuen Gasheizungen wieder erlauben. Umweltexperten warnen, Deutschland könne seine Klimaziele verfehlen.",2026-03-08
nächtlichen,nocturnal,Erneut hat Russland die Ukraine attackiert - mit einer besonders schweren nächtlichen Angriffswelle. Es gibt Tote und Verletzte. In der gesamten Ukraine wurde Luftalarm ausgelöst.,2026-03-08
soziologin,sociologist,"Für Frauen in Deutschland ist es noch immer schwer, Beruf und Familie unter einen Hut zu kriegen. Doch es gibt Hoffnung, sagt die bekannte deutsche Soziologin Jutta Allmendinger. Länder wie Island machen es vor.",2026-03-08
schicksale,fates,In Spanien gelten strenge Maßnahmen gegen Gewalt an Frauen. Aber auch hier werden noch Frauen getötet. Ein digitales Kunstprojekt will ihre Schicksale sichtbar machen - und KI-Früherkennung soll Femizide verhindern.,2026-03-08
verhindern,avoided,In Spanien gelten strenge Maßnahmen gegen Gewalt an Frauen. Aber auch hier werden noch Frauen getötet. Ein digitales Kunstprojekt will ihre Schicksale sichtbar machen - und KI-Früherkennung soll Femizide verhindern.,2026-03-08
klimaziele,climate targets,"Die Regierung will in Wohnungen den Einbau von neuen Gasheizungen wieder erlauben. Umweltexperten warnen, Deutschland könne seine Klimaziele verfehlen.",2026-03-08
maßnahmen,Measures,In Spanien gelten strenge Maßnahmen gegen Gewalt an Frauen. Aber auch hier werden noch Frauen getötet. Ein digitales Kunstprojekt will ihre Schicksale sichtbar machen - und KI-Früherkennung soll Femizide verhindern.,2026-03-08
digitales,digital,In Spanien gelten strenge Maßnahmen gegen Gewalt an Frauen. Aber auch hier werden noch Frauen getötet. Ein digitales Kunstprojekt will ihre Schicksale sichtbar machen - und KI-Früherkennung soll Femizide verhindern.,2026-03-08
besonders,particularly,Erneut hat Russland die Ukraine attackiert - mit einer besonders schweren nächtlichen Angriffswelle. Es gibt Tote und Verletzte. In der gesamten Ukraine wurde Luftalarm ausgelöst.,2026-03-08
verletzte,injured,Erneut hat Russland die Ukraine attackiert - mit einer besonders schweren nächtlichen Angriffswelle. Es gibt Tote und Verletzte. In der gesamten Ukraine wurde Luftalarm ausgelöst.,2026-03-08
luftalarm,air alarm,Erneut hat Russland die Ukraine attackiert - mit einer besonders schweren nächtlichen Angriffswelle. Es gibt Tote und Verletzte. In der gesamten Ukraine wurde Luftalarm ausgelöst.,2026-03-08
ausgelöst,tripped,Erneut hat Russland die Ukraine attackiert - mit einer besonders schweren nächtlichen Angriffswelle. Es gibt Tote und Verletzte. In der gesamten Ukraine wurde Luftalarm ausgelöst.,2026-03-08
wohnungen,rooms,"Die Regierung will in Wohnungen den Einbau von neuen Gasheizungen wieder erlauben. Umweltexperten warnen, Deutschland könne seine Klimaziele verfehlen.",2026-03-08
verfehlen,miss,"Die Regierung will in Wohnungen den Einbau von neuen Gasheizungen wieder erlauben. Umweltexperten warnen, Deutschland könne seine Klimaziele verfehlen.",2026-03-08
hoffnung,hope,"Für Frauen in Deutschland ist es noch immer schwer, Beruf und Familie unter einen Hut zu kriegen. Doch es gibt Hoffnung, sagt die bekannte deutsche Soziologin Jutta Allmendinger. Länder wie Island machen es vor.",2026-03-08
bekannte,Friends,"Für Frauen in Deutschland ist es noch immer schwer, Beruf und Familie unter einen Hut zu kriegen. Doch es gibt Hoffnung, sagt die bekannte deutsche Soziologin Jutta Allmendinger. Länder wie Island machen es vor.",2026-03-08
sichtbar,images visible,In Spanien gelten strenge Maßnahmen gegen Gewalt an Frauen. Aber auch hier werden noch Frauen getötet. Ein digitales Kunstprojekt will ihre Schicksale sichtbar machen - und KI-Früherkennung soll Femizide verhindern.,2026-03-08
femizide,femicidal,In Spanien gelten strenge Maßnahmen gegen Gewalt an Frauen. Aber auch hier werden noch Frauen getötet. Ein digitales Kunstprojekt will ihre Schicksale sichtbar machen - und KI-Früherkennung soll Femizide verhindern.,2026-03-08
russland,Russia,Erneut hat Russland die Ukraine attackiert - mit einer besonders schweren nächtlichen Angriffswelle. Es gibt Tote und Verletzte. In der gesamten Ukraine wurde Luftalarm ausgelöst.,2026-03-08
schweren,severely,Erneut hat Russland die Ukraine attackiert - mit einer besonders schweren nächtlichen Angriffswelle. Es gibt Tote und Verletzte. In der gesamten Ukraine wurde Luftalarm ausgelöst.,2026-03-08
gesamten,the overall,Erneut hat Russland die Ukraine attackiert - mit einer besonders schweren nächtlichen Angriffswelle. Es gibt Tote und Verletzte. In der gesamten Ukraine wurde Luftalarm ausgelöst.,2026-03-08
nächstes,next,"Nach den US-israelischen Angriffen auf den Iran steht als nächstes möglicherweise Kuba auf der Agenda von US-Präsident Donald Trump. Das mittelamerikanische Land werde ""ziemlich bald fallen"", ließ Trump wissen.",2026-03-08
ziemlich,somewhat,"Nach den US-israelischen Angriffen auf den Iran steht als nächstes möglicherweise Kuba auf der Agenda von US-Präsident Donald Trump. Das mittelamerikanische Land werde ""ziemlich bald fallen"", ließ Trump wissen.",2026-03-08
beitritt,Joined,Die USA wollen mit dem Mullah-Regime in Teheran nicht mehr verhandeln. Islands Regierung treibt eine Volksabstimmung über einen EU-Beitritt voran. Das Wichtigste in Kürze.,2026-03-08
ministerpräsident,Prime Minister,Nach einer Aufholjagd zum Ende des Wahlkampfs haben die Grünen die Landtagswahl in Baden-Württemberg gewonnen. Neuer Ministerpräsident dürfte jetzt Cem Özdemir werden.,2026-03-09
oberbürgermeister,Mayor,Der Mammutprozess gegen Istanbuls Ex-Oberbürgermeister beginnt. Dem größten politischen Gegner von Präsident Recep Tayyip Erdogan drohen bis zu 2430 Jahre Haft. Doch die Vorwürfe sind zweifelhaft.,2026-03-09
südamerikanischen,South American,In Kolumbien sind rund 41 Millionen Bürger zur Wahl eines neuen Parlaments aufgerufen. Die Abstimmung ist für die Parteien in dem südamerikanischen Land ein wichtiger Stimmungstest vor der Präsidentenwahl im Mai.,2026-03-09
südwestdeutschen,southwest German,Kopf an Kopf: Bei der Landtagswahl im südwestdeutschen Bundesland Baden-Württemberg liegen die Grünen hauchdünn vor der CDU. Für die SPD ist die Wahl ein Desaster. Die AfD kann ihr Ergebnis verdoppeln.,2026-03-09
kriegsverbrechen,- war crimes;,"In Instagram-Posts werden NS-Täter glorifiziert - Kriegsverbrechen und die Beteiligung am Holocaust dagegen verschwiegen. Opferverbände sprechen von einem ""Anschlag auf die Würde der Überlebenden"".",2026-03-09
rundfunkbeiträge,Broadcast contributions,Die Initiatoren wollten den öffentlichen Rundfunk SRG in der Schweiz deutlich schwächen und hatten eine Volksabstimmung erzwungen. Das Ziel: weniger Rundfunkbeiträge. Doch die Wähler entschieden anders.,2026-03-09
gründungstreffen,founding meeting,US-Präsident Trump hat mit mehreren Staaten in Lateinamerika und der Karibik eine Initiative zum Kampf gegen Drogenkartelle ins Leben gerufen. Beim Gründungstreffen in Florida wiederholte er zudem Drohungen gegen Kuba.,2026-03-09
präsidentenwahl,presidential election,In Kolumbien sind rund 41 Millionen Bürger zur Wahl eines neuen Parlaments aufgerufen. Die Abstimmung ist für die Parteien in dem südamerikanischen Land ein wichtiger Stimmungstest vor der Präsidentenwahl im Mai.,2026-03-09
angriffskriegs,war of aggression,Weltweit steigen Waffenexporte spürbar an. Die Angst Europas angesichts der russischen Angriffskriegs schlägt durch. So der aktuelle Bericht des schwedischen SIPRI-Instituts.,2026-03-09
drogenkartelle,drug cartels,US-Präsident Trump hat mit mehreren Staaten in Lateinamerika und der Karibik eine Initiative zum Kampf gegen Drogenkartelle ins Leben gerufen. Beim Gründungstreffen in Florida wiederholte er zudem Drohungen gegen Kuba.,2026-03-09
waffenexporte,arms exports,Weltweit steigen Waffenexporte spürbar an. Die Angst Europas angesichts der russischen Angriffskriegs schlägt durch. So der aktuelle Bericht des schwedischen SIPRI-Instituts.,2026-03-09
opferverbände,is issued:,"In Instagram-Posts werden NS-Täter glorifiziert - Kriegsverbrechen und die Beteiligung am Holocaust dagegen verschwiegen. Opferverbände sprechen von einem ""Anschlag auf die Würde der Überlebenden"".",2026-03-09
mammutprozess,mammoth process,Der Mammutprozess gegen Istanbuls Ex-Oberbürgermeister beginnt. Dem größten politischen Gegner von Präsident Recep Tayyip Erdogan drohen bis zu 2430 Jahre Haft. Doch die Vorwürfe sind zweifelhaft.,2026-03-09
stimmungstest,mood test,In Kolumbien sind rund 41 Millionen Bürger zur Wahl eines neuen Parlaments aufgerufen. Die Abstimmung ist für die Parteien in dem südamerikanischen Land ein wichtiger Stimmungstest vor der Präsidentenwahl im Mai.,2026-03-09
lateinamerika,Latin America,US-Präsident Trump hat mit mehreren Staaten in Lateinamerika und der Karibik eine Initiative zum Kampf gegen Drogenkartelle ins Leben gerufen. Beim Gründungstreffen in Florida wiederholte er zudem Drohungen gegen Kuba.,2026-03-09
schwedischen,swedish,Weltweit steigen Waffenexporte spürbar an. Die Angst Europas angesichts der russischen Angriffskriegs schlägt durch. So der aktuelle Bericht des schwedischen SIPRI-Instituts.,2026-03-09
glorifiziert,glorified,"In Instagram-Posts werden NS-Täter glorifiziert - Kriegsverbrechen und die Beteiligung am Holocaust dagegen verschwiegen. Opferverbände sprechen von einem ""Anschlag auf die Würde der Überlebenden"".",2026-03-09
verschwiegen,[],"In Instagram-Posts werden NS-Täter glorifiziert - Kriegsverbrechen und die Beteiligung am Holocaust dagegen verschwiegen. Opferverbände sprechen von einem ""Anschlag auf die Würde der Überlebenden"".",2026-03-09
überlebenden,survivors,"In Instagram-Posts werden NS-Täter glorifiziert - Kriegsverbrechen und die Beteiligung am Holocaust dagegen verschwiegen. Opferverbände sprechen von einem ""Anschlag auf die Würde der Überlebenden"".",2026-03-09
öffentlichen,public,Die Initiatoren wollten den öffentlichen Rundfunk SRG in der Schweiz deutlich schwächen und hatten eine Volksabstimmung erzwungen. Das Ziel: weniger Rundfunkbeiträge. Doch die Wähler entschieden anders.,2026-03-09
politischen,political,Der Mammutprozess gegen Istanbuls Ex-Oberbürgermeister beginnt. Dem größten politischen Gegner von Präsident Recep Tayyip Erdogan drohen bis zu 2430 Jahre Haft. Doch die Vorwürfe sind zweifelhaft.,2026-03-09
zweifelhaft,dubious,Der Mammutprozess gegen Istanbuls Ex-Oberbürgermeister beginnt. Dem größten politischen Gegner von Präsident Recep Tayyip Erdogan drohen bis zu 2430 Jahre Haft. Doch die Vorwürfe sind zweifelhaft.,2026-03-09
initiatoren,Initiators,Die Initiatoren wollten den öffentlichen Rundfunk SRG in der Schweiz deutlich schwächen und hatten eine Volksabstimmung erzwungen. Das Ziel: weniger Rundfunkbeiträge. Doch die Wähler entschieden anders.,2026-03-09
entschieden,have you chosen ?,Die Initiatoren wollten den öffentlichen Rundfunk SRG in der Schweiz deutlich schwächen und hatten eine Volksabstimmung erzwungen. Das Ziel: weniger Rundfunkbeiträge. Doch die Wähler entschieden anders.,2026-03-09
wiederholte,you have repeated,US-Präsident Trump hat mit mehreren Staaten in Lateinamerika und der Karibik eine Initiative zum Kampf gegen Drogenkartelle ins Leben gerufen. Beim Gründungstreffen in Florida wiederholte er zudem Drohungen gegen Kuba.,2026-03-09
bundesland,region,Kopf an Kopf: Bei der Landtagswahl im südwestdeutschen Bundesland Baden-Württemberg liegen die Grünen hauchdünn vor der CDU. Für die SPD ist die Wahl ein Desaster. Die AfD kann ihr Ergebnis verdoppeln.,2026-03-09
verdoppeln,double,Kopf an Kopf: Bei der Landtagswahl im südwestdeutschen Bundesland Baden-Württemberg liegen die Grünen hauchdünn vor der CDU. Für die SPD ist die Wahl ein Desaster. Die AfD kann ihr Ergebnis verdoppeln.,2026-03-09
aufholjagd,catching up,Nach einer Aufholjagd zum Ende des Wahlkampfs haben die Grünen die Landtagswahl in Baden-Württemberg gewonnen. Neuer Ministerpräsident dürfte jetzt Cem Özdemir werden.,2026-03-09
wahlkampfs,election campaign,Nach einer Aufholjagd zum Ende des Wahlkampfs haben die Grünen die Landtagswahl in Baden-Württemberg gewonnen. Neuer Ministerpräsident dürfte jetzt Cem Özdemir werden.,2026-03-09
parlaments,parliament,In Kolumbien sind rund 41 Millionen Bürger zur Wahl eines neuen Parlaments aufgerufen. Die Abstimmung ist für die Parteien in dem südamerikanischen Land ein wichtiger Stimmungstest vor der Präsidentenwahl im Mai.,2026-03-09
aufgerufen,are retrieved,In Kolumbien sind rund 41 Millionen Bürger zur Wahl eines neuen Parlaments aufgerufen. Die Abstimmung ist für die Parteien in dem südamerikanischen Land ein wichtiger Stimmungstest vor der Präsidentenwahl im Mai.,2026-03-09
abstimmung,reconciliation,In Kolumbien sind rund 41 Millionen Bürger zur Wahl eines neuen Parlaments aufgerufen. Die Abstimmung ist für die Parteien in dem südamerikanischen Land ein wichtiger Stimmungstest vor der Präsidentenwahl im Mai.,2026-03-09
initiative,Item,US-Präsident Trump hat mit mehreren Staaten in Lateinamerika und der Karibik eine Initiative zum Kampf gegen Drogenkartelle ins Leben gerufen. Beim Gründungstreffen in Florida wiederholte er zudem Drohungen gegen Kuba.,2026-03-09
hauchdünn,Sheer,Kopf an Kopf: Bei der Landtagswahl im südwestdeutschen Bundesland Baden-Württemberg liegen die Grünen hauchdünn vor der CDU. Für die SPD ist die Wahl ein Desaster. Die AfD kann ihr Ergebnis verdoppeln.,2026-03-09
instituts,Institute.,Weltweit steigen Waffenexporte spürbar an. Die Angst Europas angesichts der russischen Angriffskriegs schlägt durch. So der aktuelle Bericht des schwedischen SIPRI-Instituts.,2026-03-09
instagram,Instagram,"In Instagram-Posts werden NS-Täter glorifiziert - Kriegsverbrechen und die Beteiligung am Holocaust dagegen verschwiegen. Opferverbände sprechen von einem ""Anschlag auf die Würde der Überlebenden"".",2026-03-09
istanbuls,istanbuls,Der Mammutprozess gegen Istanbuls Ex-Oberbürgermeister beginnt. Dem größten politischen Gegner von Präsident Recep Tayyip Erdogan drohen bis zu 2430 Jahre Haft. Doch die Vorwürfe sind zweifelhaft.,2026-03-09
kolumbien,colombia,In Kolumbien sind rund 41 Millionen Bürger zur Wahl eines neuen Parlaments aufgerufen. Die Abstimmung ist für die Parteien in dem südamerikanischen Land ein wichtiger Stimmungstest vor der Präsidentenwahl im Mai.,2026-03-09
schwächen,weaken,Die Initiatoren wollten den öffentlichen Rundfunk SRG in der Schweiz deutlich schwächen und hatten eine Volksabstimmung erzwungen. Das Ziel: weniger Rundfunkbeiträge. Doch die Wähler entschieden anders.,2026-03-09
erzwungen,forced,Die Initiatoren wollten den öffentlichen Rundfunk SRG in der Schweiz deutlich schwächen und hatten eine Volksabstimmung erzwungen. Das Ziel: weniger Rundfunkbeiträge. Doch die Wähler entschieden anders.,2026-03-09
bundesverfassungsgericht,Federal Constitutional Court,"Der US-Luftwaffenstützpunkt Ramstein durfte für tödliche Drohnenangriffe auf den Jemen genutzt werden, urteilte das Bundesverfassungsgericht 2025. Ist das ein Freibrief für die Nutzung im Iran-Krieg? Eher nicht.",2026-03-10
luftwaffenstützpunkt,Airforce Base,"Der US-Luftwaffenstützpunkt Ramstein in Deutschland spielt für die Vereinigten Staaten eine wichtige Rolle. Umstritten war er schon immer, wegen des Iran-Kriegs auch jetzt wieder.",2026-03-10
militäroperationen,military operations,"Der US-Luftwaffenstützpunkt in Deutschland hat enorme Bedeutung für die Militäroperationen der USA, auch jetzt für die Einsätze gegen den Iran.",2026-03-10
rechtskonservative,right-wing conservatives,Polens rechtskonservative Oppositionspartei PiS steckt in der Krise. Ihr Hauptproblem: Ihre Wähler laufen zur rechtsextremen Konkurrenz über. Der katholische Hardliner Przemyslaw Czarnek soll den Trend umkehren.,2026-03-10
oppositionspartei,opposition party,Polens rechtskonservative Oppositionspartei PiS steckt in der Krise. Ihr Hauptproblem: Ihre Wähler laufen zur rechtsextremen Konkurrenz über. Der katholische Hardliner Przemyslaw Czarnek soll den Trend umkehren.,2026-03-10
drohnenangriffe,drone strikes,"Der US-Luftwaffenstützpunkt Ramstein durfte für tödliche Drohnenangriffe auf den Jemen genutzt werden, urteilte das Bundesverfassungsgericht 2025. Ist das ein Freibrief für die Nutzung im Iran-Krieg? Eher nicht.",2026-03-10
antisemitischen,anti-Semitic,Bei einer Explosion im belgischen Lüttich ist eine Synagoge beschädigt worden. Verletzt wurde bei dem Vorfall niemand. Die Behörden gehen von einem antisemitischen Hintergrund aus und haben Ermittlungen aufgenommen.,2026-03-10
rechtsextremen,right-wing extremists,Polens rechtskonservative Oppositionspartei PiS steckt in der Krise. Ihr Hauptproblem: Ihre Wähler laufen zur rechtsextremen Konkurrenz über. Der katholische Hardliner Przemyslaw Czarnek soll den Trend umkehren.,2026-03-10
meisterschaft,League,"Die Meisterschaft ist so gut wie entschieden, aber die halbe Fußball-Bundesliga spielt noch gegen den Abstieg. Beim VfL Wolfsburg hat die anhaltende Krise nun personelle Konsequenzen. Der Rückblick auf den 25. Spieltag.",2026-03-10
ermittlungen,Investigations,Bei einer Explosion im belgischen Lüttich ist eine Synagoge beschädigt worden. Verletzt wurde bei dem Vorfall niemand. Die Behörden gehen von einem antisemitischen Hintergrund aus und haben Ermittlungen aufgenommen.,2026-03-10
konsequenzen,Consequences,"Die Meisterschaft ist so gut wie entschieden, aber die halbe Fußball-Bundesliga spielt noch gegen den Abstieg. Beim VfL Wolfsburg hat die anhaltende Krise nun personelle Konsequenzen. Der Rückblick auf den 25. Spieltag.",2026-03-10
hauptproblem,Main problem,Polens rechtskonservative Oppositionspartei PiS steckt in der Krise. Ihr Hauptproblem: Ihre Wähler laufen zur rechtsextremen Konkurrenz über. Der katholische Hardliner Przemyslaw Czarnek soll den Trend umkehren.,2026-03-10
vereinigten,Education:,"Der US-Luftwaffenstützpunkt Ramstein in Deutschland spielt für die Vereinigten Staaten eine wichtige Rolle. Umstritten war er schon immer, wegen des Iran-Kriegs auch jetzt wieder.",2026-03-10
aufgenommen,added,Bei einer Explosion im belgischen Lüttich ist eine Synagoge beschädigt worden. Verletzt wurde bei dem Vorfall niemand. Die Behörden gehen von einem antisemitischen Hintergrund aus und haben Ermittlungen aufgenommen.,2026-03-10
katholische,CATHOLIC UNIVERSITY,Polens rechtskonservative Oppositionspartei PiS steckt in der Krise. Ihr Hauptproblem: Ihre Wähler laufen zur rechtsextremen Konkurrenz über. Der katholische Hardliner Przemyslaw Czarnek soll den Trend umkehren.,2026-03-10
umstritten,controversial,"Der US-Luftwaffenstützpunkt Ramstein in Deutschland spielt für die Vereinigten Staaten eine wichtige Rolle. Umstritten war er schon immer, wegen des Iran-Kriegs auch jetzt wieder.",2026-03-10
belgischen,belgian,Bei einer Explosion im belgischen Lüttich ist eine Synagoge beschädigt worden. Verletzt wurde bei dem Vorfall niemand. Die Behörden gehen von einem antisemitischen Hintergrund aus und haben Ermittlungen aufgenommen.,2026-03-10
beschädigt,damaged,Bei einer Explosion im belgischen Lüttich ist eine Synagoge beschädigt worden. Verletzt wurde bei dem Vorfall niemand. Die Behörden gehen von einem antisemitischen Hintergrund aus und haben Ermittlungen aufgenommen.,2026-03-10
bundesliga,Bundesliga,"Die Meisterschaft ist so gut wie entschieden, aber die halbe Fußball-Bundesliga spielt noch gegen den Abstieg. Beim VfL Wolfsburg hat die anhaltende Krise nun personelle Konsequenzen. Der Rückblick auf den 25. Spieltag.",2026-03-10
anhaltende,persistent,"Die Meisterschaft ist so gut wie entschieden, aber die halbe Fußball-Bundesliga spielt noch gegen den Abstieg. Beim VfL Wolfsburg hat die anhaltende Krise nun personelle Konsequenzen. Der Rückblick auf den 25. Spieltag.",2026-03-10
personelle,Personnel,"Die Meisterschaft ist so gut wie entschieden, aber die halbe Fußball-Bundesliga spielt noch gegen den Abstieg. Beim VfL Wolfsburg hat die anhaltende Krise nun personelle Konsequenzen. Der Rückblick auf den 25. Spieltag.",2026-03-10
nachfolger,Successor,Mit sehr knappem Vorsprung haben die Grünen die Landtagswahl in Baden-Württemberg gewonnen. Im Iran ist ein Nachfolger für den getöteten Ajatollah Ali Chamenei bestimmt worden. Das Wichtigste in Kürze.,2026-03-10
konkurrenz,COMPETITION,Polens rechtskonservative Oppositionspartei PiS steckt in der Krise. Ihr Hauptproblem: Ihre Wähler laufen zur rechtsextremen Konkurrenz über. Der katholische Hardliner Przemyslaw Czarnek soll den Trend umkehren.,2026-03-10
przemyslaw,przemyslaw,Polens rechtskonservative Oppositionspartei PiS steckt in der Krise. Ihr Hauptproblem: Ihre Wähler laufen zur rechtsextremen Konkurrenz über. Der katholische Hardliner Przemyslaw Czarnek soll den Trend umkehren.,2026-03-10
freibrief,carte blanche,"Der US-Luftwaffenstützpunkt Ramstein durfte für tödliche Drohnenangriffe auf den Jemen genutzt werden, urteilte das Bundesverfassungsgericht 2025. Ist das ein Freibrief für die Nutzung im Iran-Krieg? Eher nicht.",2026-03-10
bedeutung,Meaning,"Der US-Luftwaffenstützpunkt in Deutschland hat enorme Bedeutung für die Militäroperationen der USA, auch jetzt für die Einsätze gegen den Iran.",2026-03-10
explosion,Explosion,Bei einer Explosion im belgischen Lüttich ist eine Synagoge beschädigt worden. Verletzt wurde bei dem Vorfall niemand. Die Behörden gehen von einem antisemitischen Hintergrund aus und haben Ermittlungen aufgenommen.,2026-03-10
wolfsburg,Wolfsburg,"Die Meisterschaft ist so gut wie entschieden, aber die halbe Fußball-Bundesliga spielt noch gegen den Abstieg. Beim VfL Wolfsburg hat die anhaltende Krise nun personelle Konsequenzen. Der Rückblick auf den 25. Spieltag.",2026-03-10
rückblick,Review,"Die Meisterschaft ist so gut wie entschieden, aber die halbe Fußball-Bundesliga spielt noch gegen den Abstieg. Beim VfL Wolfsburg hat die anhaltende Krise nun personelle Konsequenzen. Der Rückblick auf den 25. Spieltag.",2026-03-10
getöteten,killed,Mit sehr knappem Vorsprung haben die Grünen die Landtagswahl in Baden-Württemberg gewonnen. Im Iran ist ein Nachfolger für den getöteten Ajatollah Ali Chamenei bestimmt worden. Das Wichtigste in Kürze.,2026-03-10
hardliner,Hardline,Polens rechtskonservative Oppositionspartei PiS steckt in der Krise. Ihr Hauptproblem: Ihre Wähler laufen zur rechtsextremen Konkurrenz über. Der katholische Hardliner Przemyslaw Czarnek soll den Trend umkehren.,2026-03-10
ramstein,RAMSTEIN,"Der US-Luftwaffenstützpunkt Ramstein in Deutschland spielt für die Vereinigten Staaten eine wichtige Rolle. Umstritten war er schon immer, wegen des Iran-Kriegs auch jetzt wieder.",2026-03-10
kommissionspräsidentin,chairman of the committee,"Die EU-Kommissionspräsidentin schwärmt in den höchsten Tönen von der Kernenergie. Frankreichs Präsident Macron leistet Schützenhilfe. Doch Bundesumweltminister Schneider spricht von einer ""rückwärtsgewandten Strategie"".",2026-03-11
wohnungsbesichtigung,Apartment inspection:,"Eine Frau bekommt wegen ihres ausländischen Namens keine Wohnungsbesichtigung. Als sie es mit einem deutschen Namen versucht, hat sie den Termin - ein klarer Fall von Diskriminierung, sagt der Bundesgerichtshof.",2026-03-11
bundesumweltminister,federal Environment Minister,"Die EU-Kommissionspräsidentin schwärmt in den höchsten Tönen von der Kernenergie. Frankreichs Präsident Macron leistet Schützenhilfe. Doch Bundesumweltminister Schneider spricht von einer ""rückwärtsgewandten Strategie"".",2026-03-11
rückwärtsgewandten,backward-facing,"Die EU-Kommissionspräsidentin schwärmt in den höchsten Tönen von der Kernenergie. Frankreichs Präsident Macron leistet Schützenhilfe. Doch Bundesumweltminister Schneider spricht von einer ""rückwärtsgewandten Strategie"".",2026-03-11
diskriminierungen,discrimination,"Im Supermarkt, bei der Wohnungssuche, bei der Arbeit: Millionen Menschen erleben in Deutschland Diskriminierungen. Eine neue Studie zeigt das Ausmaß.",2026-03-11
bundesgerichtshof,Federal Court of Justice,"Eine Frau bekommt wegen ihres ausländischen Namens keine Wohnungsbesichtigung. Als sie es mit einem deutschen Namen versucht, hat sie den Termin - ein klarer Fall von Diskriminierung, sagt der Bundesgerichtshof.",2026-03-11
diskriminierung,Discrimination,"Eine Frau bekommt wegen ihres ausländischen Namens keine Wohnungsbesichtigung. Als sie es mit einem deutschen Namen versucht, hat sie den Termin - ein klarer Fall von Diskriminierung, sagt der Bundesgerichtshof.",2026-03-11
antiziganismus,Antigypsyism/Anti-Roma discrimination (IHRA),Im aktuellen Jahresbericht 2024 über Antiziganismus in Deutschland stehen alarmierende Zahlen. Auch die Rolle der Medien wird kritisch beleuchtet. Kleinere Erfolge gibt es aber auch.,2026-03-11
wohnungssuche,Looking for accommodation,"Im Supermarkt, bei der Wohnungssuche, bei der Arbeit: Millionen Menschen erleben in Deutschland Diskriminierungen. Eine neue Studie zeigt das Ausmaß.",2026-03-11
ausländischen,foreign companies,"Eine Frau bekommt wegen ihres ausländischen Namens keine Wohnungsbesichtigung. Als sie es mit einem deutschen Namen versucht, hat sie den Termin - ein klarer Fall von Diskriminierung, sagt der Bundesgerichtshof.",2026-03-11
schützenhilfe,Wingman,"Die EU-Kommissionspräsidentin schwärmt in den höchsten Tönen von der Kernenergie. Frankreichs Präsident Macron leistet Schützenhilfe. Doch Bundesumweltminister Schneider spricht von einer ""rückwärtsgewandten Strategie"".",2026-03-11
vorstandschef,chief Executive Officer,"Der Volkswagen-Konzern will sparen, bis es wehtut - und das längst nicht nur beim Personal. ""Wir werden jeden Stein umdrehen"", verspricht Vorstandschef Oliver Blume.",2026-03-11
einrichtungen,Facilities,"Ermittler werfen dem Verdächtigen vor, an der Beschaffung von Waffen beteiligt gewesen zu sein. Diese sollten offenbar für Anschläge auf israelische und jüdische Einrichtungen in Deutschland und Europa genutzt werden.",2026-03-11
fußballerinen,soccer players,Wegen eines stillen Protests gerieten sie in Gefahr - nun dürfen fünf iranische Fußballerinen in Australien bleiben. Der Ölpreis sinkt nach Trump-Äußerungen zum Iran-Krieg. Das Wichtigste in Kürze.,2026-03-11
alarmierende,alarming,Im aktuellen Jahresbericht 2024 über Antiziganismus in Deutschland stehen alarmierende Zahlen. Auch die Rolle der Medien wird kritisch beleuchtet. Kleinere Erfolge gibt es aber auch.,2026-03-11
erfolgreiche,THE SUCCESSFUL,"Warum verlassen Migranten Deutschland wieder? Eine neue Studie zeigt, dass andere Länder für ökonomisch erfolgreiche Ausländer attraktiver sind. Diskriminierung spielt eine große Rolle, aber es gibt auch andere Gründe.",2026-03-11
verdächtigen,Presumption,"Ermittler werfen dem Verdächtigen vor, an der Beschaffung von Waffen beteiligt gewesen zu sein. Diese sollten offenbar für Anschläge auf israelische und jüdische Einrichtungen in Deutschland und Europa genutzt werden.",2026-03-11
attraktiver,more attractive,"Warum verlassen Migranten Deutschland wieder? Eine neue Studie zeigt, dass andere Länder für ökonomisch erfolgreiche Ausländer attraktiver sind. Diskriminierung spielt eine große Rolle, aber es gibt auch andere Gründe.",2026-03-11
kernenergie,Nuclear,"Die EU-Kommissionspräsidentin schwärmt in den höchsten Tönen von der Kernenergie. Frankreichs Präsident Macron leistet Schützenhilfe. Doch Bundesumweltminister Schneider spricht von einer ""rückwärtsgewandten Strategie"".",2026-03-11
frankreichs,france,"Die EU-Kommissionspräsidentin schwärmt in den höchsten Tönen von der Kernenergie. Frankreichs Präsident Macron leistet Schützenhilfe. Doch Bundesumweltminister Schneider spricht von einer ""rückwärtsgewandten Strategie"".",2026-03-11
beschaffung,procurement,"Ermittler werfen dem Verdächtigen vor, an der Beschaffung von Waffen beteiligt gewesen zu sein. Diese sollten offenbar für Anschläge auf israelische und jüdische Einrichtungen in Deutschland und Europa genutzt werden.",2026-03-11
trockensten,driest,Das Death Valley im Wilden Westen der USA ist einer der heißesten und trockensten Orte der Welt. Doch nun ist das Leben in der Wüste geradezu explodiert.,2026-03-11
beleuchtet,Illuminated,Im aktuellen Jahresbericht 2024 über Antiziganismus in Deutschland stehen alarmierende Zahlen. Auch die Rolle der Medien wird kritisch beleuchtet. Kleinere Erfolge gibt es aber auch.,2026-03-11
ökonomisch,economic,"Warum verlassen Migranten Deutschland wieder? Eine neue Studie zeigt, dass andere Länder für ökonomisch erfolgreiche Ausländer attraktiver sind. Diskriminierung spielt eine große Rolle, aber es gibt auch andere Gründe.",2026-03-11
volkswagen,Volkswagen,"Der Volkswagen-Konzern will sparen, bis es wehtut - und das längst nicht nur beim Personal. ""Wir werden jeden Stein umdrehen"", verspricht Vorstandschef Oliver Blume.",2026-03-11
explodiert,explodes,Das Death Valley im Wilden Westen der USA ist einer der heißesten und trockensten Orte der Welt. Doch nun ist das Leben in der Wüste geradezu explodiert.,2026-03-11
australien,Australia,Wegen eines stillen Protests gerieten sie in Gefahr - nun dürfen fünf iranische Fußballerinen in Australien bleiben. Der Ölpreis sinkt nach Trump-Äußerungen zum Iran-Krieg. Das Wichtigste in Kürze.,2026-03-11
äußerungen,remarks,Wegen eines stillen Protests gerieten sie in Gefahr - nun dürfen fünf iranische Fußballerinen in Australien bleiben. Der Ölpreis sinkt nach Trump-Äußerungen zum Iran-Krieg. Das Wichtigste in Kürze.,2026-03-11
jahrzehnte,decades,Über Jahrzehnte war die älteste Partei Deutschlands eine feste politische Größe. Inzwischen kämpft die SPD um ihre politische Bedeutung.,2026-03-11
verlassen,to leave,"Warum verlassen Migranten Deutschland wieder? Eine neue Studie zeigt, dass andere Länder für ökonomisch erfolgreiche Ausländer attraktiver sind. Diskriminierung spielt eine große Rolle, aber es gibt auch andere Gründe.",2026-03-11
migranten,migrant,"Warum verlassen Migranten Deutschland wieder? Eine neue Studie zeigt, dass andere Länder für ökonomisch erfolgreiche Ausländer attraktiver sind. Diskriminierung spielt eine große Rolle, aber es gibt auch andere Gründe.",2026-03-11
ausländer,Foreign,"Warum verlassen Migranten Deutschland wieder? Eine neue Studie zeigt, dass andere Länder für ökonomisch erfolgreiche Ausländer attraktiver sind. Diskriminierung spielt eine große Rolle, aber es gibt auch andere Gründe.",2026-03-11
schneider,schneider,"Die EU-Kommissionspräsidentin schwärmt in den höchsten Tönen von der Kernenergie. Frankreichs Präsident Macron leistet Schützenhilfe. Doch Bundesumweltminister Schneider spricht von einer ""rückwärtsgewandten Strategie"".",2026-03-11
strategie,Strategy,"Die EU-Kommissionspräsidentin schwärmt in den höchsten Tönen von der Kernenergie. Frankreichs Präsident Macron leistet Schützenhilfe. Doch Bundesumweltminister Schneider spricht von einer ""rückwärtsgewandten Strategie"".",2026-03-11
ermittler,Investigator,"Ermittler werfen dem Verdächtigen vor, an der Beschaffung von Waffen beteiligt gewesen zu sein. Diese sollten offenbar für Anschläge auf israelische und jüdische Einrichtungen in Deutschland und Europa genutzt werden.",2026-03-11
anschläge,Stops,"Ermittler werfen dem Verdächtigen vor, an der Beschaffung von Waffen beteiligt gewesen zu sein. Diese sollten offenbar für Anschläge auf israelische und jüdische Einrichtungen in Deutschland und Europa genutzt werden.",2026-03-11
heißesten,hottest,Das Death Valley im Wilden Westen der USA ist einer der heißesten und trockensten Orte der Welt. Doch nun ist das Leben in der Wüste geradezu explodiert.,2026-03-11
kritisch,critical,Im aktuellen Jahresbericht 2024 über Antiziganismus in Deutschland stehen alarmierende Zahlen. Auch die Rolle der Medien wird kritisch beleuchtet. Kleinere Erfolge gibt es aber auch.,2026-03-11
kleinere,smaller,Im aktuellen Jahresbericht 2024 über Antiziganismus in Deutschland stehen alarmierende Zahlen. Auch die Rolle der Medien wird kritisch beleuchtet. Kleinere Erfolge gibt es aber auch.,2026-03-11
schwärmt,raves,"Die EU-Kommissionspräsidentin schwärmt in den höchsten Tönen von der Kernenergie. Frankreichs Präsident Macron leistet Schützenhilfe. Doch Bundesumweltminister Schneider spricht von einer ""rückwärtsgewandten Strategie"".",2026-03-11
höchsten,highest,"Die EU-Kommissionspräsidentin schwärmt in den höchsten Tönen von der Kernenergie. Frankreichs Präsident Macron leistet Schützenhilfe. Doch Bundesumweltminister Schneider spricht von einer ""rückwärtsgewandten Strategie"".",2026-03-11
personal,???,"Der Volkswagen-Konzern will sparen, bis es wehtut - und das längst nicht nur beim Personal. ""Wir werden jeden Stein umdrehen"", verspricht Vorstandschef Oliver Blume.",2026-03-11
umdrehen,over,"Der Volkswagen-Konzern will sparen, bis es wehtut - und das längst nicht nur beim Personal. ""Wir werden jeden Stein umdrehen"", verspricht Vorstandschef Oliver Blume.",2026-03-11
offenbar,"Apparently,","Ermittler werfen dem Verdächtigen vor, an der Beschaffung von Waffen beteiligt gewesen zu sein. Diese sollten offenbar für Anschläge auf israelische und jüdische Einrichtungen in Deutschland und Europa genutzt werden.",2026-03-11
wirtschaftsaufschwung,Economic recovery,Wie hoch wird der Iran-Krieg die Energiepreise in Deutschland und Europa weiter in die Höhe treiben? Die Bundesregierung fürchtet um den schwachen Wirtschaftsaufschwung. Und schränkt Preisänderungen an Tankstellen ein.,2026-03-12
wirtschaftsministerin,minister for Economic Affairs,Wirtschaft und Verbraucher ächzen unter den hohen Öl-Preisen. Nun soll die Eiserne Reserve für Linderung sorgen. Auch Deutschlands Wirtschaftsministerin Katharina Reiche tritt in Aktion.,2026-03-12
bundestagspräsidentin,bundestag President,"Als Ausländer vor einem nationalen Parlament zu sprechen, gilt als große Ehre. Deutschlands Bundestagspräsidentin Julia Klöckner wurde diese jetzt in der Ukraine zu teil.",2026-03-12
elitestreitmacht,elite force,"Die iranische Elitestreitmacht erneuert ihre Drohungen - weil der Ölpreis ein machtvolles Instrument ist, um Druck auf westliche Staaten aufzubauen. Der Iran-Krieg geht unvermindert weiter.",2026-03-12
preisänderungen,PRICE CHANGES,Wie hoch wird der Iran-Krieg die Energiepreise in Deutschland und Europa weiter in die Höhe treiben? Die Bundesregierung fürchtet um den schwachen Wirtschaftsaufschwung. Und schränkt Preisänderungen an Tankstellen ein.,2026-03-12
fünfjahresplans,five-year plan,"Mit der Verabschiedung des 15. Fünfjahresplans bereitet sich Peking auf ein langsameres Wachstum vor und setzt verstärkt auf Technologien der Zukunft. Europa soll dabei wichtig sein, die Vereinten Nationen weniger.",2026-03-12
kernkraftwerke,Nuclear Power Plants,Gibt es bald neue Kernkraftwerke in Europa? EU-Kommissionspräsidentin von der Leyen ist dafür. In Deutschland sieht Bundeskanzler Merz dafür trotz Iran-Krieg und steigenden Energiekosten keine Mehrheit.,2026-03-12
verabschiedung,Goodbye,"Mit der Verabschiedung des 15. Fünfjahresplans bereitet sich Peking auf ein langsameres Wachstum vor und setzt verstärkt auf Technologien der Zukunft. Europa soll dabei wichtig sein, die Vereinten Nationen weniger.",2026-03-12
energiepreise,energy prices,Wie hoch wird der Iran-Krieg die Energiepreise in Deutschland und Europa weiter in die Höhe treiben? Die Bundesregierung fürchtet um den schwachen Wirtschaftsaufschwung. Und schränkt Preisänderungen an Tankstellen ein.,2026-03-12
feierlichkeit,Festivity,Eigentlich ein historischer Tag: Mehr als hundert Rabbiner sind zu Gast im Herzen Berlins. Doch die Sorgen über wachsenden Judenhass und Gewalt nach dem 7. Oktober 2023 überschatten jede Feierlichkeit.,2026-03-12
energiekosten,Energy cost,Gibt es bald neue Kernkraftwerke in Europa? EU-Kommissionspräsidentin von der Leyen ist dafür. In Deutschland sieht Bundeskanzler Merz dafür trotz Iran-Krieg und steigenden Energiekosten keine Mehrheit.,2026-03-12
unvermindert,undiminished,"Die iranische Elitestreitmacht erneuert ihre Drohungen - weil der Ölpreis ein machtvolles Instrument ist, um Druck auf westliche Staaten aufzubauen. Der Iran-Krieg geht unvermindert weiter.",2026-03-12
ölversorgung,Oil supply,Angesichts der Blockade der Straße von Hormus und gezielter iranischer Angriffe auf Raffinerien in den Golfstaaten wächst die Sorge um die Ölversorgung. Steht der Markt vor dem nächsten Preisschock?,2026-03-12
historischer,historical,Eigentlich ein historischer Tag: Mehr als hundert Rabbiner sind zu Gast im Herzen Berlins. Doch die Sorgen über wachsenden Judenhass und Gewalt nach dem 7. Oktober 2023 überschatten jede Feierlichkeit.,2026-03-12
überschatten,overshadow,Eigentlich ein historischer Tag: Mehr als hundert Rabbiner sind zu Gast im Herzen Berlins. Doch die Sorgen über wachsenden Judenhass und Gewalt nach dem 7. Oktober 2023 überschatten jede Feierlichkeit.,2026-03-12
technologien,technologies,"Mit der Verabschiedung des 15. Fünfjahresplans bereitet sich Peking auf ein langsameres Wachstum vor und setzt verstärkt auf Technologien der Zukunft. Europa soll dabei wichtig sein, die Vereinten Nationen weniger.",2026-03-12
tankstellen,Filling stations,Wie hoch wird der Iran-Krieg die Energiepreise in Deutschland und Europa weiter in die Höhe treiben? Die Bundesregierung fürchtet um den schwachen Wirtschaftsaufschwung. Und schränkt Preisänderungen an Tankstellen ein.,2026-03-12
machtvolles,powerful,"Die iranische Elitestreitmacht erneuert ihre Drohungen - weil der Ölpreis ein machtvolles Instrument ist, um Druck auf westliche Staaten aufzubauen. Der Iran-Krieg geht unvermindert weiter.",2026-03-12
golfstaaten,GULF STATES:,Angesichts der Blockade der Straße von Hormus und gezielter iranischer Angriffe auf Raffinerien in den Golfstaaten wächst die Sorge um die Ölversorgung. Steht der Markt vor dem nächsten Preisschock?,2026-03-12
preisschock,price shock,Angesichts der Blockade der Straße von Hormus und gezielter iranischer Angriffe auf Raffinerien in den Golfstaaten wächst die Sorge um die Ölversorgung. Steht der Markt vor dem nächsten Preisschock?,2026-03-12
psychischen,psychic,"In der Schweiz brennt ein Linienbus aus. Sechs Menschen sind tot, mehrere werden schwer verletzt. Inzwischen heißt es, der Bus sei durch einen Mann in Brand gesetzt worden, der wohl an einer psychischen Erkrankung litt.",2026-03-12
langsameres,Slower,"Mit der Verabschiedung des 15. Fünfjahresplans bereitet sich Peking auf ein langsameres Wachstum vor und setzt verstärkt auf Technologien der Zukunft. Europa soll dabei wichtig sein, die Vereinten Nationen weniger.",2026-03-12
instrument,Instrument,"Die iranische Elitestreitmacht erneuert ihre Drohungen - weil der Ölpreis ein machtvolles Instrument ist, um Druck auf westliche Staaten aufzubauen. Der Iran-Krieg geht unvermindert weiter.",2026-03-12
aufzubauen,trust.,"Die iranische Elitestreitmacht erneuert ihre Drohungen - weil der Ölpreis ein machtvolles Instrument ist, um Druck auf westliche Staaten aufzubauen. Der Iran-Krieg geht unvermindert weiter.",2026-03-12
iranischer,iranian,Angesichts der Blockade der Straße von Hormus und gezielter iranischer Angriffe auf Raffinerien in den Golfstaaten wächst die Sorge um die Ölversorgung. Steht der Markt vor dem nächsten Preisschock?,2026-03-12
erkrankung,disease,"In der Schweiz brennt ein Linienbus aus. Sechs Menschen sind tot, mehrere werden schwer verletzt. Inzwischen heißt es, der Bus sei durch einen Mann in Brand gesetzt worden, der wohl an einer psychischen Erkrankung litt.",2026-03-12
wachsenden,growing,Eigentlich ein historischer Tag: Mehr als hundert Rabbiner sind zu Gast im Herzen Berlins. Doch die Sorgen über wachsenden Judenhass und Gewalt nach dem 7. Oktober 2023 überschatten jede Feierlichkeit.,2026-03-12
steigenden,increasing,Gibt es bald neue Kernkraftwerke in Europa? EU-Kommissionspräsidentin von der Leyen ist dafür. In Deutschland sieht Bundeskanzler Merz dafür trotz Iran-Krieg und steigenden Energiekosten keine Mehrheit.,2026-03-12
schwachen,weak,Wie hoch wird der Iran-Krieg die Energiepreise in Deutschland und Europa weiter in die Höhe treiben? Die Bundesregierung fürchtet um den schwachen Wirtschaftsaufschwung. Und schränkt Preisänderungen an Tankstellen ein.,2026-03-12
linderung,relief,Wirtschaft und Verbraucher ächzen unter den hohen Öl-Preisen. Nun soll die Eiserne Reserve für Linderung sorgen. Auch Deutschlands Wirtschaftsministerin Katharina Reiche tritt in Aktion.,2026-03-12
katharina,Katharina,Wirtschaft und Verbraucher ächzen unter den hohen Öl-Preisen. Nun soll die Eiserne Reserve für Linderung sorgen. Auch Deutschlands Wirtschaftsministerin Katharina Reiche tritt in Aktion.,2026-03-12
westliche,western,"Die iranische Elitestreitmacht erneuert ihre Drohungen - weil der Ölpreis ein machtvolles Instrument ist, um Druck auf westliche Staaten aufzubauen. Der Iran-Krieg geht unvermindert weiter.",2026-03-12
gezielter,more targeted,Angesichts der Blockade der Straße von Hormus und gezielter iranischer Angriffe auf Raffinerien in den Golfstaaten wächst die Sorge um die Ölversorgung. Steht der Markt vor dem nächsten Preisschock?,2026-03-12
parlament,Classroom,"Als Ausländer vor einem nationalen Parlament zu sprechen, gilt als große Ehre. Deutschlands Bundestagspräsidentin Julia Klöckner wurde diese jetzt in der Ukraine zu teil.",2026-03-12
linienbus,Public buses,"In der Schweiz brennt ein Linienbus aus. Sechs Menschen sind tot, mehrere werden schwer verletzt. Inzwischen heißt es, der Bus sei durch einen Mann in Brand gesetzt worden, der wohl an einer psychischen Erkrankung litt.",2026-03-12
judenhass,jew-hatred,Eigentlich ein historischer Tag: Mehr als hundert Rabbiner sind zu Gast im Herzen Berlins. Doch die Sorgen über wachsenden Judenhass und Gewalt nach dem 7. Oktober 2023 überschatten jede Feierlichkeit.,2026-03-12
verstärkt,"reinforced,","Mit der Verabschiedung des 15. Fünfjahresplans bereitet sich Peking auf ein langsameres Wachstum vor und setzt verstärkt auf Technologien der Zukunft. Europa soll dabei wichtig sein, die Vereinten Nationen weniger.",2026-03-12
vereinten,united,"Mit der Verabschiedung des 15. Fünfjahresplans bereitet sich Peking auf ein langsameres Wachstum vor und setzt verstärkt auf Technologien der Zukunft. Europa soll dabei wichtig sein, die Vereinten Nationen weniger.",2026-03-12
schränkt,restricts,Wie hoch wird der Iran-Krieg die Energiepreise in Deutschland und Europa weiter in die Höhe treiben? Die Bundesregierung fürchtet um den schwachen Wirtschaftsaufschwung. Und schränkt Preisänderungen an Tankstellen ein.,2026-03-12
erneuert,refurbished,"Die iranische Elitestreitmacht erneuert ihre Drohungen - weil der Ölpreis ein machtvolles Instrument ist, um Druck auf westliche Staaten aufzubauen. Der Iran-Krieg geht unvermindert weiter.",2026-03-12
gleichgeschlechtliche,same-sex,"Bald drohen im Senegal für gleichgeschlechtliche Beziehungen bis zu zehn Jahre Haft. Auch die ""Förderung"" entsprechender Handlungen kann strafbar sein. Kritiker warnen vor Folgen für Zivilgesellschaft und HIV-Prävention.",2026-03-13
zivilgesellschaft,Civil Society,"Bald drohen im Senegal für gleichgeschlechtliche Beziehungen bis zu zehn Jahre Haft. Auch die ""Förderung"" entsprechender Handlungen kann strafbar sein. Kritiker warnen vor Folgen für Zivilgesellschaft und HIV-Prävention.",2026-03-13
flüchtlingskrise,REFUGEE CRISIS,"Der sich ausweitende Krieg zwischen Israel, USA und Iran hat im Libanon eine neue Flüchtlingskrise ausgelöst. Wegen der Kämpfe wurden die Parlamentswahlen verschoben. Wie erleben die Menschen vor Ort die Eskalation?",2026-03-13
entsprechender,corresponding,"Bald drohen im Senegal für gleichgeschlechtliche Beziehungen bis zu zehn Jahre Haft. Auch die ""Förderung"" entsprechender Handlungen kann strafbar sein. Kritiker warnen vor Folgen für Zivilgesellschaft und HIV-Prävention.",2026-03-13
nordwestlichen,northwestern,Die nordwestlichen und zentralen Grenzregionen Nigerias entwickeln sich zu einem Zentrum für militante Gruppen aus dem Sahel. Die Sorge vor gewaltsamen Überfällen und der Ausbreitung von Terrorismus in der Region wächst.,2026-03-13
stabilisieren,correcting it.,Tanken ist derzeit teuer: US-Präsident Trump versucht die Preise zu stabilisieren. Ein Pilotenstreik bremst die Lufthansa. Das Wichtigste in Kürze.,2026-03-13
pilotenstreik,pilot strike,Tanken ist derzeit teuer: US-Präsident Trump versucht die Preise zu stabilisieren. Ein Pilotenstreik bremst die Lufthansa. Das Wichtigste in Kürze.,2026-03-13
grenzregionen,border regions,Die nordwestlichen und zentralen Grenzregionen Nigerias entwickeln sich zu einem Zentrum für militante Gruppen aus dem Sahel. Die Sorge vor gewaltsamen Überfällen und der Ausbreitung von Terrorismus in der Region wächst.,2026-03-13
minderheiten,Minorities,"China setzt ein Gesetz durch, das die nationale Einheit stärken soll - Kritiker warnen jedoch vor einer weiteren Aushöhlung der kulturellen Rechte von Uiguren, Tibetern, Mongolen und anderen Minderheiten.",2026-03-13
ausgerechnet,of all things.,Im Achtelfinale der Champions League trifft ausgerechnet der Ex-Bayer-Profi für den FC Arsenal gegen seinen alten Klub. Bayern München macht gegen Atalanta Bergamo schon im Hinspiel alles klar.,2026-03-13
krisenzeiten,times of crisis,"Gold, so ein geflügeltes Wort, ist ein sicherer Hafen, in dem man sein Geld in Sicherheit bringen kann. Vor allem in Kriegs- und Krisenzeiten. Jetzt ist Krieg in Nahost - und der Goldpreis bleibt stabil. Was ist da los?",2026-03-13
ausweitende,expanding,"Der sich ausweitende Krieg zwischen Israel, USA und Iran hat im Libanon eine neue Flüchtlingskrise ausgelöst. Wegen der Kämpfe wurden die Parlamentswahlen verschoben. Wie erleben die Menschen vor Ort die Eskalation?",2026-03-13
ersatzcrews,replacement crews,Der zweitägige Ausstand der Piloten trifft vor allem die Drehkreuze Frankfurt und München. Die Lufthansa will dennoch mehr als die Hälfte ihrer Flüge aufrecht erhalten und setzt auf größere Maschinen und Ersatzcrews.,2026-03-13
kulturellen,cultural,"China setzt ein Gesetz durch, das die nationale Einheit stärken soll - Kritiker warnen jedoch vor einer weiteren Aushöhlung der kulturellen Rechte von Uiguren, Tibetern, Mongolen und anderen Minderheiten.",2026-03-13
bevölkerung,sein werden.,"Im Kongo ist die Bevölkerung am Sonntag aufgerufen, ihre Stimme für den nächsten Präsidenten abzugeben. Doch der steht schon fest - da sind sich Beobachter einig. Denis Sassou Nguesso regiert seit vier Jahrzehnten.",2026-03-13
jahrzehnten,decades.,"Im Kongo ist die Bevölkerung am Sonntag aufgerufen, ihre Stimme für den nächsten Präsidenten abzugeben. Doch der steht schon fest - da sind sich Beobachter einig. Denis Sassou Nguesso regiert seit vier Jahrzehnten.",2026-03-13
geflügeltes,winged,"Gold, so ein geflügeltes Wort, ist ein sicherer Hafen, in dem man sein Geld in Sicherheit bringen kann. Vor allem in Kriegs- und Krisenzeiten. Jetzt ist Krieg in Nahost - und der Goldpreis bleibt stabil. Was ist da los?",2026-03-13
gewaltsamen,violent,Die nordwestlichen und zentralen Grenzregionen Nigerias entwickeln sich zu einem Zentrum für militante Gruppen aus dem Sahel. Die Sorge vor gewaltsamen Überfällen und der Ausbreitung von Terrorismus in der Region wächst.,2026-03-13
ausbreitung,Propagation,Die nordwestlichen und zentralen Grenzregionen Nigerias entwickeln sich zu einem Zentrum für militante Gruppen aus dem Sahel. Die Sorge vor gewaltsamen Überfällen und der Ausbreitung von Terrorismus in der Region wächst.,2026-03-13
terrorismus,Terrorism,Die nordwestlichen und zentralen Grenzregionen Nigerias entwickeln sich zu einem Zentrum für militante Gruppen aus dem Sahel. Die Sorge vor gewaltsamen Überfällen und der Ausbreitung von Terrorismus in der Region wächst.,2026-03-13
verschoben,Oder in Deutsch.,"Der sich ausweitende Krieg zwischen Israel, USA und Iran hat im Libanon eine neue Flüchtlingskrise ausgelöst. Wegen der Kämpfe wurden die Parlamentswahlen verschoben. Wie erleben die Menschen vor Ort die Eskalation?",2026-03-13
zweitägige,two-day,Der zweitägige Ausstand der Piloten trifft vor allem die Drehkreuze Frankfurt und München. Die Lufthansa will dennoch mehr als die Hälfte ihrer Flüge aufrecht erhalten und setzt auf größere Maschinen und Ersatzcrews.,2026-03-13
drehkreuze,Turnstiles,Der zweitägige Ausstand der Piloten trifft vor allem die Drehkreuze Frankfurt und München. Die Lufthansa will dennoch mehr als die Hälfte ihrer Flüge aufrecht erhalten und setzt auf größere Maschinen und Ersatzcrews.,2026-03-13
handlungen,activity,"Bald drohen im Senegal für gleichgeschlechtliche Beziehungen bis zu zehn Jahre Haft. Auch die ""Förderung"" entsprechender Handlungen kann strafbar sein. Kritiker warnen vor Folgen für Zivilgesellschaft und HIV-Prävention.",2026-03-13
prävention,RADICALIZATION,"Bald drohen im Senegal für gleichgeschlechtliche Beziehungen bis zu zehn Jahre Haft. Auch die ""Förderung"" entsprechender Handlungen kann strafbar sein. Kritiker warnen vor Folgen für Zivilgesellschaft und HIV-Prävention.",2026-03-13
aushöhlung,Hollow Out,"China setzt ein Gesetz durch, das die nationale Einheit stärken soll - Kritiker warnen jedoch vor einer weiteren Aushöhlung der kulturellen Rechte von Uiguren, Tibetern, Mongolen und anderen Minderheiten.",2026-03-13
beobachter,Observer,"Im Kongo ist die Bevölkerung am Sonntag aufgerufen, ihre Stimme für den nächsten Präsidenten abzugeben. Doch der steht schon fest - da sind sich Beobachter einig. Denis Sassou Nguesso regiert seit vier Jahrzehnten.",2026-03-13
überfällen,raids,Die nordwestlichen und zentralen Grenzregionen Nigerias entwickeln sich zu einem Zentrum für militante Gruppen aus dem Sahel. Die Sorge vor gewaltsamen Überfällen und der Ausbreitung von Terrorismus in der Region wächst.,2026-03-13
frankfurt,frankfurt,Der zweitägige Ausstand der Piloten trifft vor allem die Drehkreuze Frankfurt und München. Die Lufthansa will dennoch mehr als die Hälfte ihrer Flüge aufrecht erhalten und setzt auf größere Maschinen und Ersatzcrews.,2026-03-13
lufthansa,Lufthansa,Der zweitägige Ausstand der Piloten trifft vor allem die Drehkreuze Frankfurt und München. Die Lufthansa will dennoch mehr als die Hälfte ihrer Flüge aufrecht erhalten und setzt auf größere Maschinen und Ersatzcrews.,2026-03-13
maschinen,Machines,Der zweitägige Ausstand der Piloten trifft vor allem die Drehkreuze Frankfurt und München. Die Lufthansa will dennoch mehr als die Hälfte ihrer Flüge aufrecht erhalten und setzt auf größere Maschinen und Ersatzcrews.,2026-03-13
förderung,Development/promotion,"Bald drohen im Senegal für gleichgeschlechtliche Beziehungen bis zu zehn Jahre Haft. Auch die ""Förderung"" entsprechender Handlungen kann strafbar sein. Kritiker warnen vor Folgen für Zivilgesellschaft und HIV-Prävention.",2026-03-13
nationale,[],"China setzt ein Gesetz durch, das die nationale Einheit stärken soll - Kritiker warnen jedoch vor einer weiteren Aushöhlung der kulturellen Rechte von Uiguren, Tibetern, Mongolen und anderen Minderheiten.",2026-03-13
abzugeben,people in need.,"Im Kongo ist die Bevölkerung am Sonntag aufgerufen, ihre Stimme für den nächsten Präsidenten abzugeben. Doch der steht schon fest - da sind sich Beobachter einig. Denis Sassou Nguesso regiert seit vier Jahrzehnten.",2026-03-13
goldpreis,Gold price,"Gold, so ein geflügeltes Wort, ist ein sicherer Hafen, in dem man sein Geld in Sicherheit bringen kann. Vor allem in Kriegs- und Krisenzeiten. Jetzt ist Krieg in Nahost - und der Goldpreis bleibt stabil. Was ist da los?",2026-03-13
zentralen,central,Die nordwestlichen und zentralen Grenzregionen Nigerias entwickeln sich zu einem Zentrum für militante Gruppen aus dem Sahel. Die Sorge vor gewaltsamen Überfällen und der Ausbreitung von Terrorismus in der Region wächst.,2026-03-13
militante,militant,Die nordwestlichen und zentralen Grenzregionen Nigerias entwickeln sich zu einem Zentrum für militante Gruppen aus dem Sahel. Die Sorge vor gewaltsamen Überfällen und der Ausbreitung von Terrorismus in der Region wächst.,2026-03-13
ausstand,Recusal,Der zweitägige Ausstand der Piloten trifft vor allem die Drehkreuze Frankfurt und München. Die Lufthansa will dennoch mehr als die Hälfte ihrer Flüge aufrecht erhalten und setzt auf größere Maschinen und Ersatzcrews.,2026-03-13
aufrecht,upright,Der zweitägige Ausstand der Piloten trifft vor allem die Drehkreuze Frankfurt und München. Die Lufthansa will dennoch mehr als die Hälfte ihrer Flüge aufrecht erhalten und setzt auf größere Maschinen und Ersatzcrews.,2026-03-13
erhalten,Sec.,Der zweitägige Ausstand der Piloten trifft vor allem die Drehkreuze Frankfurt und München. Die Lufthansa will dennoch mehr als die Hälfte ihrer Flüge aufrecht erhalten und setzt auf größere Maschinen und Ersatzcrews.,2026-03-13
strafbar,stoneware ...,"Bald drohen im Senegal für gleichgeschlechtliche Beziehungen bis zu zehn Jahre Haft. Auch die ""Förderung"" entsprechender Handlungen kann strafbar sein. Kritiker warnen vor Folgen für Zivilgesellschaft und HIV-Prävention.",2026-03-13
kritiker,CRITIC,"Bald drohen im Senegal für gleichgeschlechtliche Beziehungen bis zu zehn Jahre Haft. Auch die ""Förderung"" entsprechender Handlungen kann strafbar sein. Kritiker warnen vor Folgen für Zivilgesellschaft und HIV-Prävention.",2026-03-13
premierministerbüro,prime Minister's Office,Der Sprung Balendra Shahs von den Straßen Kathmandus ins Premierministerbüro markiert einen dramatischen Wandel in der nepalesischen Politik und eine große Bewährungsprobe für die nächste Regierung.,2026-03-14
bewährungsprobe,test,Der Sprung Balendra Shahs von den Straßen Kathmandus ins Premierministerbüro markiert einen dramatischen Wandel in der nepalesischen Politik und eine große Bewährungsprobe für die nächste Regierung.,2026-03-14
benachteiligten,disadvantaged,"An der Impact Academy in Kairo lernen Mädchen aus sozial benachteiligten Verhältnissen zu boxen. In einer Gesellschaft, die von Vorurteilen und Gewalt gegen Frauen geprägt ist, wollen sie ihren eigenen Weg gehen.",2026-03-14
pakistanische,pakistani,"Im ""offenen Krieg"" Pakistans gegen Afghanistan beschränkten sich die Kämpfe zuletzt auf das Grenzgebiet. Nun flog die pakistanische Armee auch wieder Angriffe im Landesinneren.",2026-03-14
landesinneren,interior of the country,"Im ""offenen Krieg"" Pakistans gegen Afghanistan beschränkten sich die Kämpfe zuletzt auf das Grenzgebiet. Nun flog die pakistanische Armee auch wieder Angriffe im Landesinneren.",2026-03-14
vorübergehend,must work momentary,Der Angreifer starb bei einem Schusswechsel mit der Polizei. Die USA erlauben vorübergehend den Kauf von russischem Öl. Das Wichtigste in Kürze.,2026-03-14
nepalesischen,nepali,Der Sprung Balendra Shahs von den Straßen Kathmandus ins Premierministerbüro markiert einen dramatischen Wandel in der nepalesischen Politik und eine große Bewährungsprobe für die nächste Regierung.,2026-03-14
verhältnissen,ratios,"An der Impact Academy in Kairo lernen Mädchen aus sozial benachteiligten Verhältnissen zu boxen. In einer Gesellschaft, die von Vorurteilen und Gewalt gegen Frauen geprägt ist, wollen sie ihren eigenen Weg gehen.",2026-03-14
nennenswerte,noteworthy,"2015 noch half Europa, das Wiener Abkommen über das iranische Atomprogramm zu verhandeln. Doch im aktuellen Konflikt mit Iran spielt die EU keine nennenswerte Rolle mehr.",2026-03-14
beschränkten,restricted,"Im ""offenen Krieg"" Pakistans gegen Afghanistan beschränkten sich die Kämpfe zuletzt auf das Grenzgebiet. Nun flog die pakistanische Armee auch wieder Angriffe im Landesinneren.",2026-03-14
dramatischen,dramatic,Der Sprung Balendra Shahs von den Straßen Kathmandus ins Premierministerbüro markiert einen dramatischen Wandel in der nepalesischen Politik und eine große Bewährungsprobe für die nächste Regierung.,2026-03-14
afghanistan,Afghanistan,"Im ""offenen Krieg"" Pakistans gegen Afghanistan beschränkten sich die Kämpfe zuletzt auf das Grenzgebiet. Nun flog die pakistanische Armee auch wieder Angriffe im Landesinneren.",2026-03-14
grenzgebiet,zone contiguous to the frontier,"Im ""offenen Krieg"" Pakistans gegen Afghanistan beschränkten sich die Kämpfe zuletzt auf das Grenzgebiet. Nun flog die pakistanische Armee auch wieder Angriffe im Landesinneren.",2026-03-14
freilassung,final discharge of prisoner,"Die Freilassung erfolge im ""Geiste des guten Willens und der engen Beziehungen"" zum Vatikan, heißt es aus Kubas Hauptstadt Havanna. Nach wie vor gibt es in Kuba aber fast 1200 politische Gefangene.",2026-03-14
vorurteilen,prejudices,"An der Impact Academy in Kairo lernen Mädchen aus sozial benachteiligten Verhältnissen zu boxen. In einer Gesellschaft, die von Vorurteilen und Gewalt gegen Frauen geprägt ist, wollen sie ihren eigenen Weg gehen.",2026-03-14
kathmandus,kathmandus,Der Sprung Balendra Shahs von den Straßen Kathmandus ins Premierministerbüro markiert einen dramatischen Wandel in der nepalesischen Politik und eine große Bewährungsprobe für die nächste Regierung.,2026-03-14
gefangene,Prisoners,"Die Freilassung erfolge im ""Geiste des guten Willens und der engen Beziehungen"" zum Vatikan, heißt es aus Kubas Hauptstadt Havanna. Nach wie vor gibt es in Kuba aber fast 1200 politische Gefangene.",2026-03-14
angreifer,Attacker,Der Angreifer starb bei einem Schusswechsel mit der Polizei. Die USA erlauben vorübergehend den Kauf von russischem Öl. Das Wichtigste in Kürze.,2026-03-14
nächsten,the next,"Im Kongo ist die Bevölkerung am Sonntag aufgerufen, ihre Stimme für den nächsten Präsidenten abzugeben. Doch der steht schon fest - da sind sich Beobachter einig. Denis Sassou Nguesso regiert seit vier Jahrzehnten.",2026-03-14
balendra,balendra,Der Sprung Balendra Shahs von den Straßen Kathmandus ins Premierministerbüro markiert einen dramatischen Wandel in der nepalesischen Politik und eine große Bewährungsprobe für die nächste Regierung.,2026-03-14
markiert,checked,Der Sprung Balendra Shahs von den Straßen Kathmandus ins Premierministerbüro markiert einen dramatischen Wandel in der nepalesischen Politik und eine große Bewährungsprobe für die nächste Regierung.,2026-03-14
verzicht,assurance,"Cem Özdemir hat die Landtagswahl in Baden-Württemberg mit dem Verzicht auf viele grüne Inhalte gewonnen. Seine Partei überlegt noch, ob sie das gut findet.",2026-03-14
sicherheitsarchitektur,Enterprise architecture,Das 1951 gegründete Bundeskriminalamt wurde über Jahrzehnte von Männern mit Nazi-Vergangenheit dominiert. Heute ist das BKA ein zentraler Baustein in Deutschlands Sicherheitsarchitektur – auch international.,2026-03-15
treibhausgasemissionen,Greenhouse gas emissions,"Die Treibhausgasemissionen sind 2025 kaum gesunken. Umweltminister Schneider sieht zusätzlichen Handlungsbedarf, vor allem in den Sektoren Verkehr und Gebäude. Ende März soll ein neues Klimaschutzprogramm folgen.",2026-03-15
klimaschutzprogramm,climate protection programme,"Die Treibhausgasemissionen sind 2025 kaum gesunken. Umweltminister Schneider sieht zusätzlichen Handlungsbedarf, vor allem in den Sektoren Verkehr und Gebäude. Ende März soll ein neues Klimaschutzprogramm folgen.",2026-03-15
bundeskriminalamts,federal Criminal Police Office,"Die Fallzahl ist hoch, die Dunkelziffer vermutlich noch viel höher: Häusliche Gewalt ist ein Problem in Deutschland. Was sagt die Statistik des Bundeskriminalamts?",2026-03-15
bundeskriminalamt,Federal Criminal Police Office,Das 1951 gegründete Bundeskriminalamt wurde über Jahrzehnte von Männern mit Nazi-Vergangenheit dominiert. Heute ist das BKA ein zentraler Baustein in Deutschlands Sicherheitsarchitektur – auch international.,2026-03-15
justizministerium,Department of Justice,"Dämpfer für Donald Trump vor Gericht: Ein Richter hebt Vorladungen gegen Fed-Chef Jerome Powell auf und vermutet, dass das Verfahren politisch motiviert war. Das Justizministerium will gegen die Entscheidung vorgehen.",2026-03-15
einflussreichsten,most influential,Jürgen Habermas war einer der einflussreichsten Denker unserer Zeit. Der deutsche Philosoph und Soziologe starb jetzt im Alter von 96 Jahren. Ein Nachruf.,2026-03-15
niederländischen,dutch,Die niederländischen Behörden ermitteln wegen eines mutmaßlich antisemitischen Angriffs und fahnden nach einem Verdächtigen. Jüdische Einrichtungen stehen weiterhin unter verstärktem Schutz.,2026-03-15
handlungsbedarf,Need for action,"Die Treibhausgasemissionen sind 2025 kaum gesunken. Umweltminister Schneider sieht zusätzlichen Handlungsbedarf, vor allem in den Sektoren Verkehr und Gebäude. Ende März soll ein neues Klimaschutzprogramm folgen.",2026-03-15
bundeslagebild,federal situational picture,Im BKA-Bundeslagebild Cybercrime zeigt der Trend in fast allen Bereichen nach oben - mit einer Ausnahme. Tatverdächtige werden oft in Russland vermutet.,2026-03-15
tatverdächtige,Suspects,Im BKA-Bundeslagebild Cybercrime zeigt der Trend in fast allen Bereichen nach oben - mit einer Ausnahme. Tatverdächtige werden oft in Russland vermutet.,2026-03-15
gesetzesreform,legislative reform,Das Bundeskriminalamt verstößt im Kampf gegen Gewalt und Terrorismus gegen das Grundgesetz. Deshalb verlangt das Bundesverfassungsgericht eine Gesetzesreform.,2026-03-15
umweltminister,Minister of the Environment,"Die Treibhausgasemissionen sind 2025 kaum gesunken. Umweltminister Schneider sieht zusätzlichen Handlungsbedarf, vor allem in den Sektoren Verkehr und Gebäude. Ende März soll ein neues Klimaschutzprogramm folgen.",2026-03-15
schattenflotte,Shadow Fleet,Informationen über Irans obersten Führer Modschtaba Chamenei sind den Vereinigten Staaten Millionen Dollar wert. Schweden geht gegen Russlands Schattenflotte vor. Das Wichtigste in Kürze.,2026-03-15
vergangenheit,Vergan,Das 1951 gegründete Bundeskriminalamt wurde über Jahrzehnte von Männern mit Nazi-Vergangenheit dominiert. Heute ist das BKA ein zentraler Baustein in Deutschlands Sicherheitsarchitektur – auch international.,2026-03-15
international,international,Das 1951 gegründete Bundeskriminalamt wurde über Jahrzehnte von Männern mit Nazi-Vergangenheit dominiert. Heute ist das BKA ein zentraler Baustein in Deutschlands Sicherheitsarchitektur – auch international.,2026-03-15
informationen,information,Informationen über Irans obersten Führer Modschtaba Chamenei sind den Vereinigten Staaten Millionen Dollar wert. Schweden geht gegen Russlands Schattenflotte vor. Das Wichtigste in Kürze.,2026-03-15
dunkelziffer,are more,"Die Fallzahl ist hoch, die Dunkelziffer vermutlich noch viel höher: Häusliche Gewalt ist ein Problem in Deutschland. Was sagt die Statistik des Bundeskriminalamts?",2026-03-15
zusätzlichen,additional,"Die Treibhausgasemissionen sind 2025 kaum gesunken. Umweltminister Schneider sieht zusätzlichen Handlungsbedarf, vor allem in den Sektoren Verkehr und Gebäude. Ende März soll ein neues Klimaschutzprogramm folgen.",2026-03-15
katholischen,catholic,"Mit Pater Joshy kommt die Vielfalt der katholischen Weltkirche bei den deutschen Bischöfen an: Ordensmann Joshy George Pottackal, geboren in Indien, wird Weihbischof in Mainz.",2026-03-15
grundgesetz,Basic Law for the Federal Republic of Germany,Das Bundeskriminalamt verstößt im Kampf gegen Gewalt und Terrorismus gegen das Grundgesetz. Deshalb verlangt das Bundesverfassungsgericht eine Gesetzesreform.,2026-03-15
verstärktem,reinforced,Die niederländischen Behörden ermitteln wegen eines mutmaßlich antisemitischen Angriffs und fahnden nach einem Verdächtigen. Jüdische Einrichtungen stehen weiterhin unter verstärktem Schutz.,2026-03-15
vorladungen,subpoenas,"Dämpfer für Donald Trump vor Gericht: Ein Richter hebt Vorladungen gegen Fed-Chef Jerome Powell auf und vermutet, dass das Verfahren politisch motiviert war. Das Justizministerium will gegen die Entscheidung vorgehen.",2026-03-15
weihbischof,Auxiliary bishop,"Mit Pater Joshy kommt die Vielfalt der katholischen Weltkirche bei den deutschen Bischöfen an: Ordensmann Joshy George Pottackal, geboren in Indien, wird Weihbischof in Mainz.",2026-03-15
gegründete,established,Das 1951 gegründete Bundeskriminalamt wurde über Jahrzehnte von Männern mit Nazi-Vergangenheit dominiert. Heute ist das BKA ein zentraler Baustein in Deutschlands Sicherheitsarchitektur – auch international.,2026-03-15
vermutlich,presumably,"Die Fallzahl ist hoch, die Dunkelziffer vermutlich noch viel höher: Häusliche Gewalt ist ein Problem in Deutschland. Was sagt die Statistik des Bundeskriminalamts?",2026-03-15
cybercrime,cybercrime?,Im BKA-Bundeslagebild Cybercrime zeigt der Trend in fast allen Bereichen nach oben - mit einer Ausnahme. Tatverdächtige werden oft in Russland vermutet.,2026-03-15
mutmaßlich,likely,Die niederländischen Behörden ermitteln wegen eines mutmaßlich antisemitischen Angriffs und fahnden nach einem Verdächtigen. Jüdische Einrichtungen stehen weiterhin unter verstärktem Schutz.,2026-03-15
modschtaba,modschtaba,Informationen über Irans obersten Führer Modschtaba Chamenei sind den Vereinigten Staaten Millionen Dollar wert. Schweden geht gegen Russlands Schattenflotte vor. Das Wichtigste in Kürze.,2026-03-15
weltkirche,universal church,"Mit Pater Joshy kommt die Vielfalt der katholischen Weltkirche bei den deutschen Bischöfen an: Ordensmann Joshy George Pottackal, geboren in Indien, wird Weihbischof in Mainz.",2026-03-15
ordensmann,religious,"Mit Pater Joshy kommt die Vielfalt der katholischen Weltkirche bei den deutschen Bischöfen an: Ordensmann Joshy George Pottackal, geboren in Indien, wird Weihbischof in Mainz.",2026-03-15
dominiert,had you not dominated ?,Das 1951 gegründete Bundeskriminalamt wurde über Jahrzehnte von Männern mit Nazi-Vergangenheit dominiert. Heute ist das BKA ein zentraler Baustein in Deutschlands Sicherheitsarchitektur – auch international.,2026-03-15
zentraler,Central,Das 1951 gegründete Bundeskriminalamt wurde über Jahrzehnte von Männern mit Nazi-Vergangenheit dominiert. Heute ist das BKA ein zentraler Baustein in Deutschlands Sicherheitsarchitektur – auch international.,2026-03-15
häusliche,domestic,"Die Fallzahl ist hoch, die Dunkelziffer vermutlich noch viel höher: Häusliche Gewalt ist ein Problem in Deutschland. Was sagt die Statistik des Bundeskriminalamts?",2026-03-15
statistik,Statistics,"Die Fallzahl ist hoch, die Dunkelziffer vermutlich noch viel höher: Häusliche Gewalt ist ein Problem in Deutschland. Was sagt die Statistik des Bundeskriminalamts?",2026-03-15
bereichen,compartments:,Im BKA-Bundeslagebild Cybercrime zeigt der Trend in fast allen Bereichen nach oben - mit einer Ausnahme. Tatverdächtige werden oft in Russland vermutet.,2026-03-15
ermitteln,Identifying,Die niederländischen Behörden ermitteln wegen eines mutmaßlich antisemitischen Angriffs und fahnden nach einem Verdächtigen. Jüdische Einrichtungen stehen weiterhin unter verstärktem Schutz.,2026-03-15
verfahren,procedure,"Dämpfer für Donald Trump vor Gericht: Ein Richter hebt Vorladungen gegen Fed-Chef Jerome Powell auf und vermutet, dass das Verfahren politisch motiviert war. Das Justizministerium will gegen die Entscheidung vorgehen.",2026-03-15
politisch,Political,"Dämpfer für Donald Trump vor Gericht: Ein Richter hebt Vorladungen gegen Fed-Chef Jerome Powell auf und vermutet, dass das Verfahren politisch motiviert war. Das Justizministerium will gegen die Entscheidung vorgehen.",2026-03-15
motiviert,Motivated,"Dämpfer für Donald Trump vor Gericht: Ein Richter hebt Vorladungen gegen Fed-Chef Jerome Powell auf und vermutet, dass das Verfahren politisch motiviert war. Das Justizministerium will gegen die Entscheidung vorgehen.",2026-03-15
philosoph,Philosopher,Jürgen Habermas war einer der einflussreichsten Denker unserer Zeit. Der deutsche Philosoph und Soziologe starb jetzt im Alter von 96 Jahren. Ein Nachruf.,2026-03-15
soziologe,SOCIOLOGIST,Jürgen Habermas war einer der einflussreichsten Denker unserer Zeit. Der deutsche Philosoph und Soziologe starb jetzt im Alter von 96 Jahren. Ein Nachruf.,2026-03-15
bischöfen,bishops,"Mit Pater Joshy kommt die Vielfalt der katholischen Weltkirche bei den deutschen Bischöfen an: Ordensmann Joshy George Pottackal, geboren in Indien, wird Weihbischof in Mainz.",2026-03-15
pottackal,pottackal,"Mit Pater Joshy kommt die Vielfalt der katholischen Weltkirche bei den deutschen Bischöfen an: Ordensmann Joshy George Pottackal, geboren in Indien, wird Weihbischof in Mainz.",2026-03-15
medikamentenknappheit,drug shortage,"Hohe Inflation, Lebensmittel- und Medikamentenknappheit sowie regelmäßige Stromabschaltungen zermürben die kubanische Bevölkerung. Ein örtlicher Protest schlug in Gewalt um.",2026-03-16
ernährungssicherheit,Food security,Iran blockiert die Handelsroute über die Straße von Hormus. Das hat nicht nur Auswirkungen auf die Ölpreise sondern auch auf die Ernährungssicherheit weltweit. Nicht nur Düngemittel könnten knapp werden.,2026-03-16
rechtspopulistischen,right-wing populist,In der Sprache der Politik steht die Brandmauer für die Abgrenzung zu rechtspopulistischen und rechtsextremen Parteien. Eine WhatsApp-Gruppe und ein Treffen von Europapolitikern lassen daran Zweifel aufkommen.,2026-03-16
leihmutterschaften,surrogacy,"Kinder würden bei Leihmutterschaften zu ""Produkten"" und Frauen zu ""Dienstleistern"" herabgewürdigt, prangert der Heilige Stuhl an. Bei den Vereinten Nationen verschafft er sich Gehör.",2026-03-16
stromabschaltungen,power cuts,"Hohe Inflation, Lebensmittel- und Medikamentenknappheit sowie regelmäßige Stromabschaltungen zermürben die kubanische Bevölkerung. Ein örtlicher Protest schlug in Gewalt um.",2026-03-16
europapolitikern,european politicians,In der Sprache der Politik steht die Brandmauer für die Abgrenzung zu rechtspopulistischen und rechtsextremen Parteien. Eine WhatsApp-Gruppe und ein Treffen von Europapolitikern lassen daran Zweifel aufkommen.,2026-03-16
geschäftsfelder,BUSINESS SEGMENTS,"E-Autos und Absatzrückgang - auch die Zulieferer der Autobauer spüren den Umbruch der Branche. Wegen knapper Margen fehlt vielen das Geld für Investitionen. Wer kann, sucht neue Geschäftsfelder.",2026-03-16
dienstleistern,Service providers,"Kinder würden bei Leihmutterschaften zu ""Produkten"" und Frauen zu ""Dienstleistern"" herabgewürdigt, prangert der Heilige Stuhl an. Bei den Vereinten Nationen verschafft er sich Gehör.",2026-03-16
herabgewürdigt,depreciated,"Kinder würden bei Leihmutterschaften zu ""Produkten"" und Frauen zu ""Dienstleistern"" herabgewürdigt, prangert der Heilige Stuhl an. Bei den Vereinten Nationen verschafft er sich Gehör.",2026-03-16
bundesrepublik,Federal Republic of,"Erstmals seit Jahren sinkt insgesamt die Zahl der Geflüchteten hierzulande, obwohl zuletzt mehr junge Ukrainer in die Bundesrepublik kamen. Was steckt dahinter?",2026-03-16
absatzrückgang,sales decline,"E-Autos und Absatzrückgang - auch die Zulieferer der Autobauer spüren den Umbruch der Branche. Wegen knapper Margen fehlt vielen das Geld für Investitionen. Wer kann, sucht neue Geschäftsfelder.",2026-03-16
investitionen,Investments,"E-Autos und Absatzrückgang - auch die Zulieferer der Autobauer spüren den Umbruch der Branche. Wegen knapper Margen fehlt vielen das Geld für Investitionen. Wer kann, sucht neue Geschäftsfelder.",2026-03-16
handelsroute,trade route,Iran blockiert die Handelsroute über die Straße von Hormus. Das hat nicht nur Auswirkungen auf die Ölpreise sondern auch auf die Ernährungssicherheit weltweit. Nicht nur Düngemittel könnten knapp werden.,2026-03-16
geflüchteten,refugees,"Erstmals seit Jahren sinkt insgesamt die Zahl der Geflüchteten hierzulande, obwohl zuletzt mehr junge Ukrainer in die Bundesrepublik kamen. Was steckt dahinter?",2026-03-16
lebensmittel,food,"Hohe Inflation, Lebensmittel- und Medikamentenknappheit sowie regelmäßige Stromabschaltungen zermürben die kubanische Bevölkerung. Ein örtlicher Protest schlug in Gewalt um.",2026-03-16
düngemittel,Fertilizers,Iran blockiert die Handelsroute über die Straße von Hormus. Das hat nicht nur Auswirkungen auf die Ölpreise sondern auch auf die Ernährungssicherheit weltweit. Nicht nur Düngemittel könnten knapp werden.,2026-03-16
regelmäßige,Regular meetings and,"Hohe Inflation, Lebensmittel- und Medikamentenknappheit sowie regelmäßige Stromabschaltungen zermürben die kubanische Bevölkerung. Ein örtlicher Protest schlug in Gewalt um.",2026-03-16
verschafft,"files,","Kinder würden bei Leihmutterschaften zu ""Produkten"" und Frauen zu ""Dienstleistern"" herabgewürdigt, prangert der Heilige Stuhl an. Bei den Vereinten Nationen verschafft er sich Gehör.",2026-03-16
brandmauer,Party wall,In der Sprache der Politik steht die Brandmauer für die Abgrenzung zu rechtspopulistischen und rechtsextremen Parteien. Eine WhatsApp-Gruppe und ein Treffen von Europapolitikern lassen daran Zweifel aufkommen.,2026-03-16
abgrenzung,Limitation,In der Sprache der Politik steht die Brandmauer für die Abgrenzung zu rechtspopulistischen und rechtsextremen Parteien. Eine WhatsApp-Gruppe und ein Treffen von Europapolitikern lassen daran Zweifel aufkommen.,2026-03-16
zulieferer,Supplier,"E-Autos und Absatzrückgang - auch die Zulieferer der Autobauer spüren den Umbruch der Branche. Wegen knapper Margen fehlt vielen das Geld für Investitionen. Wer kann, sucht neue Geschäftsfelder.",2026-03-16
blockiert,operation,Iran blockiert die Handelsroute über die Straße von Hormus. Das hat nicht nur Auswirkungen auf die Ölpreise sondern auch auf die Ernährungssicherheit weltweit. Nicht nur Düngemittel könnten knapp werden.,2026-03-16
produkten,products),"Kinder würden bei Leihmutterschaften zu ""Produkten"" und Frauen zu ""Dienstleistern"" herabgewürdigt, prangert der Heilige Stuhl an. Bei den Vereinten Nationen verschafft er sich Gehör.",2026-03-16
aufkommen,agreement.,In der Sprache der Politik steht die Brandmauer für die Abgrenzung zu rechtspopulistischen und rechtsextremen Parteien. Eine WhatsApp-Gruppe und ein Treffen von Europapolitikern lassen daran Zweifel aufkommen.,2026-03-16
insgesamt,Total,"Erstmals seit Jahren sinkt insgesamt die Zahl der Geflüchteten hierzulande, obwohl zuletzt mehr junge Ukrainer in die Bundesrepublik kamen. Was steckt dahinter?",2026-03-16
inflation,Inflation,"Hohe Inflation, Lebensmittel- und Medikamentenknappheit sowie regelmäßige Stromabschaltungen zermürben die kubanische Bevölkerung. Ein örtlicher Protest schlug in Gewalt um.",2026-03-16
zermürben,wear down,"Hohe Inflation, Lebensmittel- und Medikamentenknappheit sowie regelmäßige Stromabschaltungen zermürben die kubanische Bevölkerung. Ein örtlicher Protest schlug in Gewalt um.",2026-03-16
örtlicher,local,"Hohe Inflation, Lebensmittel- und Medikamentenknappheit sowie regelmäßige Stromabschaltungen zermürben die kubanische Bevölkerung. Ein örtlicher Protest schlug in Gewalt um.",2026-03-16
autobauer,car manufacturer,"E-Autos und Absatzrückgang - auch die Zulieferer der Autobauer spüren den Umbruch der Branche. Wegen knapper Margen fehlt vielen das Geld für Investitionen. Wer kann, sucht neue Geschäftsfelder.",2026-03-16
ölpreise,Oil prices,Iran blockiert die Handelsroute über die Straße von Hormus. Das hat nicht nur Auswirkungen auf die Ölpreise sondern auch auf die Ernährungssicherheit weltweit. Nicht nur Düngemittel könnten knapp werden.,2026-03-16
verfassungsänderungen,"Amendment, Constitutional","Mehr Befugnisse für Staatschef Tokajew, weniger Kontrolle durch das Parlament: In einem Referendum wurden weitreichende Verfassungsänderungen mit deutlicher Mehrheit gebilligt.",2026-03-17
regierungskoalition,government coalition,So gerade eben noch erfüllt Deutschland sein Klimaziel für das vergangene Jahr. Bundes-Umweltminister Carsten Schneider fordert mehr Tempo bis 2030 – und riskiert damit neuen Streit in der Regierungskoalition.,2026-03-17
mitgliederschwund,membership shrinkage,"Viele Austritte und Todesfälle, vergleichsweise wenige Taufen und Eintritte. Der Mitgliederschwund bei den großen Kirchen schreitet rasant voran.",2026-03-17
rechtspopulisten,right-wing populists,US-Präsident Trump fordert jetzt eine Beteiligung der NATO bei der Absicherung der Straße von Hormus. Bei der Kommunalwahl in Frankreich gibt es einen Erfolg für die Rechtspopulisten. Das Wichtigste in Kürze.,2026-03-17
ausgezeichneter,excellent,"Ein ""sehr erfolgreicher Mann"", ein ""ausgezeichneter Anführer"", der einen ""großartigen Job"" mache - wie schon beim Antrittsbesuch im Juni umschmeichelte der US-Präsident den Bundeskanzler.",2026-03-17
vergleichsweise,comparatively,"Viele Austritte und Todesfälle, vergleichsweise wenige Taufen und Eintritte. Der Mitgliederschwund bei den großen Kirchen schreitet rasant voran.",2026-03-17
vielvölkerstaat,multi-ethnic state,"China ist ein Vielvölkerstaat. Die Regierung in Peking will eine einheitliche Identität durchsetzen. Das neue Gesetz über die ""ethnische Einheit"" löst aber bei Exil-Gruppen von Minderheiten Kritik aus.",2026-03-17
antrittsbesuch,Inaugural visit,"Ein ""sehr erfolgreicher Mann"", ein ""ausgezeichneter Anführer"", der einen ""großartigen Job"" mache - wie schon beim Antrittsbesuch im Juni umschmeichelte der US-Präsident den Bundeskanzler.",2026-03-17
umschmeichelte,flattered,"Ein ""sehr erfolgreicher Mann"", ein ""ausgezeichneter Anführer"", der einen ""großartigen Job"" mache - wie schon beim Antrittsbesuch im Juni umschmeichelte der US-Präsident den Bundeskanzler.",2026-03-17
erfolgreicher,Successful,"Ein ""sehr erfolgreicher Mann"", ein ""ausgezeichneter Anführer"", der einen ""großartigen Job"" mache - wie schon beim Antrittsbesuch im Juni umschmeichelte der US-Präsident den Bundeskanzler.",2026-03-17
weitreichende,far-reaching,"Mehr Befugnisse für Staatschef Tokajew, weniger Kontrolle durch das Parlament: In einem Referendum wurden weitreichende Verfassungsänderungen mit deutlicher Mehrheit gebilligt.",2026-03-17
abstiegsangst,fear of relegation,Stuttgart sammelt Punkte im Kampf um die Champions-League. In Bremen ist die Abstiegsangst zurück und Bayern München legt nach dem Topspiel gegen Leverkusen Einspruch ein. Der Rückblick auf den 26. Bundesliga-Spieltag.,2026-03-17
kommunalwahl,Local elections,US-Präsident Trump fordert jetzt eine Beteiligung der NATO bei der Absicherung der Straße von Hormus. Bei der Kommunalwahl in Frankreich gibt es einen Erfolg für die Rechtspopulisten. Das Wichtigste in Kürze.,2026-03-17
einheitliche,uniform,"China ist ein Vielvölkerstaat. Die Regierung in Peking will eine einheitliche Identität durchsetzen. Das neue Gesetz über die ""ethnische Einheit"" löst aber bei Exil-Gruppen von Minderheiten Kritik aus.",2026-03-17
verständnis,Profession,"Bundeskanzler Friedrich Merz geht durch den Iran-Krieg erneut auf Distanz zum US-Präsidenten, nachdem er lange Verständnis gezeigt hatte. Von einer Beteiligung Deutschlands an diesem Krieg will er nichts wissen.",2026-03-17
belehrungen,Cautionary remarks,Keine deutschen Belehrungen mehr: Seit den Angriffen der USA und Israels auf den Iran scheint Bundeskanzler Friedrich Merz das Völkerrecht weniger wichtig zu sein. Steckt eine neue Strategie dahinter?,2026-03-17
völkerrecht,Public International Law,Keine deutschen Belehrungen mehr: Seit den Angriffen der USA und Israels auf den Iran scheint Bundeskanzler Friedrich Merz das Völkerrecht weniger wichtig zu sein. Steckt eine neue Strategie dahinter?,2026-03-17
großartigen,great,"Ein ""sehr erfolgreicher Mann"", ein ""ausgezeichneter Anführer"", der einen ""großartigen Job"" mache - wie schon beim Antrittsbesuch im Juni umschmeichelte der US-Präsident den Bundeskanzler.",2026-03-17
absicherung,Protection,US-Präsident Trump fordert jetzt eine Beteiligung der NATO bei der Absicherung der Straße von Hormus. Bei der Kommunalwahl in Frankreich gibt es einen Erfolg für die Rechtspopulisten. Das Wichtigste in Kürze.,2026-03-17
durchsetzen,Enforce,"China ist ein Vielvölkerstaat. Die Regierung in Peking will eine einheitliche Identität durchsetzen. Das neue Gesetz über die ""ethnische Einheit"" löst aber bei Exil-Gruppen von Minderheiten Kritik aus.",2026-03-17
todesfälle,Cases of death,"Viele Austritte und Todesfälle, vergleichsweise wenige Taufen und Eintritte. Der Mitgliederschwund bei den großen Kirchen schreitet rasant voran.",2026-03-17
befugnisse,Powers,"Mehr Befugnisse für Staatschef Tokajew, weniger Kontrolle durch das Parlament: In einem Referendum wurden weitreichende Verfassungsänderungen mit deutlicher Mehrheit gebilligt.",2026-03-17
staatschef,head of state,"Mehr Befugnisse für Staatschef Tokajew, weniger Kontrolle durch das Parlament: In einem Referendum wurden weitreichende Verfassungsänderungen mit deutlicher Mehrheit gebilligt.",2026-03-17
referendum,Referendum,"Mehr Befugnisse für Staatschef Tokajew, weniger Kontrolle durch das Parlament: In einem Referendum wurden weitreichende Verfassungsänderungen mit deutlicher Mehrheit gebilligt.",2026-03-17
deutlicher,clearer,"Mehr Befugnisse für Staatschef Tokajew, weniger Kontrolle durch das Parlament: In einem Referendum wurden weitreichende Verfassungsänderungen mit deutlicher Mehrheit gebilligt.",2026-03-17
vergangene,past,So gerade eben noch erfüllt Deutschland sein Klimaziel für das vergangene Jahr. Bundes-Umweltminister Carsten Schneider fordert mehr Tempo bis 2030 – und riskiert damit neuen Streit in der Regierungskoalition.,2026-03-17
austritte,Cancellations,"Viele Austritte und Todesfälle, vergleichsweise wenige Taufen und Eintritte. Der Mitgliederschwund bei den großen Kirchen schreitet rasant voran.",2026-03-17
eintritte,Eintritte,"Viele Austritte und Todesfälle, vergleichsweise wenige Taufen und Eintritte. Der Mitgliederschwund bei den großen Kirchen schreitet rasant voran.",2026-03-17
schreitet,steps,"Viele Austritte und Todesfälle, vergleichsweise wenige Taufen und Eintritte. Der Mitgliederschwund bei den großen Kirchen schreitet rasant voran.",2026-03-17
kontrolle,control,"Mehr Befugnisse für Staatschef Tokajew, weniger Kontrolle durch das Parlament: In einem Referendum wurden weitreichende Verfassungsänderungen mit deutlicher Mehrheit gebilligt.",2026-03-17
gebilligt,(recast).,"Mehr Befugnisse für Staatschef Tokajew, weniger Kontrolle durch das Parlament: In einem Referendum wurden weitreichende Verfassungsänderungen mit deutlicher Mehrheit gebilligt.",2026-03-17
stuttgart,stuttgart,Stuttgart sammelt Punkte im Kampf um die Champions-League. In Bremen ist die Abstiegsangst zurück und Bayern München legt nach dem Topspiel gegen Leverkusen Einspruch ein. Der Rückblick auf den 26. Bundesliga-Spieltag.,2026-03-17
einspruch,Objection,Stuttgart sammelt Punkte im Kampf um die Champions-League. In Bremen ist die Abstiegsangst zurück und Bayern München legt nach dem Topspiel gegen Leverkusen Einspruch ein. Der Rückblick auf den 26. Bundesliga-Spieltag.,2026-03-17
identität,Identity,"China ist ein Vielvölkerstaat. Die Regierung in Peking will eine einheitliche Identität durchsetzen. Das neue Gesetz über die ""ethnische Einheit"" löst aber bei Exil-Gruppen von Minderheiten Kritik aus.",2026-03-17
ethnische,ethnic,"China ist ein Vielvölkerstaat. Die Regierung in Peking will eine einheitliche Identität durchsetzen. Das neue Gesetz über die ""ethnische Einheit"" löst aber bei Exil-Gruppen von Minderheiten Kritik aus.",2026-03-17
klimaziel,climate target,So gerade eben noch erfüllt Deutschland sein Klimaziel für das vergangene Jahr. Bundes-Umweltminister Carsten Schneider fordert mehr Tempo bis 2030 – und riskiert damit neuen Streit in der Regierungskoalition.,2026-03-17
dahinter,behind,Keine deutschen Belehrungen mehr: Seit den Angriffen der USA und Israels auf den Iran scheint Bundeskanzler Friedrich Merz das Völkerrecht weniger wichtig zu sein. Steckt eine neue Strategie dahinter?,2026-03-17
anführer,Leader,"Ein ""sehr erfolgreicher Mann"", ein ""ausgezeichneter Anführer"", der einen ""großartigen Job"" mache - wie schon beim Antrittsbesuch im Juni umschmeichelte der US-Präsident den Bundeskanzler.",2026-03-17
sicherheitszusagen,pledges of security,"Iranische Angriffe haben in der Golfregion Zweifel an amerikanischen Sicherheitszusagen verstärkt. Da die Region nicht zuletzt wirtschaftlich auf Stabilität angewiesen ist, prüfen ihre Staaten vorsichtig neue Optionen.",2026-03-18
klimaneutralität,Klimaneutralität // Climate neutrality,"Vor einem Jahr gab der Deutsche Bundestag ein 500 Milliarden Euro schweres Paket für Infrastruktur und Klimaneutralität frei. Zwei Studien schüren nun Zweifel, ob die Gelder korrekt von der Regierung eingesetzt werden.",2026-03-18
amerikanischen,American,"Iranische Angriffe haben in der Golfregion Zweifel an amerikanischen Sicherheitszusagen verstärkt. Da die Region nicht zuletzt wirtschaftlich auf Stabilität angewiesen ist, prüfen ihre Staaten vorsichtig neue Optionen.",2026-03-18
wirtschaftlich,financial,"Iranische Angriffe haben in der Golfregion Zweifel an amerikanischen Sicherheitszusagen verstärkt. Da die Region nicht zuletzt wirtschaftlich auf Stabilität angewiesen ist, prüfen ihre Staaten vorsichtig neue Optionen.",2026-03-18
ausschließlich,only,"Die radikalen Islamisten, die seit 2021 wieder in Afghanistan an der Macht sind, erheben schwere Vorwürfe gegen Pakistan. Die dortige Regierung erklärt indes, sie habe ausschließlich militärische Ziele attackiert.",2026-03-18
kommunistische,communist,Der US-Präsident erhöht den Druck auf die kommunistische Führung des Karibikstaates - mit drastischen und abschätzigen Worten. Währenddessen hat Kuba schon wieder mit einem Blackout zu kämpfen - diesmal sogar inselweit.,2026-03-18
karibikstaates,caribbean state,Der US-Präsident erhöht den Druck auf die kommunistische Führung des Karibikstaates - mit drastischen und abschätzigen Worten. Währenddessen hat Kuba schon wieder mit einem Blackout zu kämpfen - diesmal sogar inselweit.,2026-03-18
unionsparteien,union parties,"Offiziell lehnen die Unionsparteien in Deutschland Kooperationen mit der teilweise rechtsextremen AfD ab. Zugleich wird diskutiert, ob diese Abgrenzung politisch tatsächlich Bestand hat.",2026-03-18
preisgekröntes,Award winning,"Der Gewinner des Leipziger Buchpreises zur Europäischen Verständigung 2026, Miljenko Jergovic, spricht mit der DW über sein preisgekröntes neustes Buch, Nationalismus auf dem Balkan und den globalen Rechtsruck.",2026-03-18
infrastruktur,Infrastructure,"Vor einem Jahr gab der Deutsche Bundestag ein 500 Milliarden Euro schweres Paket für Infrastruktur und Klimaneutralität frei. Zwei Studien schüren nun Zweifel, ob die Gelder korrekt von der Regierung eingesetzt werden.",2026-03-18
währenddessen,"At the same time, she",Der US-Präsident erhöht den Druck auf die kommunistische Führung des Karibikstaates - mit drastischen und abschätzigen Worten. Währenddessen hat Kuba schon wieder mit einem Blackout zu kämpfen - diesmal sogar inselweit.,2026-03-18
kooperationen,Collaborations,"Offiziell lehnen die Unionsparteien in Deutschland Kooperationen mit der teilweise rechtsextremen AfD ab. Zugleich wird diskutiert, ob diese Abgrenzung politisch tatsächlich Bestand hat.",2026-03-18
bundesagentur,federal Agency,"Rathäuser, Ministerien, Konzerne: Viele nutzen Software aus den USA und sind damit über den US-Cloud-Act politisch erpressbar. Die Bundesagentur ZendiS will dafür Lösungen finden.",2026-03-18
verständigung,Communication,"Der Gewinner des Leipziger Buchpreises zur Europäischen Verständigung 2026, Miljenko Jergovic, spricht mit der DW über sein preisgekröntes neustes Buch, Nationalismus auf dem Balkan und den globalen Rechtsruck.",2026-03-18
nationalismus,Nationalism,"Der Gewinner des Leipziger Buchpreises zur Europäischen Verständigung 2026, Miljenko Jergovic, spricht mit der DW über sein preisgekröntes neustes Buch, Nationalismus auf dem Balkan und den globalen Rechtsruck.",2026-03-18
abschätzigen,disparage,Der US-Präsident erhöht den Druck auf die kommunistische Führung des Karibikstaates - mit drastischen und abschätzigen Worten. Währenddessen hat Kuba schon wieder mit einem Blackout zu kämpfen - diesmal sogar inselweit.,2026-03-18
italienische,Italian,Die italienische Großbank Unicredit möchte die deutsche Commerzbank übernehmen und erhöht den Druck. Welche Strategie verfolgen die Italiener? Und haben sie Aussicht auf Erfolg?,2026-03-18
europäischen,the European,"Der Gewinner des Leipziger Buchpreises zur Europäischen Verständigung 2026, Miljenko Jergovic, spricht mit der DW über sein preisgekröntes neustes Buch, Nationalismus auf dem Balkan und den globalen Rechtsruck.",2026-03-18
drastischen,drastic,Der US-Präsident erhöht den Druck auf die kommunistische Führung des Karibikstaates - mit drastischen und abschätzigen Worten. Währenddessen hat Kuba schon wieder mit einem Blackout zu kämpfen - diesmal sogar inselweit.,2026-03-18
solidarisch,solidarity,Deutschland und vier weitere Staaten zeigen sich in einer Erklärung solidarisch mit Regierung und Bevölkerung im Libanon. US-Präsident Trump deutet eine Übernahme Kubas an. Das Wichtigste in Kürze.,2026-03-18
tatsächlich,are actually,"Offiziell lehnen die Unionsparteien in Deutschland Kooperationen mit der teilweise rechtsextremen AfD ab. Zugleich wird diskutiert, ob diese Abgrenzung politisch tatsächlich Bestand hat.",2026-03-18
commerzbank,commerzbank,Die italienische Großbank Unicredit möchte die deutsche Commerzbank übernehmen und erhöht den Druck. Welche Strategie verfolgen die Italiener? Und haben sie Aussicht auf Erfolg?,2026-03-18
ministerien,Ministries and departments,"Rathäuser, Ministerien, Konzerne: Viele nutzen Software aus den USA und sind damit über den US-Cloud-Act politisch erpressbar. Die Bundesagentur ZendiS will dafür Lösungen finden.",2026-03-18
buchpreises,book price,"Der Gewinner des Leipziger Buchpreises zur Europäischen Verständigung 2026, Miljenko Jergovic, spricht mit der DW über sein preisgekröntes neustes Buch, Nationalismus auf dem Balkan und den globalen Rechtsruck.",2026-03-18
golfregion,gulf Region,"Iranische Angriffe haben in der Golfregion Zweifel an amerikanischen Sicherheitszusagen verstärkt. Da die Region nicht zuletzt wirtschaftlich auf Stabilität angewiesen ist, prüfen ihre Staaten vorsichtig neue Optionen.",2026-03-18
stabilität,Stability,"Iranische Angriffe haben in der Golfregion Zweifel an amerikanischen Sicherheitszusagen verstärkt. Da die Region nicht zuletzt wirtschaftlich auf Stabilität angewiesen ist, prüfen ihre Staaten vorsichtig neue Optionen.",2026-03-18
angewiesen,development.,"Iranische Angriffe haben in der Golfregion Zweifel an amerikanischen Sicherheitszusagen verstärkt. Da die Region nicht zuletzt wirtschaftlich auf Stabilität angewiesen ist, prüfen ihre Staaten vorsichtig neue Optionen.",2026-03-18
vorsichtig,carefully,"Iranische Angriffe haben in der Golfregion Zweifel an amerikanischen Sicherheitszusagen verstärkt. Da die Region nicht zuletzt wirtschaftlich auf Stabilität angewiesen ist, prüfen ihre Staaten vorsichtig neue Optionen.",2026-03-18
milliarden,billion,"Vor einem Jahr gab der Deutsche Bundestag ein 500 Milliarden Euro schweres Paket für Infrastruktur und Klimaneutralität frei. Zwei Studien schüren nun Zweifel, ob die Gelder korrekt von der Regierung eingesetzt werden.",2026-03-18
eingesetzt,.,"Vor einem Jahr gab der Deutsche Bundestag ein 500 Milliarden Euro schweres Paket für Infrastruktur und Klimaneutralität frei. Zwei Studien schüren nun Zweifel, ob die Gelder korrekt von der Regierung eingesetzt werden.",2026-03-18
islamisten,islamists,"Die radikalen Islamisten, die seit 2021 wieder in Afghanistan an der Macht sind, erheben schwere Vorwürfe gegen Pakistan. Die dortige Regierung erklärt indes, sie habe ausschließlich militärische Ziele attackiert.",2026-03-18
diskutiert,discussed,"Offiziell lehnen die Unionsparteien in Deutschland Kooperationen mit der teilweise rechtsextremen AfD ab. Zugleich wird diskutiert, ob diese Abgrenzung politisch tatsächlich Bestand hat.",2026-03-18
übernehmen,übernehmen,Die italienische Großbank Unicredit möchte die deutsche Commerzbank übernehmen und erhöht den Druck. Welche Strategie verfolgen die Italiener? Und haben sie Aussicht auf Erfolg?,2026-03-18
erpressbar,extortionable,"Rathäuser, Ministerien, Konzerne: Viele nutzen Software aus den USA und sind damit über den US-Cloud-Act politisch erpressbar. Die Bundesagentur ZendiS will dafür Lösungen finden.",2026-03-18
rechtsruck,Swing to the right,"Der Gewinner des Leipziger Buchpreises zur Europäischen Verständigung 2026, Miljenko Jergovic, spricht mit der DW über sein preisgekröntes neustes Buch, Nationalismus auf dem Balkan und den globalen Rechtsruck.",2026-03-18
radikalen,radical,"Die radikalen Islamisten, die seit 2021 wieder in Afghanistan an der Macht sind, erheben schwere Vorwürfe gegen Pakistan. Die dortige Regierung erklärt indes, sie habe ausschließlich militärische Ziele attackiert.",2026-03-18
inselweit,island-wide,Der US-Präsident erhöht den Druck auf die kommunistische Führung des Karibikstaates - mit drastischen und abschätzigen Worten. Währenddessen hat Kuba schon wieder mit einem Blackout zu kämpfen - diesmal sogar inselweit.,2026-03-18
erklärung,Explanation,Deutschland und vier weitere Staaten zeigen sich in einer Erklärung solidarisch mit Regierung und Bevölkerung im Libanon. US-Präsident Trump deutet eine Übernahme Kubas an. Das Wichtigste in Kürze.,2026-03-18
offiziell,official,"Offiziell lehnen die Unionsparteien in Deutschland Kooperationen mit der teilweise rechtsextremen AfD ab. Zugleich wird diskutiert, ob diese Abgrenzung politisch tatsächlich Bestand hat.",2026-03-18
unicredit,UniCredit,Die italienische Großbank Unicredit möchte die deutsche Commerzbank übernehmen und erhöht den Druck. Welche Strategie verfolgen die Italiener? Und haben sie Aussicht auf Erfolg?,2026-03-18
staatsanwaltschaft,STATE PROSECUTOR,Im Prozess gegen Marius Borg Høiby verlangt die Staatsanwaltschaft mehrjährige Haft. Die schweren Vorwürfe gegen den Sohn der Kronprinzessin Mette-Marit setzen das norwegische Königshaus weiter unter Druck.,2026-03-19
massenentlassungen,Mass dismissals,"Im März 2025 hatte Präsident Trump für den Sender Voice of America radikale Sparmaßnahmen mit Massenentlassungen angeordnet. Ein US-Richter entschied nun, der Auslandssender darf wieder den Sendebetrieb voll aufnehmen.",2026-03-19
sicherheitschefs,security chiefs,"Nigerias Präsident Bola Tinubu hat die Sicherheitschefs angewiesen, Truppen nach Maiduguri zu verlegen. Die Behörden vermuten, dass Boko-Haram-Kämpfer hinter den jüngsten Anschlägen stecken.",2026-03-19
kronprinzessin,crown princess,Im Prozess gegen Marius Borg Høiby verlangt die Staatsanwaltschaft mehrjährige Haft. Die schweren Vorwürfe gegen den Sohn der Kronprinzessin Mette-Marit setzen das norwegische Königshaus weiter unter Druck.,2026-03-19
auslandssender,international broadcaster,"Im März 2025 hatte Präsident Trump für den Sender Voice of America radikale Sparmaßnahmen mit Massenentlassungen angeordnet. Ein US-Richter entschied nun, der Auslandssender darf wieder den Sendebetrieb voll aufnehmen.",2026-03-19
sparmaßnahmen,austerity measures,"Im März 2025 hatte Präsident Trump für den Sender Voice of America radikale Sparmaßnahmen mit Massenentlassungen angeordnet. Ein US-Richter entschied nun, der Auslandssender darf wieder den Sendebetrieb voll aufnehmen.",2026-03-19
medizinische,Medical,"Weltweit sind 2024 laut den UN 4,9 Millionen Kinder unter fünf Jahren verstorben. Viele Todesfälle wären durch medizinische Versorgung und bessere Ernährung vermeidbar gewesen. Besonders betroffen: Afrika und Südasien.",2026-03-19
sendebetrieb,transmission mode,"Im März 2025 hatte Präsident Trump für den Sender Voice of America radikale Sparmaßnahmen mit Massenentlassungen angeordnet. Ein US-Richter entschied nun, der Auslandssender darf wieder den Sendebetrieb voll aufnehmen.",2026-03-19
terrorabwehr,counter-terrorism,"US-Präsident Trump denkt vor Journalisten über einen Austritt der USA aus der NATO nach. Der Chef der amerikanischen Terrorabwehr, Kent, tritt wegen des Iran-Kriegs zurück. Das Wichtigste in Kürze.",2026-03-19
mehrjährige,perennial,Im Prozess gegen Marius Borg Høiby verlangt die Staatsanwaltschaft mehrjährige Haft. Die schweren Vorwürfe gegen den Sohn der Kronprinzessin Mette-Marit setzen das norwegische Königshaus weiter unter Druck.,2026-03-19
norwegische,norwegian,Im Prozess gegen Marius Borg Høiby verlangt die Staatsanwaltschaft mehrjährige Haft. Die schweren Vorwürfe gegen den Sohn der Kronprinzessin Mette-Marit setzen das norwegische Königshaus weiter unter Druck.,2026-03-19
verteidigt,"of lives again."" he warned.","Bundeskanzler Merz verteidigt im Bundestag sein Nein zu einer deutschen Teilhabe am Krieg gegen den Iran. Und mahnt, den Krieg in der Ukraine nicht zu vergessen.",2026-03-19
königshaus,royal house,Im Prozess gegen Marius Borg Høiby verlangt die Staatsanwaltschaft mehrjährige Haft. Die schweren Vorwürfe gegen den Sohn der Kronprinzessin Mette-Marit setzen das norwegische Königshaus weiter unter Druck.,2026-03-19
verstorben,Deceased,"Weltweit sind 2024 laut den UN 4,9 Millionen Kinder unter fünf Jahren verstorben. Viele Todesfälle wären durch medizinische Versorgung und bessere Ernährung vermeidbar gewesen. Besonders betroffen: Afrika und Südasien.",2026-03-19
versorgung,supply,"Weltweit sind 2024 laut den UN 4,9 Millionen Kinder unter fünf Jahren verstorben. Viele Todesfälle wären durch medizinische Versorgung und bessere Ernährung vermeidbar gewesen. Besonders betroffen: Afrika und Südasien.",2026-03-19
vermeidbar,avoidable,"Weltweit sind 2024 laut den UN 4,9 Millionen Kinder unter fünf Jahren verstorben. Viele Todesfälle wären durch medizinische Versorgung und bessere Ernährung vermeidbar gewesen. Besonders betroffen: Afrika und Südasien.",2026-03-19
endstation,Terminus,"Im Achtelfinale der Champions League ist für Bayer 04 Leverkusen Endstation. Vor allem der Torwart der Werkself hält sein Team lange im Spiel. Dazu endet die ""Traumreise"" von Underdog FK Bodö/Glimt.",2026-03-19
traumreise,dream trip,"Im Achtelfinale der Champions League ist für Bayer 04 Leverkusen Endstation. Vor allem der Torwart der Werkself hält sein Team lange im Spiel. Dazu endet die ""Traumreise"" von Underdog FK Bodö/Glimt.",2026-03-19
angeordnet,arranged.,"Im März 2025 hatte Präsident Trump für den Sender Voice of America radikale Sparmaßnahmen mit Massenentlassungen angeordnet. Ein US-Richter entschied nun, der Auslandssender darf wieder den Sendebetrieb voll aufnehmen.",2026-03-19
anschlägen,Araber.,"Nigerias Präsident Bola Tinubu hat die Sicherheitschefs angewiesen, Truppen nach Maiduguri zu verlegen. Die Behörden vermuten, dass Boko-Haram-Kämpfer hinter den jüngsten Anschlägen stecken.",2026-03-19
auszubauen,pand on their skills and knowledge.,"Die russisch-orthodoxe Kirche baut seit Jahren ihre Präsenz in Afrika aus - und gewinnt so an Bedeutung. Experten sehen darin, einen weiteren Baustein, um den Einfluss Russlands auszubauen.",2026-03-19
vergessen,to forget,"Bundeskanzler Merz verteidigt im Bundestag sein Nein zu einer deutschen Teilhabe am Krieg gegen den Iran. Und mahnt, den Krieg in der Ukraine nicht zu vergessen.",2026-03-19
ernährung,Nutrition,"Weltweit sind 2024 laut den UN 4,9 Millionen Kinder unter fünf Jahren verstorben. Viele Todesfälle wären durch medizinische Versorgung und bessere Ernährung vermeidbar gewesen. Besonders betroffen: Afrika und Südasien.",2026-03-19
betroffen,affected,"Weltweit sind 2024 laut den UN 4,9 Millionen Kinder unter fünf Jahren verstorben. Viele Todesfälle wären durch medizinische Versorgung und bessere Ernährung vermeidbar gewesen. Besonders betroffen: Afrika und Südasien.",2026-03-19
entschied,wear.,"Im März 2025 hatte Präsident Trump für den Sender Voice of America radikale Sparmaßnahmen mit Massenentlassungen angeordnet. Ein US-Richter entschied nun, der Auslandssender darf wieder den Sendebetrieb voll aufnehmen.",2026-03-19
aufnehmen,recording,"Im März 2025 hatte Präsident Trump für den Sender Voice of America radikale Sparmaßnahmen mit Massenentlassungen angeordnet. Ein US-Richter entschied nun, der Auslandssender darf wieder den Sendebetrieb voll aufnehmen.",2026-03-19
maiduguri,maiduguri,"Nigerias Präsident Bola Tinubu hat die Sicherheitschefs angewiesen, Truppen nach Maiduguri zu verlegen. Die Behörden vermuten, dass Boko-Haram-Kämpfer hinter den jüngsten Anschlägen stecken.",2026-03-19
orthodoxe,THE ORTHODOX,"Die russisch-orthodoxe Kirche baut seit Jahren ihre Präsenz in Afrika aus - und gewinnt so an Bedeutung. Experten sehen darin, einen weiteren Baustein, um den Einfluss Russlands auszubauen.",2026-03-19
teilhabe,Participation,"Bundeskanzler Merz verteidigt im Bundestag sein Nein zu einer deutschen Teilhabe am Krieg gegen den Iran. Und mahnt, den Krieg in der Ukraine nicht zu vergessen.",2026-03-19
verlangt,were required,Im Prozess gegen Marius Borg Høiby verlangt die Staatsanwaltschaft mehrjährige Haft. Die schweren Vorwürfe gegen den Sohn der Kronprinzessin Mette-Marit setzen das norwegische Königshaus weiter unter Druck.,2026-03-19
vorwürfe,Allegations,Im Prozess gegen Marius Borg Høiby verlangt die Staatsanwaltschaft mehrjährige Haft. Die schweren Vorwürfe gegen den Sohn der Kronprinzessin Mette-Marit setzen das norwegische Königshaus weiter unter Druck.,2026-03-19
nationalmannschaft,National Team,Für die beiden ersten Länderspiele im WM-Jahr beruft Bundestrainer Julian Nagelsmann Offensivspieler Lennart Karl und Torwart Jonas Urbig in den Kader der Fußball-Nationalmannschaft. Sechs andere Spieler kehren zurück.,2026-03-20
wissenschaftlich,scientific,"Einmal im Jahr, rund um den Beginn des Frühlings, geht es ganz wissenschaftlich um die Zufriedenheit im Leben weltweit. Ein Fazit der Forscher: Social Media macht nicht immer glücklich.",2026-03-20
gelsenkirchener,gelsenkirchener,Die Auszeichnung gilt inoffiziell als Mathematik-Nobelpreis. Der gebürtige Gelsenkirchener bekommt sie für bahnbrechende Leistungen auf dem Gebiet der arithmetischen Geometrie.,2026-03-20
offensivspieler,offensive player,Für die beiden ersten Länderspiele im WM-Jahr beruft Bundestrainer Julian Nagelsmann Offensivspieler Lennart Karl und Torwart Jonas Urbig in den Kader der Fußball-Nationalmannschaft. Sechs andere Spieler kehren zurück.,2026-03-20
arithmetischen,arithmetic,Die Auszeichnung gilt inoffiziell als Mathematik-Nobelpreis. Der gebürtige Gelsenkirchener bekommt sie für bahnbrechende Leistungen auf dem Gebiet der arithmetischen Geometrie.,2026-03-20
brasilianische,Brazilian,"Die brasilianische Polizei ist in Rio de Janeiro erneut mit großer Härte gegen Drogenbanden vorgegangen. US-Präsident Trump droht dem Iran, das größte Gasfeld zu bombardieren. Das Wichtigste in Kürze.",2026-03-20
finanzminister,Minister of Finance,"500 Milliarden Euro zusätzliche Schulden darf der Finanzminister in den kommenden Jahren nutzen, um Deutschland wieder flott zu machen. Gibt er dieses Sondervermögen gewissenhaft aus? Es gibt starke Zweifel.",2026-03-20
sondervermögen,Special assets,"500 Milliarden Euro zusätzliche Schulden darf der Finanzminister in den kommenden Jahren nutzen, um Deutschland wieder flott zu machen. Gibt er dieses Sondervermögen gewissenhaft aus? Es gibt starke Zweifel.",2026-03-20
bahnbrechende,groundbreaking,Die Auszeichnung gilt inoffiziell als Mathematik-Nobelpreis. Der gebürtige Gelsenkirchener bekommt sie für bahnbrechende Leistungen auf dem Gebiet der arithmetischen Geometrie.,2026-03-20
bundestrainer,National coach,Für die beiden ersten Länderspiele im WM-Jahr beruft Bundestrainer Julian Nagelsmann Offensivspieler Lennart Karl und Torwart Jonas Urbig in den Kader der Fußball-Nationalmannschaft. Sechs andere Spieler kehren zurück.,2026-03-20
zufriedenheit,satisfaction,"Einmal im Jahr, rund um den Beginn des Frühlings, geht es ganz wissenschaftlich um die Zufriedenheit im Leben weltweit. Ein Fazit der Forscher: Social Media macht nicht immer glücklich.",2026-03-20
auszeichnung,display,Die Auszeichnung gilt inoffiziell als Mathematik-Nobelpreis. Der gebürtige Gelsenkirchener bekommt sie für bahnbrechende Leistungen auf dem Gebiet der arithmetischen Geometrie.,2026-03-20
länderspiele,International Caps,Für die beiden ersten Länderspiele im WM-Jahr beruft Bundestrainer Julian Nagelsmann Offensivspieler Lennart Karl und Torwart Jonas Urbig in den Kader der Fußball-Nationalmannschaft. Sechs andere Spieler kehren zurück.,2026-03-20
drogenbanden,drying belts,"Die brasilianische Polizei ist in Rio de Janeiro erneut mit großer Härte gegen Drogenbanden vorgegangen. US-Präsident Trump droht dem Iran, das größte Gasfeld zu bombardieren. Das Wichtigste in Kürze.",2026-03-20
bombardieren,bombing,"Die brasilianische Polizei ist in Rio de Janeiro erneut mit großer Härte gegen Drogenbanden vorgegangen. US-Präsident Trump droht dem Iran, das größte Gasfeld zu bombardieren. Das Wichtigste in Kürze.",2026-03-20
gewissenhaft,conscientious,"500 Milliarden Euro zusätzliche Schulden darf der Finanzminister in den kommenden Jahren nutzen, um Deutschland wieder flott zu machen. Gibt er dieses Sondervermögen gewissenhaft aus? Es gibt starke Zweifel.",2026-03-20
inoffiziell,Off the record,Die Auszeichnung gilt inoffiziell als Mathematik-Nobelpreis. Der gebürtige Gelsenkirchener bekommt sie für bahnbrechende Leistungen auf dem Gebiet der arithmetischen Geometrie.,2026-03-20
feindlichen,hostile,"Wie groß in Dänemark die Angst vor einer feindlichen US-Übernahme war, deckt jetzt ein Bericht des Senders DR auf. Eine offizielle Bestätigung für die Darstellung gibt es nicht.",2026-03-20
bestätigung,Confirm,"Wie groß in Dänemark die Angst vor einer feindlichen US-Übernahme war, deckt jetzt ein Bericht des Senders DR auf. Eine offizielle Bestätigung für die Darstellung gibt es nicht.",2026-03-20
darstellung,presentation,"Wie groß in Dänemark die Angst vor einer feindlichen US-Übernahme war, deckt jetzt ein Bericht des Senders DR auf. Eine offizielle Bestätigung für die Darstellung gibt es nicht.",2026-03-20
vorgegangen,procedure,"Die brasilianische Polizei ist in Rio de Janeiro erneut mit großer Härte gegen Drogenbanden vorgegangen. US-Präsident Trump droht dem Iran, das größte Gasfeld zu bombardieren. Das Wichtigste in Kürze.",2026-03-20
zusätzliche,additional,"500 Milliarden Euro zusätzliche Schulden darf der Finanzminister in den kommenden Jahren nutzen, um Deutschland wieder flott zu machen. Gibt er dieses Sondervermögen gewissenhaft aus? Es gibt starke Zweifel.",2026-03-20
geschwächt,Weakened,"Die US-Regierung hat den Druck auf Kuba deutlich erhöht. Das Öl-Embargo trifft nicht nur die Bevölkerung. Das kommunistische Regime in Havanna windet sich, doch die Gespräche mit Washington zeigen, wie geschwächt es ist.",2026-03-20
mathematik,Mathematics,Die Auszeichnung gilt inoffiziell als Mathematik-Nobelpreis. Der gebürtige Gelsenkirchener bekommt sie für bahnbrechende Leistungen auf dem Gebiet der arithmetischen Geometrie.,2026-03-20
nobelpreis,The Nobel Prize,Die Auszeichnung gilt inoffiziell als Mathematik-Nobelpreis. Der gebürtige Gelsenkirchener bekommt sie für bahnbrechende Leistungen auf dem Gebiet der arithmetischen Geometrie.,2026-03-20
leistungen,services,Die Auszeichnung gilt inoffiziell als Mathematik-Nobelpreis. Der gebürtige Gelsenkirchener bekommt sie für bahnbrechende Leistungen auf dem Gebiet der arithmetischen Geometrie.,2026-03-20
offizielle,View Officials,"Wie groß in Dänemark die Angst vor einer feindlichen US-Übernahme war, deckt jetzt ein Bericht des Senders DR auf. Eine offizielle Bestätigung für die Darstellung gibt es nicht.",2026-03-20
nagelsmann,nagelsmann,Für die beiden ersten Länderspiele im WM-Jahr beruft Bundestrainer Julian Nagelsmann Offensivspieler Lennart Karl und Torwart Jonas Urbig in den Kader der Fußball-Nationalmannschaft. Sechs andere Spieler kehren zurück.,2026-03-20
verzichtet,I do not renounce,"Der Iran-Krieg lässt die Benzin- und Diesel-Preise in Deutschland stark ansteigen. Die Regierung will Maßnahmen dagegen auf den Weg bringen, auf höhere Steuern für die Konzerne verzichtet sie.",2026-03-20
gespräche,conversations,"Die US-Regierung hat den Druck auf Kuba deutlich erhöht. Das Öl-Embargo trifft nicht nur die Bevölkerung. Das kommunistische Regime in Havanna windet sich, doch die Gespräche mit Washington zeigen, wie geschwächt es ist.",2026-03-20
gebürtige,native,Die Auszeichnung gilt inoffiziell als Mathematik-Nobelpreis. Der gebürtige Gelsenkirchener bekommt sie für bahnbrechende Leistungen auf dem Gebiet der arithmetischen Geometrie.,2026-03-20
geometrie,Geometry,Die Auszeichnung gilt inoffiziell als Mathematik-Nobelpreis. Der gebürtige Gelsenkirchener bekommt sie für bahnbrechende Leistungen auf dem Gebiet der arithmetischen Geometrie.,2026-03-20
frühlings,spring,"Einmal im Jahr, rund um den Beginn des Frühlings, geht es ganz wissenschaftlich um die Zufriedenheit im Leben weltweit. Ein Fazit der Forscher: Social Media macht nicht immer glücklich.",2026-03-20
ansteigen,2.5.4.6,"Der Iran-Krieg lässt die Benzin- und Diesel-Preise in Deutschland stark ansteigen. Die Regierung will Maßnahmen dagegen auf den Weg bringen, auf höhere Steuern für die Konzerne verzichtet sie.",2026-03-20
kommenden,upcoming,"500 Milliarden Euro zusätzliche Schulden darf der Finanzminister in den kommenden Jahren nutzen, um Deutschland wieder flott zu machen. Gibt er dieses Sondervermögen gewissenhaft aus? Es gibt starke Zweifel.",2026-03-20
deutlich,noticeable,"Die US-Regierung hat den Druck auf Kuba deutlich erhöht. Das Öl-Embargo trifft nicht nur die Bevölkerung. Das kommunistische Regime in Havanna windet sich, doch die Gespräche mit Washington zeigen, wie geschwächt es ist.",2026-03-20
blackout,BlackOut,Der US-Präsident erhöht den Druck auf die kommunistische Führung des Karibikstaates - mit drastischen und abschätzigen Worten. Währenddessen hat Kuba schon wieder mit einem Blackout zu kämpfen - diesmal sogar inselweit.,2026-03-20
menschenrechtsorganisationen,• human rights organisations.,"Der 19-jährige Saleh Mohammadi, eines der größten Talente Irans im Freistilringen, wurde gehängt, weil er zwei Polizisten getötet haben soll. Menschenrechtsorganisationen werfen der Justiz Zwang und Folter vor.",2026-03-21
koalitionspartner,coalition partners,Bundeskanzler Friedrich Merz bringt das angeblich oft problematische Stadtbild in Deutschland erneut in einen Zusammenhang mit der hohen Anzahl von Migranten. Das empört viele - auch den Koalitionspartner SPD.,2026-03-21
zurückgeschraubt,screwed back,"In ihrer neuen Strategie zur Bekämpfung von Rassismus habe die EU ihre Ambitionen zurückgeschraubt, kritisieren Gruppen, die sich für Vielfalt und gegen Rassismus einsetzen. Liegt es an der US-Regierung unter Trump?",2026-03-21
cyberkriminelle,cybercriminals,"Internationalen Ermittlern ist ein Schlag gegen Cyberkriminelle gelungen: Ihre Schadprogramme sind abgeschaltet, doch die Hintermänner wurden noch nicht gefasst.",2026-03-21
problematische,problematic,Bundeskanzler Friedrich Merz bringt das angeblich oft problematische Stadtbild in Deutschland erneut in einen Zusammenhang mit der hohen Anzahl von Migranten. Das empört viele - auch den Koalitionspartner SPD.,2026-03-21
schadprogramme,malicious programs,"Internationalen Ermittlern ist ein Schlag gegen Cyberkriminelle gelungen: Ihre Schadprogramme sind abgeschaltet, doch die Hintermänner wurden noch nicht gefasst.",2026-03-21
freistilringen,Freestyle Wrestling,"Der 19-jährige Saleh Mohammadi, eines der größten Talente Irans im Freistilringen, wurde gehängt, weil er zwei Polizisten getötet haben soll. Menschenrechtsorganisationen werfen der Justiz Zwang und Folter vor.",2026-03-21
schauspielerin,Actress,"Die bekannte Schauspielerin Collien Fernandes beschuldigt ihren Ex-Mann, gefälschte Nacktbilder von ihr ins Netz gestellt zu haben. Die Regierung will jetzt die Gesetze verschärfen.",2026-03-21
diskriminiert,DISCRIMINATED AGAINST,"Schwarze und muslimische Menschen werden bei der Wohnungssuche besonders stark diskriminiert - das zeigt eine Studie. Schon ein fremd klingender Name kann eine Wohnungsbesichtigung verhindern, berichten Betroffene.",2026-03-21
zusammenhang,ecotrophology,Bundeskanzler Friedrich Merz bringt das angeblich oft problematische Stadtbild in Deutschland erneut in einen Zusammenhang mit der hohen Anzahl von Migranten. Das empört viele - auch den Koalitionspartner SPD.,2026-03-21
abgeschaltet,turned off,"Internationalen Ermittlern ist ein Schlag gegen Cyberkriminelle gelungen: Ihre Schadprogramme sind abgeschaltet, doch die Hintermänner wurden noch nicht gefasst.",2026-03-21
hintermänner,men in the back,"Internationalen Ermittlern ist ein Schlag gegen Cyberkriminelle gelungen: Ihre Schadprogramme sind abgeschaltet, doch die Hintermänner wurden noch nicht gefasst.",2026-03-21
muslimische,Muslim woman,"Schwarze und muslimische Menschen werden bei der Wohnungssuche besonders stark diskriminiert - das zeigt eine Studie. Schon ein fremd klingender Name kann eine Wohnungsbesichtigung verhindern, berichten Betroffene.",2026-03-21
kritisieren,I am criticising,"In ihrer neuen Strategie zur Bekämpfung von Rassismus habe die EU ihre Ambitionen zurückgeschraubt, kritisieren Gruppen, die sich für Vielfalt und gegen Rassismus einsetzen. Liegt es an der US-Regierung unter Trump?",2026-03-21
ungarischen,hungarian,"Es geht um russisches Öl, einen ungarischen Wahlkämpfer und mangelnde Solidarität mit einem Nachbarland: Der EU-Gipfel kommt beim Thema Ukraine-Hilfen nicht weiter. Deutschlands Kanzler ist sauer.",2026-03-21
wahlkämpfer,campaigner,"Es geht um russisches Öl, einen ungarischen Wahlkämpfer und mangelnde Solidarität mit einem Nachbarland: Der EU-Gipfel kommt beim Thema Ukraine-Hilfen nicht weiter. Deutschlands Kanzler ist sauer.",2026-03-21
solidarität,Solidarity,"Es geht um russisches Öl, einen ungarischen Wahlkämpfer und mangelnde Solidarität mit einem Nachbarland: Der EU-Gipfel kommt beim Thema Ukraine-Hilfen nicht weiter. Deutschlands Kanzler ist sauer.",2026-03-21
beschuldigt,accused,"Die bekannte Schauspielerin Collien Fernandes beschuldigt ihren Ex-Mann, gefälschte Nacktbilder von ihr ins Netz gestellt zu haben. Die Regierung will jetzt die Gesetze verschärfen.",2026-03-21
nacktbilder,married.,"Die bekannte Schauspielerin Collien Fernandes beschuldigt ihren Ex-Mann, gefälschte Nacktbilder von ihr ins Netz gestellt zu haben. Die Regierung will jetzt die Gesetze verschärfen.",2026-03-21
verschärfen,Sharpen,"Die bekannte Schauspielerin Collien Fernandes beschuldigt ihren Ex-Mann, gefälschte Nacktbilder von ihr ins Netz gestellt zu haben. Die Regierung will jetzt die Gesetze verschärfen.",2026-03-21
verbreitet,disseminated,"Rassismus und Diskriminierung bleiben in Deutschland weit verbreitet: In einer aktuellen Studie erklärten zwei Drittel der Befragten, einige Kulturen seien fleißiger als andere.",2026-03-21
klingender,more sonorous,"Schwarze und muslimische Menschen werden bei der Wohnungssuche besonders stark diskriminiert - das zeigt eine Studie. Schon ein fremd klingender Name kann eine Wohnungsbesichtigung verhindern, berichten Betroffene.",2026-03-21
betroffene,Affected,"Schwarze und muslimische Menschen werden bei der Wohnungssuche besonders stark diskriminiert - das zeigt eine Studie. Schon ein fremd klingender Name kann eine Wohnungsbesichtigung verhindern, berichten Betroffene.",2026-03-21
bekämpfung,control,"In ihrer neuen Strategie zur Bekämpfung von Rassismus habe die EU ihre Ambitionen zurückgeschraubt, kritisieren Gruppen, die sich für Vielfalt und gegen Rassismus einsetzen. Liegt es an der US-Regierung unter Trump?",2026-03-21
ambitionen,Ambitions,"In ihrer neuen Strategie zur Bekämpfung von Rassismus habe die EU ihre Ambitionen zurückgeschraubt, kritisieren Gruppen, die sich für Vielfalt und gegen Rassismus einsetzen. Liegt es an der US-Regierung unter Trump?",2026-03-21
ermittlern,investigators,"Internationalen Ermittlern ist ein Schlag gegen Cyberkriminelle gelungen: Ihre Schadprogramme sind abgeschaltet, doch die Hintermänner wurden noch nicht gefasst.",2026-03-21
polizisten,police officers.,"Der 19-jährige Saleh Mohammadi, eines der größten Talente Irans im Freistilringen, wurde gehängt, weil er zwei Polizisten getötet haben soll. Menschenrechtsorganisationen werfen der Justiz Zwang und Folter vor.",2026-03-21
weltweiter,worldwide,Knapp drei Wochen nach Beginn des Kriegs sieht der israelische Ministerpräsident Netanjahu den Iran stark geschwächt. Das Regime in Teheran indes droht Feinden mit weltweiter Verfolgung.,2026-03-21
verfolgung,up,Knapp drei Wochen nach Beginn des Kriegs sieht der israelische Ministerpräsident Netanjahu den Iran stark geschwächt. Das Regime in Teheran indes droht Feinden mit weltweiter Verfolgung.,2026-03-21
russisches,russian,"Es geht um russisches Öl, einen ungarischen Wahlkämpfer und mangelnde Solidarität mit einem Nachbarland: Der EU-Gipfel kommt beim Thema Ukraine-Hilfen nicht weiter. Deutschlands Kanzler ist sauer.",2026-03-21
weltgrößte,Worlds Biggest,Laut Israels Ministerpräsident Netanjahu war US-Präsident Trump zuvor nicht über den Angriff auf das weltgrößte Gasfeld informiert. Ungarn blockiert weiterhin einen Kredit für die Ukraine. Das Wichtigste in Kürze.,2026-03-21
informiert,informed,Laut Israels Ministerpräsident Netanjahu war US-Präsident Trump zuvor nicht über den Angriff auf das weltgrößte Gasfeld informiert. Ungarn blockiert weiterhin einen Kredit für die Ukraine. Das Wichtigste in Kürze.,2026-03-21
gefälschte,COUNTERFEIT,"Die bekannte Schauspielerin Collien Fernandes beschuldigt ihren Ex-Mann, gefälschte Nacktbilder von ihr ins Netz gestellt zu haben. Die Regierung will jetzt die Gesetze verschärfen.",2026-03-21
rassismus,racism;,"Rassismus und Diskriminierung bleiben in Deutschland weit verbreitet: In einer aktuellen Studie erklärten zwei Drittel der Befragten, einige Kulturen seien fleißiger als andere.",2026-03-21
erklärten,declared,"Rassismus und Diskriminierung bleiben in Deutschland weit verbreitet: In einer aktuellen Studie erklärten zwei Drittel der Befragten, einige Kulturen seien fleißiger als andere.",2026-03-21
befragten,Respondents,"Rassismus und Diskriminierung bleiben in Deutschland weit verbreitet: In einer aktuellen Studie erklärten zwei Drittel der Befragten, einige Kulturen seien fleißiger als andere.",2026-03-21
fleißiger,more industrious,"Rassismus und Diskriminierung bleiben in Deutschland weit verbreitet: In einer aktuellen Studie erklärten zwei Drittel der Befragten, einige Kulturen seien fleißiger als andere.",2026-03-21
berichten,effects,"Schwarze und muslimische Menschen werden bei der Wohnungssuche besonders stark diskriminiert - das zeigt eine Studie. Schon ein fremd klingender Name kann eine Wohnungsbesichtigung verhindern, berichten Betroffene.",2026-03-21
angeblich,allegedly,Bundeskanzler Friedrich Merz bringt das angeblich oft problematische Stadtbild in Deutschland erneut in einen Zusammenhang mit der hohen Anzahl von Migranten. Das empört viele - auch den Koalitionspartner SPD.,2026-03-21
stadtbild,City Image,Bundeskanzler Friedrich Merz bringt das angeblich oft problematische Stadtbild in Deutschland erneut in einen Zusammenhang mit der hohen Anzahl von Migranten. Das empört viele - auch den Koalitionspartner SPD.,2026-03-21
verteidigungsministerium,Department of Defense,"Das US-Verteidigungsministerium hatte vergangenes Jahr neue Regeln für Journalisten eingeführt. Unabhängige Berichterstattung wurde eingeschränkt. Das wollte sich die ""New York Times"" nicht bieten lassen.",2026-03-22
luftwaffenstützpunkts,air base,"Die Bundesregierung soll klären, ob die Nutzung des Luftwaffenstützpunkts Ramstein durch die USA im Iran-Krieg als Angriffshandlung gewertet werden kann.",2026-03-22
berichterstattung,Reporting,"Das US-Verteidigungsministerium hatte vergangenes Jahr neue Regeln für Journalisten eingeführt. Unabhängige Berichterstattung wurde eingeschränkt. Das wollte sich die ""New York Times"" nicht bieten lassen.",2026-03-22
wirtschaftsschutz,economic protection,"Spionage, Sabotage und Cyberangriffe nehmen in Zeiten geopolitischer Krisen zu. Aktuelles Beispiel: der Iran-Krieg. Die Bundesregierung reagiert mit einer Wirtschaftsschutz-Strategie.",2026-03-22
umweltkatastrophe,Environmental Catastrophe,"Ein russischer Gastanker, der wohl von Drohnen beschossen wurde, treibt führungslos im Mittelmeer. Es droht eine Umweltkatastrophe. Experten warnen zudem vor weiteren Attacken auf hoher See.",2026-03-22
präsidentenpalast,presidential palace,Zwei Jahre regierte Mohamed Bazoum im Niger. 2023 wurde er aus dem Amt geputscht und wird seitdem im Präsidentenpalast gefangen gehalten. Jetzt fordert das EU-Parlament seine Freilassung. Die Reaktionen sind gemischt.,2026-03-22
angriffshandlung,act of aggression,"Die Bundesregierung soll klären, ob die Nutzung des Luftwaffenstützpunkts Ramstein durch die USA im Iran-Krieg als Angriffshandlung gewertet werden kann.",2026-03-22
geopolitischer,geopolitical,"Spionage, Sabotage und Cyberangriffe nehmen in Zeiten geopolitischer Krisen zu. Aktuelles Beispiel: der Iran-Krieg. Die Bundesregierung reagiert mit einer Wirtschaftsschutz-Strategie.",2026-03-22
verhandlungen,Negotiations,Es soll einen neuen Vorstoß für Verhandlungen geben. Derweil überziehen sich Russland und die Ukraine gegenseitig mit Angriffen - aus der Luft und am Boden.,2026-03-22
eingeschränkt,restricted,"Das US-Verteidigungsministerium hatte vergangenes Jahr neue Regeln für Journalisten eingeführt. Unabhängige Berichterstattung wurde eingeschränkt. Das wollte sich die ""New York Times"" nicht bieten lassen.",2026-03-22
cyberangriffe,Cyber attacks,"Spionage, Sabotage und Cyberangriffe nehmen in Zeiten geopolitischer Krisen zu. Aktuelles Beispiel: der Iran-Krieg. Die Bundesregierung reagiert mit einer Wirtschaftsschutz-Strategie.",2026-03-22
meteorologen,METEOROLOGISTS,Das US-Surfer-Paradies Hawaii leidet unter Regenfluten. Ein Damm droht zu brechen. Und Meteorologen warnen vor noch mehr Regen.,2026-03-22
frachtschiff,Cargo ship,"Die französische Marine hat bereits zum dritten Mal ein russisches Frachtschiff im Mittelmeer festgesetzt. US-Präsident Trump erwägt, die Angriffe auf den Iran zu reduzieren. Das Wichtigste in Kürze.",2026-03-22
gegenseitig,mutual,Es soll einen neuen Vorstoß für Verhandlungen geben. Derweil überziehen sich Russland und die Ukraine gegenseitig mit Angriffen - aus der Luft und am Boden.,2026-03-22
regenfluten,rain flooding,Das US-Surfer-Paradies Hawaii leidet unter Regenfluten. Ein Damm droht zu brechen. Und Meteorologen warnen vor noch mehr Regen.,2026-03-22
vergangenes,Past,"Das US-Verteidigungsministerium hatte vergangenes Jahr neue Regeln für Journalisten eingeführt. Unabhängige Berichterstattung wurde eingeschränkt. Das wollte sich die ""New York Times"" nicht bieten lassen.",2026-03-22
unabhängige,Indipendents,"Das US-Verteidigungsministerium hatte vergangenes Jahr neue Regeln für Journalisten eingeführt. Unabhängige Berichterstattung wurde eingeschränkt. Das wollte sich die ""New York Times"" nicht bieten lassen.",2026-03-22
festgesetzt,Determined,"Die französische Marine hat bereits zum dritten Mal ein russisches Frachtschiff im Mittelmeer festgesetzt. US-Präsident Trump erwägt, die Angriffe auf den Iran zu reduzieren. Das Wichtigste in Kürze.",2026-03-22
führungslos,unguided,"Ein russischer Gastanker, der wohl von Drohnen beschossen wurde, treibt führungslos im Mittelmeer. Es droht eine Umweltkatastrophe. Experten warnen zudem vor weiteren Attacken auf hoher See.",2026-03-22
überziehen,Pull-on,Es soll einen neuen Vorstoß für Verhandlungen geben. Derweil überziehen sich Russland und die Ukraine gegenseitig mit Angriffen - aus der Luft und am Boden.,2026-03-22
eingeführt,"as we have gone,","Das US-Verteidigungsministerium hatte vergangenes Jahr neue Regeln für Journalisten eingeführt. Unabhängige Berichterstattung wurde eingeschränkt. Das wollte sich die ""New York Times"" nicht bieten lassen.",2026-03-22
mittelmeer,"Adriatic Sea, Mediterranean Sea","Die französische Marine hat bereits zum dritten Mal ein russisches Frachtschiff im Mittelmeer festgesetzt. US-Präsident Trump erwägt, die Angriffe auf den Iran zu reduzieren. Das Wichtigste in Kürze.",2026-03-22
reduzieren,reduce,"Die französische Marine hat bereits zum dritten Mal ein russisches Frachtschiff im Mittelmeer festgesetzt. US-Präsident Trump erwägt, die Angriffe auf den Iran zu reduzieren. Das Wichtigste in Kürze.",2026-03-22
russischer,russian,"Ein russischer Gastanker, der wohl von Drohnen beschossen wurde, treibt führungslos im Mittelmeer. Es droht eine Umweltkatastrophe. Experten warnen zudem vor weiteren Attacken auf hoher See.",2026-03-22
beschossen,Al-Latifiyah.,"Ein russischer Gastanker, der wohl von Drohnen beschossen wurde, treibt führungslos im Mittelmeer. Es droht eine Umweltkatastrophe. Experten warnen zudem vor weiteren Attacken auf hoher See.",2026-03-22
aktuelles,current,"Spionage, Sabotage und Cyberangriffe nehmen in Zeiten geopolitischer Krisen zu. Aktuelles Beispiel: der Iran-Krieg. Die Bundesregierung reagiert mit einer Wirtschaftsschutz-Strategie.",2026-03-22
rheinland,Rheinland,In Rheinland-Pfalz wird gewählt. Das hat auch für die Bundesregierung Bedeutung. Doch nicht nur politisch lohnt sich ein Blick auf das Bundesland.,2026-03-22
gastanker,gas-carrier,"Ein russischer Gastanker, der wohl von Drohnen beschossen wurde, treibt führungslos im Mittelmeer. Es droht eine Umweltkatastrophe. Experten warnen zudem vor weiteren Attacken auf hoher See.",2026-03-22
geputscht,couped,Zwei Jahre regierte Mohamed Bazoum im Niger. 2023 wurde er aus dem Amt geputscht und wird seitdem im Präsidentenpalast gefangen gehalten. Jetzt fordert das EU-Parlament seine Freilassung. Die Reaktionen sind gemischt.,2026-03-22
gewertet,base,"Die Bundesregierung soll klären, ob die Nutzung des Luftwaffenstützpunkts Ramstein durch die USA im Iran-Krieg als Angriffshandlung gewertet werden kann.",2026-03-22
paradies,Paradies,Das US-Surfer-Paradies Hawaii leidet unter Regenfluten. Ein Damm droht zu brechen. Und Meteorologen warnen vor noch mehr Regen.,2026-03-22
spionage,Espionage,"Spionage, Sabotage und Cyberangriffe nehmen in Zeiten geopolitischer Krisen zu. Aktuelles Beispiel: der Iran-Krieg. Die Bundesregierung reagiert mit einer Wirtschaftsschutz-Strategie.",2026-03-22
sabotage,Sabotage,"Spionage, Sabotage und Cyberangriffe nehmen in Zeiten geopolitischer Krisen zu. Aktuelles Beispiel: der Iran-Krieg. Die Bundesregierung reagiert mit einer Wirtschaftsschutz-Strategie.",2026-03-22
reagiert,Saturday.,"Spionage, Sabotage und Cyberangriffe nehmen in Zeiten geopolitischer Krisen zu. Aktuelles Beispiel: der Iran-Krieg. Die Bundesregierung reagiert mit einer Wirtschaftsschutz-Strategie.",2026-03-22
kulturen,Crops,"Rassismus und Diskriminierung bleiben in Deutschland weit verbreitet: In einer aktuellen Studie erklärten zwei Drittel der Befragten, einige Kulturen seien fleißiger als andere.",2026-03-22
ministerpräsidentin,prime Minister,"Ministerpräsidentin Giorgia Meloni will Italiens Justizapparat umbauen. Kritiker werfen ihr vor, politischen Einfluss nehmen zu wollen. Der Streit dauert schon viele Jahre. Jetzt ist das Volk an der Reihe.",2026-03-23
sozialdemokraten,Social Democratic Party of Slovenia,"Es war nur eine Regionalwahl. Aber für die Bundesregierung hat sie Signalwirkung. Die Sozialdemokraten verlieren erneut, die Partei gerät immer tiefer in die Krise.",2026-03-23
abgabenregelung,levy scheme,"Angesichts steigender Goldpreise hat Ghana eine ""gestaffelte Abgabenregelung"" eingeführt. Dadurch sollen höhere Lizenzgebühren aus dem geförderten Gold erzielt werden. Unternehmer fürchten, Investoren könnten abspringen.",2026-03-23
lizenzgebühren,Licences Consideration,"Angesichts steigender Goldpreise hat Ghana eine ""gestaffelte Abgabenregelung"" eingeführt. Dadurch sollen höhere Lizenzgebühren aus dem geförderten Gold erzielt werden. Unternehmer fürchten, Investoren könnten abspringen.",2026-03-23
beeinträchtigt,impaired,"Blackouts, knappe Lebensmittel, Müll auf den Straßen: Kuba kämpft mit einer Krise, die das tägliche Leben massiv beeinträchtigt. Das US-Ölembargo macht die Lage noch schlimmer.",2026-03-23
signalwirkung,Signalling effect,"Es war nur eine Regionalwahl. Aber für die Bundesregierung hat sie Signalwirkung. Die Sozialdemokraten verlieren erneut, die Partei gerät immer tiefer in die Krise.",2026-03-23
justizapparat,judicial apparatus,"Ministerpräsidentin Giorgia Meloni will Italiens Justizapparat umbauen. Kritiker werfen ihr vor, politischen Einfluss nehmen zu wollen. Der Streit dauert schon viele Jahre. Jetzt ist das Volk an der Reihe.",2026-03-23
regionalwahl,regional election,"Es war nur eine Regionalwahl. Aber für die Bundesregierung hat sie Signalwirkung. Die Sozialdemokraten verlieren erneut, die Partei gerät immer tiefer in die Krise.",2026-03-23
sudanesische,sudanese,"Im Sudan bekämpfen sich seit drei Jahren die sudanesische Armee und die Miliz Rapid Support Forces. Beide Seiten beschuldigen sich immer wieder, zivile Gebäude anzugreifen.",2026-03-23
beschuldigen,"<g id=""1"">2</g><g id=""2"">accused</g>","Im Sudan bekämpfen sich seit drei Jahren die sudanesische Armee und die Miliz Rapid Support Forces. Beide Seiten beschuldigen sich immer wieder, zivile Gebäude anzugreifen.",2026-03-23
gegenkultur,counterculture,Vor 30 Jahren träumten die Vertreter der Gegenkultur vom Internet als einem unabhängigen Raum. Heute befindet es sich in den Händen einiger weniger Unternehmen. Was ist da schief gelaufen?,2026-03-23
unternehmen,company,Vor 30 Jahren träumten die Vertreter der Gegenkultur vom Internet als einem unabhängigen Raum. Heute befindet es sich in den Händen einiger weniger Unternehmen. Was ist da schief gelaufen?,2026-03-23
gestaffelte,Staged,"Angesichts steigender Goldpreise hat Ghana eine ""gestaffelte Abgabenregelung"" eingeführt. Dadurch sollen höhere Lizenzgebühren aus dem geförderten Gold erzielt werden. Unternehmer fürchten, Investoren könnten abspringen.",2026-03-23
geförderten,funded,"Angesichts steigender Goldpreise hat Ghana eine ""gestaffelte Abgabenregelung"" eingeführt. Dadurch sollen höhere Lizenzgebühren aus dem geförderten Gold erzielt werden. Unternehmer fürchten, Investoren könnten abspringen.",2026-03-23
unternehmer,Authors,"Angesichts steigender Goldpreise hat Ghana eine ""gestaffelte Abgabenregelung"" eingeführt. Dadurch sollen höhere Lizenzgebühren aus dem geförderten Gold erzielt werden. Unternehmer fürchten, Investoren könnten abspringen.",2026-03-23
anzugreifen,anzugreifen.,"Im Sudan bekämpfen sich seit drei Jahren die sudanesische Armee und die Miliz Rapid Support Forces. Beide Seiten beschuldigen sich immer wieder, zivile Gebäude anzugreifen.",2026-03-23
steigender,increasing,"Angesichts steigender Goldpreise hat Ghana eine ""gestaffelte Abgabenregelung"" eingeführt. Dadurch sollen höhere Lizenzgebühren aus dem geförderten Gold erzielt werden. Unternehmer fürchten, Investoren könnten abspringen.",2026-03-23
goldpreise,gold prices,"Angesichts steigender Goldpreise hat Ghana eine ""gestaffelte Abgabenregelung"" eingeführt. Dadurch sollen höhere Lizenzgebühren aus dem geförderten Gold erzielt werden. Unternehmer fürchten, Investoren könnten abspringen.",2026-03-23
investoren,Investors,"Angesichts steigender Goldpreise hat Ghana eine ""gestaffelte Abgabenregelung"" eingeführt. Dadurch sollen höhere Lizenzgebühren aus dem geförderten Gold erzielt werden. Unternehmer fürchten, Investoren könnten abspringen.",2026-03-23
abspringen,burst off,"Angesichts steigender Goldpreise hat Ghana eine ""gestaffelte Abgabenregelung"" eingeführt. Dadurch sollen höhere Lizenzgebühren aus dem geförderten Gold erzielt werden. Unternehmer fürchten, Investoren könnten abspringen.",2026-03-23
verlieren,loss,"Es war nur eine Regionalwahl. Aber für die Bundesregierung hat sie Signalwirkung. Die Sozialdemokraten verlieren erneut, die Partei gerät immer tiefer in die Krise.",2026-03-23
vertreter,Rep.,Vor 30 Jahren träumten die Vertreter der Gegenkultur vom Internet als einem unabhängigen Raum. Heute befindet es sich in den Händen einiger weniger Unternehmen. Was ist da schief gelaufen?,2026-03-23
bekämpfen,foam.,"Im Sudan bekämpfen sich seit drei Jahren die sudanesische Armee und die Miliz Rapid Support Forces. Beide Seiten beschuldigen sich immer wieder, zivile Gebäude anzugreifen.",2026-03-23
blackouts,blackouts,"Blackouts, knappe Lebensmittel, Müll auf den Straßen: Kuba kämpft mit einer Krise, die das tägliche Leben massiv beeinträchtigt. Das US-Ölembargo macht die Lage noch schlimmer.",2026-03-23
ölembargo,oil embargo,"Blackouts, knappe Lebensmittel, Müll auf den Straßen: Kuba kämpft mit einer Krise, die das tägliche Leben massiv beeinträchtigt. Das US-Ölembargo macht die Lage noch schlimmer.",2026-03-23
schlimmer,time.,"Blackouts, knappe Lebensmittel, Müll auf den Straßen: Kuba kämpft mit einer Krise, die das tägliche Leben massiv beeinträchtigt. Das US-Ölembargo macht die Lage noch schlimmer.",2026-03-23
träumten,dreaming,Vor 30 Jahren träumten die Vertreter der Gegenkultur vom Internet als einem unabhängigen Raum. Heute befindet es sich in den Händen einiger weniger Unternehmen. Was ist da schief gelaufen?,2026-03-23
befindet,phase,Vor 30 Jahren träumten die Vertreter der Gegenkultur vom Internet als einem unabhängigen Raum. Heute befindet es sich in den Händen einiger weniger Unternehmen. Was ist da schief gelaufen?,2026-03-23
fürchten,I do not fear,"Angesichts steigender Goldpreise hat Ghana eine ""gestaffelte Abgabenregelung"" eingeführt. Dadurch sollen höhere Lizenzgebühren aus dem geförderten Gold erzielt werden. Unternehmer fürchten, Investoren könnten abspringen.",2026-03-23
koalitionsverhandlungen,coalition negotiations,"Nach der Parlamentswahl in Slowenien steht das Land vor schwierigen Koalitionsverhandlungen. Liberale und Konservative liegen nahezu gleichauf, eine klare Mehrheit fehlt. Präsidentin Musar drängt auf rasche Gespräche.",2026-03-24
präsidentschaftswahl,presidential election,Bei den Kommunalwahlen gelang Frankreichs Rechtsaußenpartei Rassemblement National nicht der erhoffte Durchbruch. Traditionelle Parteien können sich trotzdem bei der Präsidentschaftswahl 2027 nicht zurücklehnen.,2026-03-24
hilfsorganisation,Aid agency,"Je länger der Iran-Krieg dauert, desto schlechter für die Weltwirtschaft. Besonders betroffen wird Afrika sein, meint eine Hilfsorganisation. Auch in Deutschland steigen die Preise. Was tut die Politik?",2026-03-24
weltwetterbehörde,world Weather Authority,"Der Chef der Internationalen Energieagentur, Fatih Birol, zieht Vergleiche zu den Öl-Krisen der 1970er-Jahre. Die Weltwetterbehörde warnt vor einem zunehmend kippenden Klima. Das Wichtigste in Kürze.",2026-03-24
rechtsaußenpartei,far-right party,Bei den Kommunalwahlen gelang Frankreichs Rechtsaußenpartei Rassemblement National nicht der erhoffte Durchbruch. Traditionelle Parteien können sich trotzdem bei der Präsidentschaftswahl 2027 nicht zurücklehnen.,2026-03-24
weltwirtschaft,The Global Economy,"Je länger der Iran-Krieg dauert, desto schlechter für die Weltwirtschaft. Besonders betroffen wird Afrika sein, meint eine Hilfsorganisation. Auch in Deutschland steigen die Preise. Was tut die Politik?",2026-03-24
parlamentswahl,parliamentary election,"Nach der Parlamentswahl in Slowenien steht das Land vor schwierigen Koalitionsverhandlungen. Liberale und Konservative liegen nahezu gleichauf, eine klare Mehrheit fehlt. Präsidentin Musar drängt auf rasche Gespräche.",2026-03-24
energieagentur,energy agency,"Der Chef der Internationalen Energieagentur, Fatih Birol, zieht Vergleiche zu den Öl-Krisen der 1970er-Jahre. Die Weltwetterbehörde warnt vor einem zunehmend kippenden Klima. Das Wichtigste in Kürze.",2026-03-24
kommunalwahlen,"Local (e.g., municipal) elections",Bei den Kommunalwahlen gelang Frankreichs Rechtsaußenpartei Rassemblement National nicht der erhoffte Durchbruch. Traditionelle Parteien können sich trotzdem bei der Präsidentschaftswahl 2027 nicht zurücklehnen.,2026-03-24
landtagswahlen,state elections,"In Deutschland stehen große Reformen an. CDU/CSU wollen loslegen, doch die SPD ist nach zwei Niederlagen bei Landtagswahlen massiv geschwächt.",2026-03-24
siedlergewalt,settler violence,Israels Außenminister kritisiert den deutschen Botschafter Steffen Seibert wegen Aussagen zur Siedlergewalt. Deutschlands Außenminister Wadephul telefoniert mit seinem Kollegen und stärkt Seibert den Rücken.,2026-03-24
griechenlands,greek,"Gut drei Jahre nach dem schwersten Zugunglück in der Geschichte Griechenlands hat der Prozess begonnen. Die Justiz will klären, was genau am 28. Februar 2023 zu der Katastrophe bei Tempi mit 57 Todesopfern geführt hat.",2026-03-24
rassemblement,rassemblement,Bei den Kommunalwahlen gelang Frankreichs Rechtsaußenpartei Rassemblement National nicht der erhoffte Durchbruch. Traditionelle Parteien können sich trotzdem bei der Präsidentschaftswahl 2027 nicht zurücklehnen.,2026-03-24
traditionelle,traditional,Bei den Kommunalwahlen gelang Frankreichs Rechtsaußenpartei Rassemblement National nicht der erhoffte Durchbruch. Traditionelle Parteien können sich trotzdem bei der Präsidentschaftswahl 2027 nicht zurücklehnen.,2026-03-24
unterscheiden,.,"Seit einem halben Jahrhundert herrscht zwischen Teilen beider Kontinente Freihandel. Doch die Perspektiven unterscheiden sich stark voneinander, wie unsere Daten-Analyse zeigt.",2026-03-24
transportiert,transported.,Zwischen Nordkorea und China fahren zum ersten Mal nach der Pandemie wieder Personenzüge. Auch mehr Handelsgüter sollen transportiert werden. Pjöngjang will mehr Touristen aus China ins Land holen.,2026-03-24
konservative,Conservatives,"Nach der Parlamentswahl in Slowenien steht das Land vor schwierigen Koalitionsverhandlungen. Liberale und Konservative liegen nahezu gleichauf, eine klare Mehrheit fehlt. Präsidentin Musar drängt auf rasche Gespräche.",2026-03-24
timmendorfer,Timmendorfer,Ein Großwal hat sich in die Lübecker Bucht verirrt. Jetzt steckt er bei Timmendorfer Strand fest. Eine Gefahr für das Tier: nervende Neugierige.,2026-03-24
zurücklehnen,Sit back,Bei den Kommunalwahlen gelang Frankreichs Rechtsaußenpartei Rassemblement National nicht der erhoffte Durchbruch. Traditionelle Parteien können sich trotzdem bei der Präsidentschaftswahl 2027 nicht zurücklehnen.,2026-03-24
perspektiven,Future perspectives,"Seit einem halben Jahrhundert herrscht zwischen Teilen beider Kontinente Freihandel. Doch die Perspektiven unterscheiden sich stark voneinander, wie unsere Daten-Analyse zeigt.",2026-03-24
personenzüge,passenger trains,Zwischen Nordkorea und China fahren zum ersten Mal nach der Pandemie wieder Personenzüge. Auch mehr Handelsgüter sollen transportiert werden. Pjöngjang will mehr Touristen aus China ins Land holen.,2026-03-24
handelsgüter,merchandise,Zwischen Nordkorea und China fahren zum ersten Mal nach der Pandemie wieder Personenzüge. Auch mehr Handelsgüter sollen transportiert werden. Pjöngjang will mehr Touristen aus China ins Land holen.,2026-03-24
botschafter,Ambassador,Israels Außenminister kritisiert den deutschen Botschafter Steffen Seibert wegen Aussagen zur Siedlergewalt. Deutschlands Außenminister Wadephul telefoniert mit seinem Kollegen und stärkt Seibert den Rücken.,2026-03-24
telefoniert,on the phone,Israels Außenminister kritisiert den deutschen Botschafter Steffen Seibert wegen Aussagen zur Siedlergewalt. Deutschlands Außenminister Wadephul telefoniert mit seinem Kollegen und stärkt Seibert den Rücken.,2026-03-24
schwierigen,difficult,"Nach der Parlamentswahl in Slowenien steht das Land vor schwierigen Koalitionsverhandlungen. Liberale und Konservative liegen nahezu gleichauf, eine klare Mehrheit fehlt. Präsidentin Musar drängt auf rasche Gespräche.",2026-03-24
präsidentin,President,"Nach der Parlamentswahl in Slowenien steht das Land vor schwierigen Koalitionsverhandlungen. Liberale und Konservative liegen nahezu gleichauf, eine klare Mehrheit fehlt. Präsidentin Musar drängt auf rasche Gespräche.",2026-03-24
katastrophe,Disaster,"Gut drei Jahre nach dem schwersten Zugunglück in der Geschichte Griechenlands hat der Prozess begonnen. Die Justiz will klären, was genau am 28. Februar 2023 zu der Katastrophe bei Tempi mit 57 Todesopfern geführt hat.",2026-03-24
todesopfern,victims of death,"Gut drei Jahre nach dem schwersten Zugunglück in der Geschichte Griechenlands hat der Prozess begonnen. Die Justiz will klären, was genau am 28. Februar 2023 zu der Katastrophe bei Tempi mit 57 Todesopfern geführt hat.",2026-03-24
niederlagen,Losses,"In Deutschland stehen große Reformen an. CDU/CSU wollen loslegen, doch die SPD ist nach zwei Niederlagen bei Landtagswahlen massiv geschwächt.",2026-03-24
jahrhundert,century,"Seit einem halben Jahrhundert herrscht zwischen Teilen beider Kontinente Freihandel. Doch die Perspektiven unterscheiden sich stark voneinander, wie unsere Daten-Analyse zeigt.",2026-03-24
voneinander,unavailable ...,"Seit einem halben Jahrhundert herrscht zwischen Teilen beider Kontinente Freihandel. Doch die Perspektiven unterscheiden sich stark voneinander, wie unsere Daten-Analyse zeigt.",2026-03-24
schlechter,worse,"Je länger der Iran-Krieg dauert, desto schlechter für die Weltwirtschaft. Besonders betroffen wird Afrika sein, meint eine Hilfsorganisation. Auch in Deutschland steigen die Preise. Was tut die Politik?",2026-03-24
kritisiert,I do not criticise,Israels Außenminister kritisiert den deutschen Botschafter Steffen Seibert wegen Aussagen zur Siedlergewalt. Deutschlands Außenminister Wadephul telefoniert mit seinem Kollegen und stärkt Seibert den Rücken.,2026-03-24
neugierige,curious,Ein Großwal hat sich in die Lübecker Bucht verirrt. Jetzt steckt er bei Timmendorfer Strand fest. Eine Gefahr für das Tier: nervende Neugierige.,2026-03-24
schwersten,heaviest,"Gut drei Jahre nach dem schwersten Zugunglück in der Geschichte Griechenlands hat der Prozess begonnen. Die Justiz will klären, was genau am 28. Februar 2023 zu der Katastrophe bei Tempi mit 57 Todesopfern geführt hat.",2026-03-24
zugunglück,train accident,"Gut drei Jahre nach dem schwersten Zugunglück in der Geschichte Griechenlands hat der Prozess begonnen. Die Justiz will klären, was genau am 28. Februar 2023 zu der Katastrophe bei Tempi mit 57 Todesopfern geführt hat.",2026-03-24
geschichte,History,"Gut drei Jahre nach dem schwersten Zugunglück in der Geschichte Griechenlands hat der Prozess begonnen. Die Justiz will klären, was genau am 28. Februar 2023 zu der Katastrophe bei Tempi mit 57 Todesopfern geführt hat.",2026-03-24
vergleiche,compare,"Der Chef der Internationalen Energieagentur, Fatih Birol, zieht Vergleiche zu den Öl-Krisen der 1970er-Jahre. Die Weltwetterbehörde warnt vor einem zunehmend kippenden Klima. Das Wichtigste in Kürze.",2026-03-24
durchbruch,breakthrough,Bei den Kommunalwahlen gelang Frankreichs Rechtsaußenpartei Rassemblement National nicht der erhoffte Durchbruch. Traditionelle Parteien können sich trotzdem bei der Präsidentschaftswahl 2027 nicht zurücklehnen.,2026-03-24
kontinente,Continents,"Seit einem halben Jahrhundert herrscht zwischen Teilen beider Kontinente Freihandel. Doch die Perspektiven unterscheiden sich stark voneinander, wie unsere Daten-Analyse zeigt.",2026-03-24
freihandel,Free trade,"Seit einem halben Jahrhundert herrscht zwischen Teilen beider Kontinente Freihandel. Doch die Perspektiven unterscheiden sich stark voneinander, wie unsere Daten-Analyse zeigt.",2026-03-24
slowenien,Slovenia,"Nach der Parlamentswahl in Slowenien steht das Land vor schwierigen Koalitionsverhandlungen. Liberale und Konservative liegen nahezu gleichauf, eine klare Mehrheit fehlt. Präsidentin Musar drängt auf rasche Gespräche.",2026-03-24
gleichauf,On par,"Nach der Parlamentswahl in Slowenien steht das Land vor schwierigen Koalitionsverhandlungen. Liberale und Konservative liegen nahezu gleichauf, eine klare Mehrheit fehlt. Präsidentin Musar drängt auf rasche Gespräche.",2026-03-24
kippenden,tipping,"Der Chef der Internationalen Energieagentur, Fatih Birol, zieht Vergleiche zu den Öl-Krisen der 1970er-Jahre. Die Weltwetterbehörde warnt vor einem zunehmend kippenden Klima. Das Wichtigste in Kürze.",2026-03-24
nordkorea,North Korea,Zwischen Nordkorea und China fahren zum ersten Mal nach der Pandemie wieder Personenzüge. Auch mehr Handelsgüter sollen transportiert werden. Pjöngjang will mehr Touristen aus China ins Land holen.,2026-03-24
pjöngjang,Pyongyang,Zwischen Nordkorea und China fahren zum ersten Mal nach der Pandemie wieder Personenzüge. Auch mehr Handelsgüter sollen transportiert werden. Pjöngjang will mehr Touristen aus China ins Land holen.,2026-03-24
aussagen,social media.,Israels Außenminister kritisiert den deutschen Botschafter Steffen Seibert wegen Aussagen zur Siedlergewalt. Deutschlands Außenminister Wadephul telefoniert mit seinem Kollegen und stärkt Seibert den Rücken.,2026-03-24
handelsstreitigkeiten,Commercial Litigation,"Unter dem Druck von Trumps Zöllen und Chinas industrieller Dominanz legen die EU und Australien alte Handelsstreitigkeiten bei, um ihr immer wieder aufgeschobene Freihandelsabkommen zu besiegeln.",2026-03-25
freihandelsabkommen,Free trade,"Unter dem Druck von Trumps Zöllen und Chinas industrieller Dominanz legen die EU und Australien alte Handelsstreitigkeiten bei, um ihr immer wieder aufgeschobene Freihandelsabkommen zu besiegeln.",2026-03-25
schadensbegrenzung,Damage mitigation,"Ein Landesverband der Linkspartei lehnt den ""heute real existierenden Zionismus"" ab. Bestreitet er das Existenzrecht Israels? Ist der Beschluss antisemitisch? Die Partei bemüht sich um Schadensbegrenzung.",2026-03-25
arbeiterfreundlich,worker-friendly,Arbeiter in Deutschland wählen immer öfter die in Teilen rechtsextreme AfD - so bei den aktuellen Landtagswahlen. Dabei ist das Programm der Partei nicht besonders arbeiterfreundlich.,2026-03-25
revolutionsgarde,revolutionary Guard,Mohammad Bagher Ghalibaf zählt zu den einflussreichsten Politikern Irans und verfügt über enge Verbindungen zur Revolutionsgarde. Sein Name ist mit Korruption und der Unterdrückung von Protesten verbunden.,2026-03-25
handelsabkommen,Trade agreement,Israels Ministerpräsident Netanjahu will die Angriffe auf den Iran und den Libanon trotz angeblich laufender Verhandlungen fortsetzen. Die EU und Australien schließen ein Handelsabkommen. Das Wichtigste in Kürze.,2026-03-25
raketenarsenal,missile arsenal,US-Präsident Trump erklärt Irans Raketenarsenal für weitgehend zerstört. Doch Teheran greift immer wieder an. Wie viele Raketen und Drohnen besitzt das Regime noch? Und wie schnell kann es sein Arsenal wieder auffüllen?,2026-03-25
unterdrückung,Oppression,Mohammad Bagher Ghalibaf zählt zu den einflussreichsten Politikern Irans und verfügt über enge Verbindungen zur Revolutionsgarde. Sein Name ist mit Korruption und der Unterdrückung von Protesten verbunden.,2026-03-25
grundsatzrede,keynote speech,"Das Parlament in Nordkorea hat Machthaber Kim Jong Un erneut zum Präsidenten ernannt. Beobachter halten die ""Wahl"" für eine Farce. In einer Grundsatzrede unterstrich Kim die Rolle seines Landes als Atommacht.",2026-03-25
landesverband,NATIONAL ASSOCIATION,"Ein Landesverband der Linkspartei lehnt den ""heute real existierenden Zionismus"" ab. Bestreitet er das Existenzrecht Israels? Ist der Beschluss antisemitisch? Die Partei bemüht sich um Schadensbegrenzung.",2026-03-25
existierenden,existing,"Ein Landesverband der Linkspartei lehnt den ""heute real existierenden Zionismus"" ab. Bestreitet er das Existenzrecht Israels? Ist der Beschluss antisemitisch? Die Partei bemüht sich um Schadensbegrenzung.",2026-03-25
existenzrecht,Right to exist,"Ein Landesverband der Linkspartei lehnt den ""heute real existierenden Zionismus"" ab. Bestreitet er das Existenzrecht Israels? Ist der Beschluss antisemitisch? Die Partei bemüht sich um Schadensbegrenzung.",2026-03-25
antisemitisch,anti-semitic,"Ein Landesverband der Linkspartei lehnt den ""heute real existierenden Zionismus"" ab. Bestreitet er das Existenzrecht Israels? Ist der Beschluss antisemitisch? Die Partei bemüht sich um Schadensbegrenzung.",2026-03-25
rechtsextreme,Right-wing extremists,Arbeiter in Deutschland wählen immer öfter die in Teilen rechtsextreme AfD - so bei den aktuellen Landtagswahlen. Dabei ist das Programm der Partei nicht besonders arbeiterfreundlich.,2026-03-25
industrieller,industrial,"Unter dem Druck von Trumps Zöllen und Chinas industrieller Dominanz legen die EU und Australien alte Handelsstreitigkeiten bei, um ihr immer wieder aufgeschobene Freihandelsabkommen zu besiegeln.",2026-03-25
aufgeschobene,Deferred,"Unter dem Druck von Trumps Zöllen und Chinas industrieller Dominanz legen die EU und Australien alte Handelsstreitigkeiten bei, um ihr immer wieder aufgeschobene Freihandelsabkommen zu besiegeln.",2026-03-25
verbindungen,connections,Mohammad Bagher Ghalibaf zählt zu den einflussreichsten Politikern Irans und verfügt über enge Verbindungen zur Revolutionsgarde. Sein Name ist mit Korruption und der Unterdrückung von Protesten verbunden.,2026-03-25
vertragswerk,Contract,Es ist ein wichtiges Vertragswerk in einer politisch unruhigen Zeit. Die EU will sich mit der Vereinbarung auch den Zugang zu bedeutenden Rohstoffen in Australien sichern.,2026-03-25
vereinbarung,of Training Costs,Es ist ein wichtiges Vertragswerk in einer politisch unruhigen Zeit. Die EU will sich mit der Vereinbarung auch den Zugang zu bedeutenden Rohstoffen in Australien sichern.,2026-03-25
potentielle,Potential,"US-Präsident Trump hat sein Ultimatum verlängert und behauptet, Teheran wolle über ein Abkommen mit Washington verhandeln. Doch der Iran dementiert. Es gibt aber Länder wie Pakistan als potentielle Unterhändler.",2026-03-25
unterstrich,Underscore,"Das Parlament in Nordkorea hat Machthaber Kim Jong Un erneut zum Präsidenten ernannt. Beobachter halten die ""Wahl"" für eine Farce. In einer Grundsatzrede unterstrich Kim die Rolle seines Landes als Atommacht.",2026-03-25
überlebende,Survivor,Das Unglück ereignete sich kurz nach dem Start im Süden Kolumbiens. Die Behörden sprechen von mindestens 66 Todesopfern. Doch es gibt auch viele Überlebende.,2026-03-25
bedeutenden,significantly,Es ist ein wichtiges Vertragswerk in einer politisch unruhigen Zeit. Die EU will sich mit der Vereinbarung auch den Zugang zu bedeutenden Rohstoffen in Australien sichern.,2026-03-25
linkspartei,left-wing party,"Ein Landesverband der Linkspartei lehnt den ""heute real existierenden Zionismus"" ab. Bestreitet er das Existenzrecht Israels? Ist der Beschluss antisemitisch? Die Partei bemüht sich um Schadensbegrenzung.",2026-03-25
weitgehend,mostly,US-Präsident Trump erklärt Irans Raketenarsenal für weitgehend zerstört. Doch Teheran greift immer wieder an. Wie viele Raketen und Drohnen besitzt das Regime noch? Und wie schnell kann es sein Arsenal wieder auffüllen?,2026-03-25
politikern,politicians,Mohammad Bagher Ghalibaf zählt zu den einflussreichsten Politikern Irans und verfügt über enge Verbindungen zur Revolutionsgarde. Sein Name ist mit Korruption und der Unterdrückung von Protesten verbunden.,2026-03-25
korruption,Corruption,Mohammad Bagher Ghalibaf zählt zu den einflussreichsten Politikern Irans und verfügt über enge Verbindungen zur Revolutionsgarde. Sein Name ist mit Korruption und der Unterdrückung von Protesten verbunden.,2026-03-25
verlängert,extended.,"US-Präsident Trump hat sein Ultimatum verlängert und behauptet, Teheran wolle über ein Abkommen mit Washington verhandeln. Doch der Iran dementiert. Es gibt aber Länder wie Pakistan als potentielle Unterhändler.",2026-03-25
dementiert,denied,"US-Präsident Trump hat sein Ultimatum verlängert und behauptet, Teheran wolle über ein Abkommen mit Washington verhandeln. Doch der Iran dementiert. Es gibt aber Länder wie Pakistan als potentielle Unterhändler.",2026-03-25
kolumbiens,colombia,Das Unglück ereignete sich kurz nach dem Start im Süden Kolumbiens. Die Behörden sprechen von mindestens 66 Todesopfern. Doch es gibt auch viele Überlebende.,2026-03-25
rohstoffen,raw materials,Es ist ein wichtiges Vertragswerk in einer politisch unruhigen Zeit. Die EU will sich mit der Vereinbarung auch den Zugang zu bedeutenden Rohstoffen in Australien sichern.,2026-03-25
fortsetzen,input required,Israels Ministerpräsident Netanjahu will die Angriffe auf den Iran und den Libanon trotz angeblich laufender Verhandlungen fortsetzen. Die EU und Australien schließen ein Handelsabkommen. Das Wichtigste in Kürze.,2026-03-25
bestreitet,denies,"Ein Landesverband der Linkspartei lehnt den ""heute real existierenden Zionismus"" ab. Bestreitet er das Existenzrecht Israels? Ist der Beschluss antisemitisch? Die Partei bemüht sich um Schadensbegrenzung.",2026-03-25
auffüllen,to fill,US-Präsident Trump erklärt Irans Raketenarsenal für weitgehend zerstört. Doch Teheran greift immer wieder an. Wie viele Raketen und Drohnen besitzt das Regime noch? Und wie schnell kann es sein Arsenal wieder auffüllen?,2026-03-25
protesten,protests,Mohammad Bagher Ghalibaf zählt zu den einflussreichsten Politikern Irans und verfügt über enge Verbindungen zur Revolutionsgarde. Sein Name ist mit Korruption und der Unterdrückung von Protesten verbunden.,2026-03-25
verbunden,.,Mohammad Bagher Ghalibaf zählt zu den einflussreichsten Politikern Irans und verfügt über enge Verbindungen zur Revolutionsgarde. Sein Name ist mit Korruption und der Unterdrückung von Protesten verbunden.,2026-03-25
ultimatum,Ultimatum:,"US-Präsident Trump hat sein Ultimatum verlängert und behauptet, Teheran wolle über ein Abkommen mit Washington verhandeln. Doch der Iran dementiert. Es gibt aber Länder wie Pakistan als potentielle Unterhändler.",2026-03-25
behauptet,"<g id=""1"">2</g><g id=""2"">claims</g>","US-Präsident Trump hat sein Ultimatum verlängert und behauptet, Teheran wolle über ein Abkommen mit Washington verhandeln. Doch der Iran dementiert. Es gibt aber Länder wie Pakistan als potentielle Unterhändler.",2026-03-25
atommacht,List of states with nuclear weapons,"Das Parlament in Nordkorea hat Machthaber Kim Jong Un erneut zum Präsidenten ernannt. Beobachter halten die ""Wahl"" für eine Farce. In einer Grundsatzrede unterstrich Kim die Rolle seines Landes als Atommacht.",2026-03-25
wichtiges,important,Es ist ein wichtiges Vertragswerk in einer politisch unruhigen Zeit. Die EU will sich mit der Vereinbarung auch den Zugang zu bedeutenden Rohstoffen in Australien sichern.,2026-03-25
terrororganisation,terrorist organization,"Das Kammergericht Berlin hat vier Männer als Mitglieder der Terrororganisation Hamas verurteilt. Sie hatten Waffenlager angelegt, die für Anschläge auf jüdische und israelische Einrichtungen genutzt werden sollten.",2026-03-26
milliardenschweren,billions,Ungarns Premier Viktor Orban blockierte beim vergangenen EU-Gipfel entgegen vorheriger Absprachen einen milliardenschweren Ukraine-Kredit. Nun droht Brüssel mit Konsequenzen - aber wie könnten die aussehen?,2026-03-26
regierungsbildung,government formation,Die Sozialdemokraten in Dänemark stehen vor einer schwierigen Regierungsbildung. Die USA haben einen 15-Punkte-Plan für den Iran. Meta muss eine Millionenstrafe zahlen. Das Wichtigste in Kürze.,2026-03-26
millionenstrafe,million fine,Die Sozialdemokraten in Dänemark stehen vor einer schwierigen Regierungsbildung. Die USA haben einen 15-Punkte-Plan für den Iran. Meta muss eine Millionenstrafe zahlen. Das Wichtigste in Kürze.,2026-03-26
untersuchungen,inquiries,Zwei Drohnen sind aus Russland in den estnischen und lettischen Luftraum eingedrungen. Untersuchungen zufolge handelte es sich um fehlgeleitete ukrainische Fluggeräte. Verletzt wurde niemand.,2026-03-26
fußballerinnen,female footballers,Die Fußballerinnen des VfL Wolfsburg zeigen im Viertelfinal-Hinspiel der Champions League gegen Olympique Lyon eine starke Leistung und schaffen eine Überraschung - obwohl mit Alexandra Popp ihre Topspielerin fehlt.,2026-03-26
weitreichendes,far-reaching,"In Damaskus wurde ein weitreichendes Alkoholverbot erlassen. Kritiker erklären, es gehe um mehr als nur um den Genuss von Bier. Zur Debatte stehen die bürgerlichen Freiheiten.",2026-03-26
explodierende,Exploding,"Gefragt nach Gewalt gegen Frauen beklagt Bundeskanzler Merz ""explodierende"" Gewalt in Deutschland. Die komme zu einem ""beachtlichen Teil"" von Migranten, sagt er und löst Unruhe im Parlament aus.",2026-03-26
kammergericht,Kammergericht,"Das Kammergericht Berlin hat vier Männer als Mitglieder der Terrororganisation Hamas verurteilt. Sie hatten Waffenlager angelegt, die für Anschläge auf jüdische und israelische Einrichtungen genutzt werden sollten.",2026-03-26
fehlgeleitete,misdirected,Zwei Drohnen sind aus Russland in den estnischen und lettischen Luftraum eingedrungen. Untersuchungen zufolge handelte es sich um fehlgeleitete ukrainische Fluggeräte. Verletzt wurde niemand.,2026-03-26
alkoholverbot,ALCOHOL BAN,"In Damaskus wurde ein weitreichendes Alkoholverbot erlassen. Kritiker erklären, es gehe um mehr als nur um den Genuss von Bier. Zur Debatte stehen die bürgerlichen Freiheiten.",2026-03-26
beachtlichen,considerable,"Gefragt nach Gewalt gegen Frauen beklagt Bundeskanzler Merz ""explodierende"" Gewalt in Deutschland. Die komme zu einem ""beachtlichen Teil"" von Migranten, sagt er und löst Unruhe im Parlament aus.",2026-03-26
umstrittenen,controversial,"Mit seinen umstrittenen Äußerungen zu Migration und zur Gefährdung von Frauen hat der Bundeskanzler polarisiert. Viele Frauen fordern nun, Merz solle tatsächlich etwas tun für ihre Sicherheit – und stellen Forderungen.",2026-03-26
jugendlichen,young people,"Die Zahl der Kinder und Jugendlichen, die keinen Zugang zu Bildung haben, ist das siebte Jahr in Folge gestiegen. Auch in Deutschland sieht die UNESCO in ihrem jüngsten Bericht Probleme.",2026-03-26
eingedrungen,intruded,Zwei Drohnen sind aus Russland in den estnischen und lettischen Luftraum eingedrungen. Untersuchungen zufolge handelte es sich um fehlgeleitete ukrainische Fluggeräte. Verletzt wurde niemand.,2026-03-26
viertelfinal,quarter-final,Die Fußballerinnen des VfL Wolfsburg zeigen im Viertelfinal-Hinspiel der Champions League gegen Olympique Lyon eine starke Leistung und schaffen eine Überraschung - obwohl mit Alexandra Popp ihre Topspielerin fehlt.,2026-03-26
überraschung,Surprise...,Die Fußballerinnen des VfL Wolfsburg zeigen im Viertelfinal-Hinspiel der Champions League gegen Olympique Lyon eine starke Leistung und schaffen eine Überraschung - obwohl mit Alexandra Popp ihre Topspielerin fehlt.,2026-03-26
topspielerin,top player,Die Fußballerinnen des VfL Wolfsburg zeigen im Viertelfinal-Hinspiel der Champions League gegen Olympique Lyon eine starke Leistung und schaffen eine Überraschung - obwohl mit Alexandra Popp ihre Topspielerin fehlt.,2026-03-26
bürgerlichen,civil,"In Damaskus wurde ein weitreichendes Alkoholverbot erlassen. Kritiker erklären, es gehe um mehr als nur um den Genuss von Bier. Zur Debatte stehen die bürgerlichen Freiheiten.",2026-03-26
polarisiert,LINEAEFFE...,"Mit seinen umstrittenen Äußerungen zu Migration und zur Gefährdung von Frauen hat der Bundeskanzler polarisiert. Viele Frauen fordern nun, Merz solle tatsächlich etwas tun für ihre Sicherheit – und stellen Forderungen.",2026-03-26
waffenlager,Weaponry Storehouse,"Das Kammergericht Berlin hat vier Männer als Mitglieder der Terrororganisation Hamas verurteilt. Sie hatten Waffenlager angelegt, die für Anschläge auf jüdische und israelische Einrichtungen genutzt werden sollten.",2026-03-26
ukrainische,Ukranian,Zwei Drohnen sind aus Russland in den estnischen und lettischen Luftraum eingedrungen. Untersuchungen zufolge handelte es sich um fehlgeleitete ukrainische Fluggeräte. Verletzt wurde niemand.,2026-03-26
vergangenen,past,Ungarns Premier Viktor Orban blockierte beim vergangenen EU-Gipfel entgegen vorheriger Absprachen einen milliardenschweren Ukraine-Kredit. Nun droht Brüssel mit Konsequenzen - aber wie könnten die aussehen?,2026-03-26
gefährdung,Hazard,"Mit seinen umstrittenen Äußerungen zu Migration und zur Gefährdung von Frauen hat der Bundeskanzler polarisiert. Viele Frauen fordern nun, Merz solle tatsächlich etwas tun für ihre Sicherheit – und stellen Forderungen.",2026-03-26
mitglieder,users,"Das Kammergericht Berlin hat vier Männer als Mitglieder der Terrororganisation Hamas verurteilt. Sie hatten Waffenlager angelegt, die für Anschläge auf jüdische und israelische Einrichtungen genutzt werden sollten.",2026-03-26
verurteilt,sentenced,"Das Kammergericht Berlin hat vier Männer als Mitglieder der Terrororganisation Hamas verurteilt. Sie hatten Waffenlager angelegt, die für Anschläge auf jüdische und israelische Einrichtungen genutzt werden sollten.",2026-03-26
estnischen,estonian,Zwei Drohnen sind aus Russland in den estnischen und lettischen Luftraum eingedrungen. Untersuchungen zufolge handelte es sich um fehlgeleitete ukrainische Fluggeräte. Verletzt wurde niemand.,2026-03-26
lettischen,latvian,Zwei Drohnen sind aus Russland in den estnischen und lettischen Luftraum eingedrungen. Untersuchungen zufolge handelte es sich um fehlgeleitete ukrainische Fluggeräte. Verletzt wurde niemand.,2026-03-26
fluggeräte,Aircraft,Zwei Drohnen sind aus Russland in den estnischen und lettischen Luftraum eingedrungen. Untersuchungen zufolge handelte es sich um fehlgeleitete ukrainische Fluggeräte. Verletzt wurde niemand.,2026-03-26
blockierte,blocked,Ungarns Premier Viktor Orban blockierte beim vergangenen EU-Gipfel entgegen vorheriger Absprachen einen milliardenschweren Ukraine-Kredit. Nun droht Brüssel mit Konsequenzen - aber wie könnten die aussehen?,2026-03-26
vorheriger,previous,Ungarns Premier Viktor Orban blockierte beim vergangenen EU-Gipfel entgegen vorheriger Absprachen einen milliardenschweren Ukraine-Kredit. Nun droht Brüssel mit Konsequenzen - aber wie könnten die aussehen?,2026-03-26
absprachen,Arrangements:,Ungarns Premier Viktor Orban blockierte beim vergangenen EU-Gipfel entgegen vorheriger Absprachen einen milliardenschweren Ukraine-Kredit. Nun droht Brüssel mit Konsequenzen - aber wie könnten die aussehen?,2026-03-26
freiheiten,FREEDOMS,"In Damaskus wurde ein weitreichendes Alkoholverbot erlassen. Kritiker erklären, es gehe um mehr als nur um den Genuss von Bier. Zur Debatte stehen die bürgerlichen Freiheiten.",2026-03-26
migration,migration,"Mit seinen umstrittenen Äußerungen zu Migration und zur Gefährdung von Frauen hat der Bundeskanzler polarisiert. Viele Frauen fordern nun, Merz solle tatsächlich etwas tun für ihre Sicherheit – und stellen Forderungen.",2026-03-26
gestiegen,rose,"Die Zahl der Kinder und Jugendlichen, die keinen Zugang zu Bildung haben, ist das siebte Jahr in Folge gestiegen. Auch in Deutschland sieht die UNESCO in ihrem jüngsten Bericht Probleme.",2026-03-26
olympique,olympique,Die Fußballerinnen des VfL Wolfsburg zeigen im Viertelfinal-Hinspiel der Champions League gegen Olympique Lyon eine starke Leistung und schaffen eine Überraschung - obwohl mit Alexandra Popp ihre Topspielerin fehlt.,2026-03-26
alexandra,Alexandra,Die Fußballerinnen des VfL Wolfsburg zeigen im Viertelfinal-Hinspiel der Champions League gegen Olympique Lyon eine starke Leistung und schaffen eine Überraschung - obwohl mit Alexandra Popp ihre Topspielerin fehlt.,2026-03-26
benzinrationierungen,petrol rationing,"Angesichts der explodierenden Energiepreise und der weiter gesperrten Straße von Hormus muss die Welt ihren Energieverbrauch senken. Benzinrationierungen, Homeoffice, Vier-Tage-Woche: Es gibt zahlreiche Maßnahmen.",2026-03-27
transatlantischen,transatlantic,Lange haben sich afrikanische Staaten dafür eingesetzt. Nun haben die Vereinten Nationen den transatlantischen Sklavenhandel als schwerstes Verbrechen gegen die Menschlichkeit verurteilt. Doch es gibt auch Widerspruch.,2026-03-27
energieverbrauch,energy consumption,"Angesichts der explodierenden Energiepreise und der weiter gesperrten Straße von Hormus muss die Welt ihren Energieverbrauch senken. Benzinrationierungen, Homeoffice, Vier-Tage-Woche: Es gibt zahlreiche Maßnahmen.",2026-03-27
justizministerin,Minister of Justice,"Es geht um KI-Anwendungen, die aus echten Fotos gefälschte sexuelle Darstellungen machen - ohne Einwilligung der Betroffenen. Auch die deutsche Justizministerin Hubig plant einen Gesetzentwurf zu dem Thema.",2026-03-27
speichelleckerei,saliva treats,"Wer sich an Chatbots wendet, erfährt oft zuckersüße Hilfe. In der Fachwelt hat das Phänomen einen Namen: Speichelleckerei. Eine neue Studie zeigt, warum das ein Problem ist - und wie groß es ist.",2026-03-27
tatverdächtigen,Suspects:,Das Reporterteam war zu Dreharbeiten in dem kleinen Ort in Thüringen unterwegs. Die beiden Tatverdächtigen werden der rechtsextremen Szene zugerechnet.,2026-03-27
explodierenden,exploding,"Angesichts der explodierenden Energiepreise und der weiter gesperrten Straße von Hormus muss die Welt ihren Energieverbrauch senken. Benzinrationierungen, Homeoffice, Vier-Tage-Woche: Es gibt zahlreiche Maßnahmen.",2026-03-27
menschlichkeit,humanity,Lange haben sich afrikanische Staaten dafür eingesetzt. Nun haben die Vereinten Nationen den transatlantischen Sklavenhandel als schwerstes Verbrechen gegen die Menschlichkeit verurteilt. Doch es gibt auch Widerspruch.,2026-03-27
darstellungen,Edinburgh.,"Es geht um KI-Anwendungen, die aus echten Fotos gefälschte sexuelle Darstellungen machen - ohne Einwilligung der Betroffenen. Auch die deutsche Justizministerin Hubig plant einen Gesetzentwurf zu dem Thema.",2026-03-27
gesetzentwurf,Bill,"Es geht um KI-Anwendungen, die aus echten Fotos gefälschte sexuelle Darstellungen machen - ohne Einwilligung der Betroffenen. Auch die deutsche Justizministerin Hubig plant einen Gesetzentwurf zu dem Thema.",2026-03-27
sklavenhandel,Slave Trade,Lange haben sich afrikanische Staaten dafür eingesetzt. Nun haben die Vereinten Nationen den transatlantischen Sklavenhandel als schwerstes Verbrechen gegen die Menschlichkeit verurteilt. Doch es gibt auch Widerspruch.,2026-03-27
benzinpreise,Gas prices,"Weniger Öl, hohe Benzinpreise, nervöse Märkte - der Irankrieg weckt Erinnerungen an die Ölkrisen in den 1970er Jahren. Damals rutschte die deutsche Wirtschaft in eine Stagflation. Wie schlimm ist es heute wirklich?",2026-03-27
erinnerungen,Reminders,"Weniger Öl, hohe Benzinpreise, nervöse Märkte - der Irankrieg weckt Erinnerungen an die Ölkrisen in den 1970er Jahren. Damals rutschte die deutsche Wirtschaft in eine Stagflation. Wie schlimm ist es heute wirklich?",2026-03-27
wettbewerben,competitions,Nach heftigen Gender-Debatten im Sport beschließt das IOC für die Olympischen Spiele neue Richtlinien: Athletinnen müssen vor den Wettbewerben ihr Geschlecht testen lassen. Verschärft werden die Regeln für Transfrauen.,2026-03-27
reporterteam,reporter team,Das Reporterteam war zu Dreharbeiten in dem kleinen Ort in Thüringen unterwegs. Die beiden Tatverdächtigen werden der rechtsextremen Szene zugerechnet.,2026-03-27
dreharbeiten,Turning services,Das Reporterteam war zu Dreharbeiten in dem kleinen Ort in Thüringen unterwegs. Die beiden Tatverdächtigen werden der rechtsextremen Szene zugerechnet.,2026-03-27
einwilligung,Consent,"Es geht um KI-Anwendungen, die aus echten Fotos gefälschte sexuelle Darstellungen machen - ohne Einwilligung der Betroffenen. Auch die deutsche Justizministerin Hubig plant einen Gesetzentwurf zu dem Thema.",2026-03-27
afrikanische,AFRICAN,Lange haben sich afrikanische Staaten dafür eingesetzt. Nun haben die Vereinten Nationen den transatlantischen Sklavenhandel als schwerstes Verbrechen gegen die Menschlichkeit verurteilt. Doch es gibt auch Widerspruch.,2026-03-27
stagflation,Stagflation,"Weniger Öl, hohe Benzinpreise, nervöse Märkte - der Irankrieg weckt Erinnerungen an die Ölkrisen in den 1970er Jahren. Damals rutschte die deutsche Wirtschaft in eine Stagflation. Wie schlimm ist es heute wirklich?",2026-03-27
olympischen,olympic,Nach heftigen Gender-Debatten im Sport beschließt das IOC für die Olympischen Spiele neue Richtlinien: Athletinnen müssen vor den Wettbewerben ihr Geschlecht testen lassen. Verschärft werden die Regeln für Transfrauen.,2026-03-27
richtlinien,guidelines,Nach heftigen Gender-Debatten im Sport beschließt das IOC für die Olympischen Spiele neue Richtlinien: Athletinnen müssen vor den Wettbewerben ihr Geschlecht testen lassen. Verschärft werden die Regeln für Transfrauen.,2026-03-27
athletinnen,athletes,Nach heftigen Gender-Debatten im Sport beschließt das IOC für die Olympischen Spiele neue Richtlinien: Athletinnen müssen vor den Wettbewerben ihr Geschlecht testen lassen. Verschärft werden die Regeln für Transfrauen.,2026-03-27
transfrauen,trans women,Nach heftigen Gender-Debatten im Sport beschließt das IOC für die Olympischen Spiele neue Richtlinien: Athletinnen müssen vor den Wettbewerben ihr Geschlecht testen lassen. Verschärft werden die Regeln für Transfrauen.,2026-03-27
zugerechnet,will be attributed to the appellant.,Das Reporterteam war zu Dreharbeiten in dem kleinen Ort in Thüringen unterwegs. Die beiden Tatverdächtigen werden der rechtsextremen Szene zugerechnet.,2026-03-27
anwendungen,applications,"Es geht um KI-Anwendungen, die aus echten Fotos gefälschte sexuelle Darstellungen machen - ohne Einwilligung der Betroffenen. Auch die deutsche Justizministerin Hubig plant einen Gesetzentwurf zu dem Thema.",2026-03-27
betroffenen,records,"Es geht um KI-Anwendungen, die aus echten Fotos gefälschte sexuelle Darstellungen machen - ohne Einwilligung der Betroffenen. Auch die deutsche Justizministerin Hubig plant einen Gesetzentwurf zu dem Thema.",2026-03-27
widerspruch,Opposition,Lange haben sich afrikanische Staaten dafür eingesetzt. Nun haben die Vereinten Nationen den transatlantischen Sklavenhandel als schwerstes Verbrechen gegen die Menschlichkeit verurteilt. Doch es gibt auch Widerspruch.,2026-03-27
glücklichen,happy,Im Viertelfinal-Hinspiel der Champions League feiern die Bayern-Frauen einen glücklichen Sieg in Manchester. Zuvor gelingt dem VfL Wolfsburg gegen Olympique Lyon eine Überraschung - auch ohne Alexandra Popp.,2026-03-27
gesperrten,locked,"Angesichts der explodierenden Energiepreise und der weiter gesperrten Straße von Hormus muss die Welt ihren Energieverbrauch senken. Benzinrationierungen, Homeoffice, Vier-Tage-Woche: Es gibt zahlreiche Maßnahmen.",2026-03-27
homeoffice,Remote work,"Angesichts der explodierenden Energiepreise und der weiter gesperrten Straße von Hormus muss die Welt ihren Energieverbrauch senken. Benzinrationierungen, Homeoffice, Vier-Tage-Woche: Es gibt zahlreiche Maßnahmen.",2026-03-27
beschließt,resolves,Nach heftigen Gender-Debatten im Sport beschließt das IOC für die Olympischen Spiele neue Richtlinien: Athletinnen müssen vor den Wettbewerben ihr Geschlecht testen lassen. Verschärft werden die Regeln für Transfrauen.,2026-03-27
geschlecht,gender,Nach heftigen Gender-Debatten im Sport beschließt das IOC für die Olympischen Spiele neue Richtlinien: Athletinnen müssen vor den Wettbewerben ihr Geschlecht testen lassen. Verschärft werden die Regeln für Transfrauen.,2026-03-27
schwerstes,heaviest,Lange haben sich afrikanische Staaten dafür eingesetzt. Nun haben die Vereinten Nationen den transatlantischen Sklavenhandel als schwerstes Verbrechen gegen die Menschlichkeit verurteilt. Doch es gibt auch Widerspruch.,2026-03-27
verbrechen,Felony!”,Lange haben sich afrikanische Staaten dafür eingesetzt. Nun haben die Vereinten Nationen den transatlantischen Sklavenhandel als schwerstes Verbrechen gegen die Menschlichkeit verurteilt. Doch es gibt auch Widerspruch.,2026-03-27
manchester,manchester,Im Viertelfinal-Hinspiel der Champions League feiern die Bayern-Frauen einen glücklichen Sieg in Manchester. Zuvor gelingt dem VfL Wolfsburg gegen Olympique Lyon eine Überraschung - auch ohne Alexandra Popp.,2026-03-27
zuckersüße,sugar sweetness,"Wer sich an Chatbots wendet, erfährt oft zuckersüße Hilfe. In der Fachwelt hat das Phänomen einen Namen: Speichelleckerei. Eine neue Studie zeigt, warum das ein Problem ist - und wie groß es ist.",2026-03-27
thüringen,Thuringia,Das Reporterteam war zu Dreharbeiten in dem kleinen Ort in Thüringen unterwegs. Die beiden Tatverdächtigen werden der rechtsextremen Szene zugerechnet.,2026-03-27
unterwegs,on the way,Das Reporterteam war zu Dreharbeiten in dem kleinen Ort in Thüringen unterwegs. Die beiden Tatverdächtigen werden der rechtsextremen Szene zugerechnet.,2026-03-27
verallgemeinerungen,Generalities,Der Bundeskanzler stellt einen Zusammenhang her zwischen Gewalt gegen Frauen und Migration. Stärkt er Vorurteile? Fachleute warnen vor fragwürdigen Verallgemeinerungen.,2026-03-28
transatlantische,transatlantic,"Die Afrikanische Union fordert von den UN, die transatlantische Sklaverei als schwerstes Verbrechen gegen die Menschlichkeit anzuerkennen. Ghanas Präsident Mahama treibt die Initiative voran - doch wie tragfähig ist sie?",2026-03-28
wirtschaftliche,economic,Die wirtschaftliche Krise bei der Deutschen Bahn dauert an. Dennoch spricht Konzernchefin Palla von einer sich abzeichnenden Trendwende.,2026-03-28
westeuropäische,supporting DG's,"Westeuropäische Länder planen, Migranten in Lagern auf dem Westbalkan unterzubringen. Die Länder dort stehen unter Druck, sich als verlässliche Partner Europas zu profilieren. Doch vor Ort sind die Projekte umstritten.",2026-03-28
internationale,International,"In Kuba nimmt die Not der Menschen zu, auch wegen des zunehmenden Drucks durch die USA. Eine internationale Hilfsflotte bringt dringend benötigte Güter ins Land. Nun sind zwei Boote der Flotte verschwunden.",2026-03-28
unterzubringen,laws.,"Westeuropäische Länder planen, Migranten in Lagern auf dem Westbalkan unterzubringen. Die Länder dort stehen unter Druck, sich als verlässliche Partner Europas zu profilieren. Doch vor Ort sind die Projekte umstritten.",2026-03-28
konzernchefin,group CEO,Die wirtschaftliche Krise bei der Deutschen Bahn dauert an. Dennoch spricht Konzernchefin Palla von einer sich abzeichnenden Trendwende.,2026-03-28
abzeichnenden,signatory,Die wirtschaftliche Krise bei der Deutschen Bahn dauert an. Dennoch spricht Konzernchefin Palla von einer sich abzeichnenden Trendwende.,2026-03-28
nierenspenden,kidney donations,"Das US-Verteidigungsministerium denkt über mehr Soldaten für einen ""endgültigen Schlag"" gegen den Iran nach. Der Bundestag erleichtert Nierenspenden. Das Wichtigste in Kürze.",2026-03-28
anzuerkennen,to acknowledge,"Die Afrikanische Union fordert von den UN, die transatlantische Sklaverei als schwerstes Verbrechen gegen die Menschlichkeit anzuerkennen. Ghanas Präsident Mahama treibt die Initiative voran - doch wie tragfähig ist sie?",2026-03-28
festsitzende,stuck,Der seit Montag auf einer Sandbank vor der Gemeinde Timmendorfer Strand festsitzende Buckelwal ist wieder frei. Er schwimmt in der Ostsee. Doch in Sicherheit ist er noch lange nicht.,2026-03-28
verschwunden,disappeared,"In Kuba nimmt die Not der Menschen zu, auch wegen des zunehmenden Drucks durch die USA. Eine internationale Hilfsflotte bringt dringend benötigte Güter ins Land. Nun sind zwei Boote der Flotte verschwunden.",2026-03-28
verlässliche,reliable,"Westeuropäische Länder planen, Migranten in Lagern auf dem Westbalkan unterzubringen. Die Länder dort stehen unter Druck, sich als verlässliche Partner Europas zu profilieren. Doch vor Ort sind die Projekte umstritten.",2026-03-28
fragwürdigen,questionable,Der Bundeskanzler stellt einen Zusammenhang her zwischen Gewalt gegen Frauen und Migration. Stärkt er Vorurteile? Fachleute warnen vor fragwürdigen Verallgemeinerungen.,2026-03-28
zunehmenden,increases,"In Kuba nimmt die Not der Menschen zu, auch wegen des zunehmenden Drucks durch die USA. Eine internationale Hilfsflotte bringt dringend benötigte Güter ins Land. Nun sind zwei Boote der Flotte verschwunden.",2026-03-28
hilfsflotte,auxiliary fleet,"In Kuba nimmt die Not der Menschen zu, auch wegen des zunehmenden Drucks durch die USA. Eine internationale Hilfsflotte bringt dringend benötigte Güter ins Land. Nun sind zwei Boote der Flotte verschwunden.",2026-03-28
endgültigen,Submission of,"Das US-Verteidigungsministerium denkt über mehr Soldaten für einen ""endgültigen Schlag"" gegen den Iran nach. Der Bundestag erleichtert Nierenspenden. Das Wichtigste in Kürze.",2026-03-28
erleichtert,relieves,"Das US-Verteidigungsministerium denkt über mehr Soldaten für einen ""endgültigen Schlag"" gegen den Iran nach. Der Bundestag erleichtert Nierenspenden. Das Wichtigste in Kürze.",2026-03-28
profilieren,and science.,"Westeuropäische Länder planen, Migranten in Lagern auf dem Westbalkan unterzubringen. Die Länder dort stehen unter Druck, sich als verlässliche Partner Europas zu profilieren. Doch vor Ort sind die Projekte umstritten.",2026-03-28
opposition,Opposition,Deutschland enthält sich bei einem UN-Beschluss zum Sklavenhandel. So wie alle EU-Staaten. Die Opposition spricht von einem schwachen Bild.,2026-03-28
westbalkan,Western Balkans,"Westeuropäische Länder planen, Migranten in Lagern auf dem Westbalkan unterzubringen. Die Länder dort stehen unter Druck, sich als verlässliche Partner Europas zu profilieren. Doch vor Ort sind die Projekte umstritten.",2026-03-28
vorurteile,bias,Der Bundeskanzler stellt einen Zusammenhang her zwischen Gewalt gegen Frauen und Migration. Stärkt er Vorurteile? Fachleute warnen vor fragwürdigen Verallgemeinerungen.,2026-03-28
beschluss,Decision,Deutschland enthält sich bei einem UN-Beschluss zum Sklavenhandel. So wie alle EU-Staaten. Die Opposition spricht von einem schwachen Bild.,2026-03-28
sklaverei,Slavery,"Die Afrikanische Union fordert von den UN, die transatlantische Sklaverei als schwerstes Verbrechen gegen die Menschlichkeit anzuerkennen. Ghanas Präsident Mahama treibt die Initiative voran - doch wie tragfähig ist sie?",2026-03-28
tragfähig,supportive,"Die Afrikanische Union fordert von den UN, die transatlantische Sklaverei als schwerstes Verbrechen gegen die Menschlichkeit anzuerkennen. Ghanas Präsident Mahama treibt die Initiative voran - doch wie tragfähig ist sie?",2026-03-28
buckelwal,Humpback Whale,Der seit Montag auf einer Sandbank vor der Gemeinde Timmendorfer Strand festsitzende Buckelwal ist wieder frei. Er schwimmt in der Ostsee. Doch in Sicherheit ist er noch lange nicht.,2026-03-28
benötigte,required,"In Kuba nimmt die Not der Menschen zu, auch wegen des zunehmenden Drucks durch die USA. Eine internationale Hilfsflotte bringt dringend benötigte Güter ins Land. Nun sind zwei Boote der Flotte verschwunden.",2026-03-28
bundesverkehrsminister,federal Minister of Transport,Unpünktliche Züge und eine marode Infrastruktur beeinträchtigen nach Einschätzung von Bundesverkehrsminister Schnieder nicht nur den Alltag der Menschen. Durch solche Defizite schwinde auch das Vertrauen in den Staat.,2026-03-29
mitgliedsausweise,membership cards,Was haben die eigenen Vorfahren in der Nazi-Zeit gemacht? Darüber wurde in deutschen Familien lange geschwiegen. Jetzt hat das US-Nationalarchiv Millionen NSDAP-Mitgliedsausweise online zugänglich gemacht.,2026-03-29
militärflugplätze,military airfields,Die USA renovieren derzeit die bereits 80 Jahre alten Militärflugplätze auf den Pazifikinseln Tinian und Peleliu. Sie sollen als dezentrale Stützpunkte bei zunehmenden geopolitischen Spannungen dienen.,2026-03-29
beeinträchtigen,.,Unpünktliche Züge und eine marode Infrastruktur beeinträchtigen nach Einschätzung von Bundesverkehrsminister Schnieder nicht nur den Alltag der Menschen. Durch solche Defizite schwinde auch das Vertrauen in den Staat.,2026-03-29
nachkriegszeit,After the war,Am 12. November 1955 wurde die Bundeswehr gegründet - eine umstrittene Entscheidung in der Nachkriegszeit. Heute soll die Bundeswehr eine Führungsrolle in Europa übernehmen.,2026-03-29
nationalarchiv,national archive,Was haben die eigenen Vorfahren in der Nazi-Zeit gemacht? Darüber wurde in deutschen Familien lange geschwiegen. Jetzt hat das US-Nationalarchiv Millionen NSDAP-Mitgliedsausweise online zugänglich gemacht.,2026-03-29
geopolitischen,geopolitical,Die USA renovieren derzeit die bereits 80 Jahre alten Militärflugplätze auf den Pazifikinseln Tinian und Peleliu. Sie sollen als dezentrale Stützpunkte bei zunehmenden geopolitischen Spannungen dienen.,2026-03-29
führungsrolle,Guide roller,Am 12. November 1955 wurde die Bundeswehr gegründet - eine umstrittene Entscheidung in der Nachkriegszeit. Heute soll die Bundeswehr eine Führungsrolle in Europa übernehmen.,2026-03-29
demonstrieren,showcase,Bundestagspräsidentin Klöckner fordert in der Diskussion über Gewalt gegen Frauen mehr Ehrlichkeit. In den USA wollen wieder Hunderttausende Menschen gegen Präsident Trump demonstrieren. Das Wichtigste in Kürze.,2026-03-29
pazifikinseln,Islands of the South Pacific Ocean,Die USA renovieren derzeit die bereits 80 Jahre alten Militärflugplätze auf den Pazifikinseln Tinian und Peleliu. Sie sollen als dezentrale Stützpunkte bei zunehmenden geopolitischen Spannungen dienen.,2026-03-29
zurückkehren,Withdraw patient,"Noch ist der Wehrdienst in Deutschland freiwillig. Doch die Wehrpflicht könnte schon bald zurückkehren. Ein Grund, warum immer mehr junge Männer den Kriegsdienst verweigern.",2026-03-29
kriegsdienst,military service,"Noch ist der Wehrdienst in Deutschland freiwillig. Doch die Wehrpflicht könnte schon bald zurückkehren. Ein Grund, warum immer mehr junge Männer den Kriegsdienst verweigern.",2026-03-29
unpünktliche,untimely,Unpünktliche Züge und eine marode Infrastruktur beeinträchtigen nach Einschätzung von Bundesverkehrsminister Schnieder nicht nur den Alltag der Menschen. Durch solche Defizite schwinde auch das Vertrauen in den Staat.,2026-03-29
einschätzung,assessment,Unpünktliche Züge und eine marode Infrastruktur beeinträchtigen nach Einschätzung von Bundesverkehrsminister Schnieder nicht nur den Alltag der Menschen. Durch solche Defizite schwinde auch das Vertrauen in den Staat.,2026-03-29
finanzthemen,financial topics,"Viele Frauen engagieren sich bei Finanzthemen zu wenig - mit Folgen für Vermögen, Verschuldung und Vorsorge fürs Alter. Die EZB plant daher Maßnahmen, um das finanzielle Wissen zu verbessern - auch aus eigenem Interesse.",2026-03-29
verschuldung,Debt,"Viele Frauen engagieren sich bei Finanzthemen zu wenig - mit Folgen für Vermögen, Verschuldung und Vorsorge fürs Alter. Die EZB plant daher Maßnahmen, um das finanzielle Wissen zu verbessern - auch aus eigenem Interesse.",2026-03-29
wehrpflicht,National service,"Noch ist der Wehrdienst in Deutschland freiwillig. Doch die Wehrpflicht könnte schon bald zurückkehren. Ein Grund, warum immer mehr junge Männer den Kriegsdienst verweigern.",2026-03-29
umstrittene,and L.A.P.D.,Am 12. November 1955 wurde die Bundeswehr gegründet - eine umstrittene Entscheidung in der Nachkriegszeit. Heute soll die Bundeswehr eine Führungsrolle in Europa übernehmen.,2026-03-29
freiwillige,volunteers,"Der neue Wehrdienst polarisiert: Den einen geht er zu weit, die anderen würden lieber zur Wehrpflicht zurückkehren. Doch die Bundeswehr setzt weiter auf Freiwillige.",2026-03-29
ehrlichkeit,Honesty,Bundestagspräsidentin Klöckner fordert in der Diskussion über Gewalt gegen Frauen mehr Ehrlichkeit. In den USA wollen wieder Hunderttausende Menschen gegen Präsident Trump demonstrieren. Das Wichtigste in Kürze.,2026-03-29
geschwiegen,Kept quiet about it?,Was haben die eigenen Vorfahren in der Nazi-Zeit gemacht? Darüber wurde in deutschen Familien lange geschwiegen. Jetzt hat das US-Nationalarchiv Millionen NSDAP-Mitgliedsausweise online zugänglich gemacht.,2026-03-29
finanzielle,Term,"Viele Frauen engagieren sich bei Finanzthemen zu wenig - mit Folgen für Vermögen, Verschuldung und Vorsorge fürs Alter. Die EZB plant daher Maßnahmen, um das finanzielle Wissen zu verbessern - auch aus eigenem Interesse.",2026-03-29
stützpunkte,Support bases,Die USA renovieren derzeit die bereits 80 Jahre alten Militärflugplätze auf den Pazifikinseln Tinian und Peleliu. Sie sollen als dezentrale Stützpunkte bei zunehmenden geopolitischen Spannungen dienen.,2026-03-29
wehrdienst,MILITARY SERVICE,"Noch ist der Wehrdienst in Deutschland freiwillig. Doch die Wehrpflicht könnte schon bald zurückkehren. Ein Grund, warum immer mehr junge Männer den Kriegsdienst verweigern.",2026-03-29
freiwillig,optional,"Noch ist der Wehrdienst in Deutschland freiwillig. Doch die Wehrpflicht könnte schon bald zurückkehren. Ein Grund, warum immer mehr junge Männer den Kriegsdienst verweigern.",2026-03-29
verweigern,deny,"Noch ist der Wehrdienst in Deutschland freiwillig. Doch die Wehrpflicht könnte schon bald zurückkehren. Ein Grund, warum immer mehr junge Männer den Kriegsdienst verweigern.",2026-03-29
fürstentum,Principality,Das Fürstentum Monaco hat etwa 38.500 Einwohner - rund jeder dritte ist Millionär. Der Besuch von Papst Leo XIV. gilt als historisch.,2026-03-29
historisch,Historical era,Das Fürstentum Monaco hat etwa 38.500 Einwohner - rund jeder dritte ist Millionär. Der Besuch von Papst Leo XIV. gilt als historisch.,2026-03-29
diskussion,discussion,Bundestagspräsidentin Klöckner fordert in der Diskussion über Gewalt gegen Frauen mehr Ehrlichkeit. In den USA wollen wieder Hunderttausende Menschen gegen Präsident Trump demonstrieren. Das Wichtigste in Kürze.,2026-03-29
zugänglich,"<g id=""1"">1</g><g id=""2"">accessible</g>",Was haben die eigenen Vorfahren in der Nazi-Zeit gemacht? Darüber wurde in deutschen Familien lange geschwiegen. Jetzt hat das US-Nationalarchiv Millionen NSDAP-Mitgliedsausweise online zugänglich gemacht.,2026-03-29
engagieren,fully,"Viele Frauen engagieren sich bei Finanzthemen zu wenig - mit Folgen für Vermögen, Verschuldung und Vorsorge fürs Alter. Die EZB plant daher Maßnahmen, um das finanzielle Wissen zu verbessern - auch aus eigenem Interesse.",2026-03-29
verbessern,image,"Viele Frauen engagieren sich bei Finanzthemen zu wenig - mit Folgen für Vermögen, Verschuldung und Vorsorge fürs Alter. Die EZB plant daher Maßnahmen, um das finanzielle Wissen zu verbessern - auch aus eigenem Interesse.",2026-03-29
renovieren,refurbish .,Die USA renovieren derzeit die bereits 80 Jahre alten Militärflugplätze auf den Pazifikinseln Tinian und Peleliu. Sie sollen als dezentrale Stützpunkte bei zunehmenden geopolitischen Spannungen dienen.,2026-03-29
dezentrale,Distributed,Die USA renovieren derzeit die bereits 80 Jahre alten Militärflugplätze auf den Pazifikinseln Tinian und Peleliu. Sie sollen als dezentrale Stützpunkte bei zunehmenden geopolitischen Spannungen dienen.,2026-03-29
gegründet,founded,Am 12. November 1955 wurde die Bundeswehr gegründet - eine umstrittene Entscheidung in der Nachkriegszeit. Heute soll die Bundeswehr eine Führungsrolle in Europa übernehmen.,2026-03-29
schnieder,schnieder,Unpünktliche Züge und eine marode Infrastruktur beeinträchtigen nach Einschätzung von Bundesverkehrsminister Schnieder nicht nur den Alltag der Menschen. Durch solche Defizite schwinde auch das Vertrauen in den Staat.,2026-03-29
vertrauen,trust,Unpünktliche Züge und eine marode Infrastruktur beeinträchtigen nach Einschätzung von Bundesverkehrsminister Schnieder nicht nur den Alltag der Menschen. Durch solche Defizite schwinde auch das Vertrauen in den Staat.,2026-03-29
einwohner,The people,Das Fürstentum Monaco hat etwa 38.500 Einwohner - rund jeder dritte ist Millionär. Der Besuch von Papst Leo XIV. gilt als historisch.,2026-03-29
millionär,Millionaire,Das Fürstentum Monaco hat etwa 38.500 Einwohner - rund jeder dritte ist Millionär. Der Besuch von Papst Leo XIV. gilt als historisch.,2026-03-29
vorfahren,Ancestors,Was haben die eigenen Vorfahren in der Nazi-Zeit gemacht? Darüber wurde in deutschen Familien lange geschwiegen. Jetzt hat das US-Nationalarchiv Millionen NSDAP-Mitgliedsausweise online zugänglich gemacht.,2026-03-29
interesse,Interest,"Viele Frauen engagieren sich bei Finanzthemen zu wenig - mit Folgen für Vermögen, Verschuldung und Vorsorge fürs Alter. Die EZB plant daher Maßnahmen, um das finanzielle Wissen zu verbessern - auch aus eigenem Interesse.",2026-03-29
umweltverschmutzung,environmental pollution,"Während Bergbauunternehmen den Kupfergürtel in Sambia nach Metallen für die weltweite Transformation durchkämmen, leiden viele Einheimische unter ungebremster Umweltverschmutzung und der Enteignung von Feldern.",2026-03-30
bergbauunternehmen,or mining companies,"Während Bergbauunternehmen den Kupfergürtel in Sambia nach Metallen für die weltweite Transformation durchkämmen, leiden viele Einheimische unter ungebremster Umweltverschmutzung und der Enteignung von Feldern.",2026-03-30
gesetzesänderung,Change in the law,In der EU gestohlene Fahrzeuge sollen in Russland schon bald ganz legal zugelassen werden dürfen. Eine entsprechende Gesetzesänderung ist derzeit in Arbeit. Steigt nun die Zahl der Autodiebstähle in Europa?,2026-03-30
autodiebstähle,car thefts,In der EU gestohlene Fahrzeuge sollen in Russland schon bald ganz legal zugelassen werden dürfen. Eine entsprechende Gesetzesänderung ist derzeit in Arbeit. Steigt nun die Zahl der Autodiebstähle in Europa?,2026-03-30
regierungsstil,government style,"Keine Razzien in US-Städten, kein Krieg gegen den Iran, Nein zu steigenden Preisen: Landesweit sind Menschen in den USA wieder aus Protest gegen den Regierungsstil von Präsident Trump auf die Straße gegangen.",2026-03-30
transformation,Transformation,"Während Bergbauunternehmen den Kupfergürtel in Sambia nach Metallen für die weltweite Transformation durchkämmen, leiden viele Einheimische unter ungebremster Umweltverschmutzung und der Enteignung von Feldern.",2026-03-30
entsprechende,appropriate,In der EU gestohlene Fahrzeuge sollen in Russland schon bald ganz legal zugelassen werden dürfen. Eine entsprechende Gesetzesänderung ist derzeit in Arbeit. Steigt nun die Zahl der Autodiebstähle in Europa?,2026-03-30
energiequelle,Energy source,"Die Solarenergie wächst weltweit rasant, in China und Europa ebenso wie in Afrika. Photovoltaik ist jetzt schon die günstigste Energiequelle. Das verändert auch Verkehr und Heizen.",2026-03-30
hinrichtungen,Executions:,"Israel überlegt, die Todesstrafe auszuweiten. Obwohl die Zahl der Länder mit Hinrichtungen sinkt, werden insgesamt mehr Hinrichtungen registriert. Ein Überblick, wo Todesstrafen verhängt und wo sie vollstreckt werden.",2026-03-30
stadtzentrum,Center of the German capital,Im Stadtzentrum der englischen Stadt Derby steuert ein Autofahrer sein Fahrzeug in eine Gruppe von Fußgängern. Mehrere Menschen werden verletzt.,2026-03-30
solarenergie,Solar Energy,"Die Solarenergie wächst weltweit rasant, in China und Europa ebenso wie in Afrika. Photovoltaik ist jetzt schon die günstigste Energiequelle. Das verändert auch Verkehr und Heizen.",2026-03-30
photovoltaik,solar,"Die Solarenergie wächst weltweit rasant, in China und Europa ebenso wie in Afrika. Photovoltaik ist jetzt schon die günstigste Energiequelle. Das verändert auch Verkehr und Heizen.",2026-03-30
todesstrafen,death penalty,"Israel überlegt, die Todesstrafe auszuweiten. Obwohl die Zahl der Länder mit Hinrichtungen sinkt, werden insgesamt mehr Hinrichtungen registriert. Ein Überblick, wo Todesstrafen verhängt und wo sie vollstreckt werden.",2026-03-30
kupfergürtel,copper belt,"Während Bergbauunternehmen den Kupfergürtel in Sambia nach Metallen für die weltweite Transformation durchkämmen, leiden viele Einheimische unter ungebremster Umweltverschmutzung und der Enteignung von Feldern.",2026-03-30
einheimische,DOMESTIC,"Während Bergbauunternehmen den Kupfergürtel in Sambia nach Metallen für die weltweite Transformation durchkämmen, leiden viele Einheimische unter ungebremster Umweltverschmutzung und der Enteignung von Feldern.",2026-03-30
ungebremster,unbraked,"Während Bergbauunternehmen den Kupfergürtel in Sambia nach Metallen für die weltweite Transformation durchkämmen, leiden viele Einheimische unter ungebremster Umweltverschmutzung und der Enteignung von Feldern.",2026-03-30
todesstrafe,Death penalty,"Israel überlegt, die Todesstrafe auszuweiten. Obwohl die Zahl der Länder mit Hinrichtungen sinkt, werden insgesamt mehr Hinrichtungen registriert. Ein Überblick, wo Todesstrafen verhängt und wo sie vollstreckt werden.",2026-03-30
auszuweiten,within our company.,"Israel überlegt, die Todesstrafe auszuweiten. Obwohl die Zahl der Länder mit Hinrichtungen sinkt, werden insgesamt mehr Hinrichtungen registriert. Ein Überblick, wo Todesstrafen verhängt und wo sie vollstreckt werden.",2026-03-30
registriert,date joined,"Israel überlegt, die Todesstrafe auszuweiten. Obwohl die Zahl der Länder mit Hinrichtungen sinkt, werden insgesamt mehr Hinrichtungen registriert. Ein Überblick, wo Todesstrafen verhängt und wo sie vollstreckt werden.",2026-03-30
vollstreckt,enforced,"Israel überlegt, die Todesstrafe auszuweiten. Obwohl die Zahl der Länder mit Hinrichtungen sinkt, werden insgesamt mehr Hinrichtungen registriert. Ein Überblick, wo Todesstrafen verhängt und wo sie vollstreckt werden.",2026-03-30
durchkämmen,Comb through.,"Während Bergbauunternehmen den Kupfergürtel in Sambia nach Metallen für die weltweite Transformation durchkämmen, leiden viele Einheimische unter ungebremster Umweltverschmutzung und der Enteignung von Feldern.",2026-03-30
gestohlene,stolen,In der EU gestohlene Fahrzeuge sollen in Russland schon bald ganz legal zugelassen werden dürfen. Eine entsprechende Gesetzesänderung ist derzeit in Arbeit. Steigt nun die Zahl der Autodiebstähle in Europa?,2026-03-30
zugelassen,is permitted,In der EU gestohlene Fahrzeuge sollen in Russland schon bald ganz legal zugelassen werden dürfen. Eine entsprechende Gesetzesänderung ist derzeit in Arbeit. Steigt nun die Zahl der Autodiebstähle in Europa?,2026-03-30
englischen,english,Im Stadtzentrum der englischen Stadt Derby steuert ein Autofahrer sein Fahrzeug in eine Gruppe von Fußgängern. Mehrere Menschen werden verletzt.,2026-03-30
autofahrer,Car drivers,Im Stadtzentrum der englischen Stadt Derby steuert ein Autofahrer sein Fahrzeug in eine Gruppe von Fußgängern. Mehrere Menschen werden verletzt.,2026-03-30
fußgängern,pedestrians,Im Stadtzentrum der englischen Stadt Derby steuert ein Autofahrer sein Fahrzeug in eine Gruppe von Fußgängern. Mehrere Menschen werden verletzt.,2026-03-30
landesweit,National,"Keine Razzien in US-Städten, kein Krieg gegen den Iran, Nein zu steigenden Preisen: Landesweit sind Menschen in den USA wieder aus Protest gegen den Regierungsstil von Präsident Trump auf die Straße gegangen.",2026-03-30
günstigste,Least expensive,"Die Solarenergie wächst weltweit rasant, in China und Europa ebenso wie in Afrika. Photovoltaik ist jetzt schon die günstigste Energiequelle. Das verändert auch Verkehr und Heizen.",2026-03-30
enteignung,Compulsory purchase,"Während Bergbauunternehmen den Kupfergürtel in Sambia nach Metallen für die weltweite Transformation durchkämmen, leiden viele Einheimische unter ungebremster Umweltverschmutzung und der Enteignung von Feldern.",2026-03-30
fahrzeuge,trucks,In der EU gestohlene Fahrzeuge sollen in Russland schon bald ganz legal zugelassen werden dürfen. Eine entsprechende Gesetzesänderung ist derzeit in Arbeit. Steigt nun die Zahl der Autodiebstähle in Europa?,2026-03-30
überblick,overview,"Israel überlegt, die Todesstrafe auszuweiten. Obwohl die Zahl der Länder mit Hinrichtungen sinkt, werden insgesamt mehr Hinrichtungen registriert. Ein Überblick, wo Todesstrafen verhängt und wo sie vollstreckt werden.",2026-03-30
weltweite,worldwide,"Während Bergbauunternehmen den Kupfergürtel in Sambia nach Metallen für die weltweite Transformation durchkämmen, leiden viele Einheimische unter ungebremster Umweltverschmutzung und der Enteignung von Feldern.",2026-03-30
verteidigungsminister,Minister for Defence,"Der deutsche Verteidigungsminister ist nach Japan, Singapur und Australien gereist. Seine Mission: Die Bewahrung einer regelbasierten internationalen Ordnung - mit Mittelmächten als wichtigen Akteuren",2026-03-31
übergangspräsidenten,interim president,Beim Besuch von Syriens Übergangspräsidenten Ahmed al-Scharaa in Berlin sprach sich Bundeskanzler Friedrich Merz für die Rückkehr von Hunderttausenden Syrern in ihr Heimatland aus.,2026-03-31
herausforderungen,Challenges,Ein Jahr nach dem Sturz des syrischen Diktators Baschar al-Assad befindet sich das Land an einem entscheidenden Wendepunkt. Zwar wurden erkennbar Erfolge erzielt. Doch zugleich sind viele Herausforderungen noch ungelöst.,2026-03-31
hunderttausenden,hundreds and hundreds,Beim Besuch von Syriens Übergangspräsidenten Ahmed al-Scharaa in Berlin sprach sich Bundeskanzler Friedrich Merz für die Rückkehr von Hunderttausenden Syrern in ihr Heimatland aus.,2026-03-31
außenbeauftragte,external Representative,"Im Sahel steigt die Unsicherheit. Die Juntas wenden sich Russland, China und den USA zu - und von Europa ab. EU-Außenbeauftragte Kaja Kallas fordert im DW-Gespräch ""ausgewogene Partnerschaften"". Kann das funktionieren?",2026-03-31
partnerschaften,PARTNERSHIPS,"Im Sahel steigt die Unsicherheit. Die Juntas wenden sich Russland, China und den USA zu - und von Europa ab. EU-Außenbeauftragte Kaja Kallas fordert im DW-Gespräch ""ausgewogene Partnerschaften"". Kann das funktionieren?",2026-03-31
entscheidenden,crucial,Ein Jahr nach dem Sturz des syrischen Diktators Baschar al-Assad befindet sich das Land an einem entscheidenden Wendepunkt. Zwar wurden erkennbar Erfolge erzielt. Doch zugleich sind viele Herausforderungen noch ungelöst.,2026-03-31
meistgesuchter,most wanted,"Australiens meistgesuchter Täter, Dezi Freeman, wurde nach monatelanger Flucht gestellt und erschossen. Der radikale ""Sovereign Citizen"" soll zwei Polizisten getötet haben. Der Fall sorgte landesweit für Schlagzeilen.",2026-03-31
regelbasierten,rule-based,"Der deutsche Verteidigungsminister ist nach Japan, Singapur und Australien gereist. Seine Mission: Die Bewahrung einer regelbasierten internationalen Ordnung - mit Mittelmächten als wichtigen Akteuren",2026-03-31
eingeschaltet,turned on,In Jerusalem wird der katholische Kardinal Pizzaballa daran gehindert in der Grabeskirche eine Messe abzuhalten. Es hagelt Kritik - auch aus Deutschland. Israels Ministerpräsident Netanjahu hat sich nun eingeschaltet.,2026-03-31
mittelmächten,medium powers,"Der deutsche Verteidigungsminister ist nach Japan, Singapur und Australien gereist. Seine Mission: Die Bewahrung einer regelbasierten internationalen Ordnung - mit Mittelmächten als wichtigen Akteuren",2026-03-31
funktionieren,services,"Im Sahel steigt die Unsicherheit. Die Juntas wenden sich Russland, China und den USA zu - und von Europa ab. EU-Außenbeauftragte Kaja Kallas fordert im DW-Gespräch ""ausgewogene Partnerschaften"". Kann das funktionieren?",2026-03-31
grabeskirche,church of the Holy Sepulchre,In Jerusalem wird der katholische Kardinal Pizzaballa daran gehindert in der Grabeskirche eine Messe abzuhalten. Es hagelt Kritik - auch aus Deutschland. Israels Ministerpräsident Netanjahu hat sich nun eingeschaltet.,2026-03-31
monatelanger,months,"Australiens meistgesuchter Täter, Dezi Freeman, wurde nach monatelanger Flucht gestellt und erschossen. Der radikale ""Sovereign Citizen"" soll zwei Polizisten getötet haben. Der Fall sorgte landesweit für Schlagzeilen.",2026-03-31
schlagzeilen,TOP HEADLINES,"Australiens meistgesuchter Täter, Dezi Freeman, wurde nach monatelanger Flucht gestellt und erschossen. Der radikale ""Sovereign Citizen"" soll zwei Polizisten getötet haben. Der Fall sorgte landesweit für Schlagzeilen.",2026-03-31
ursprünglich,original,"Ursprünglich war Ahmed al-Scharaas Besuch bereits im Januar geplant, musste aber verschoben werden. Die USA haben einem russischen Öltanker die Fahrt nach Kuba gestattet. Das Wichtigste in Kürze.",2026-03-31
unsicherheit,uncertainty,"Im Sahel steigt die Unsicherheit. Die Juntas wenden sich Russland, China und den USA zu - und von Europa ab. EU-Außenbeauftragte Kaja Kallas fordert im DW-Gespräch ""ausgewogene Partnerschaften"". Kann das funktionieren?",2026-03-31
enthüllungen,revelations,"Kurz vor der Wahl beginnt Orbans System durch explosive Enthüllungen zu wanken: Der Geheimdienst soll versucht haben, die Oppositionspartei Tisza zu kapern. Die Regierung kontert, man gehe gegen ""ukrainische Spione"" vor.",2026-03-31
geheimdienst,intelligences,"Kurz vor der Wahl beginnt Orbans System durch explosive Enthüllungen zu wanken: Der Geheimdienst soll versucht haben, die Oppositionspartei Tisza zu kapern. Die Regierung kontert, man gehe gegen ""ukrainische Spione"" vor.",2026-03-31
australiens,australia's,"Australiens meistgesuchter Täter, Dezi Freeman, wurde nach monatelanger Flucht gestellt und erschossen. Der radikale ""Sovereign Citizen"" soll zwei Polizisten getötet haben. Der Fall sorgte landesweit für Schlagzeilen.",2026-03-31
ausgewogene,balanced participation,"Im Sahel steigt die Unsicherheit. Die Juntas wenden sich Russland, China und den USA zu - und von Europa ab. EU-Außenbeauftragte Kaja Kallas fordert im DW-Gespräch ""ausgewogene Partnerschaften"". Kann das funktionieren?",2026-03-31
syrerinnen,syrian women,Fast 6000 Syrerinnen und Syrer stellten 2025 einen Antrag auf die freiwillige Ausreise in ihre Heimat. Dabei ist die Situation in Syrien weiterhin prekär.,2026-03-31
wendepunkt,Inflection point,Ein Jahr nach dem Sturz des syrischen Diktators Baschar al-Assad befindet sich das Land an einem entscheidenden Wendepunkt. Zwar wurden erkennbar Erfolge erzielt. Doch zugleich sind viele Herausforderungen noch ungelöst.,2026-03-31
pizzaballa,pizza balla,In Jerusalem wird der katholische Kardinal Pizzaballa daran gehindert in der Grabeskirche eine Messe abzuhalten. Es hagelt Kritik - auch aus Deutschland. Israels Ministerpräsident Netanjahu hat sich nun eingeschaltet.,2026-03-31
abzuhalten,It also,In Jerusalem wird der katholische Kardinal Pizzaballa daran gehindert in der Grabeskirche eine Messe abzuhalten. Es hagelt Kritik - auch aus Deutschland. Israels Ministerpräsident Netanjahu hat sich nun eingeschaltet.,2026-03-31
blockieren,I block,Seit Monaten blockieren die USA Ölimporte nach Kuba – jetzt kann ein russischer Tanker passieren. Was das für die Versorgung der Insel bedeutet und warum Präsident Trump diesmal einlenkt.,2026-03-31
erschossen,Sniped!,"Australiens meistgesuchter Täter, Dezi Freeman, wurde nach monatelanger Flucht gestellt und erschossen. Der radikale ""Sovereign Citizen"" soll zwei Polizisten getötet haben. Der Fall sorgte landesweit für Schlagzeilen.",2026-03-31
situation,situation,Fast 6000 Syrerinnen und Syrer stellten 2025 einen Antrag auf die freiwillige Ausreise in ihre Heimat. Dabei ist die Situation in Syrien weiterhin prekär.,2026-03-31
syrischen,syrian,Ein Jahr nach dem Sturz des syrischen Diktators Baschar al-Assad befindet sich das Land an einem entscheidenden Wendepunkt. Zwar wurden erkennbar Erfolge erzielt. Doch zugleich sind viele Herausforderungen noch ungelöst.,2026-03-31
diktators,dictators,Ein Jahr nach dem Sturz des syrischen Diktators Baschar al-Assad befindet sich das Land an einem entscheidenden Wendepunkt. Zwar wurden erkennbar Erfolge erzielt. Doch zugleich sind viele Herausforderungen noch ungelöst.,2026-03-31
erkennbar,discernible,Ein Jahr nach dem Sturz des syrischen Diktators Baschar al-Assad befindet sich das Land an einem entscheidenden Wendepunkt. Zwar wurden erkennbar Erfolge erzielt. Doch zugleich sind viele Herausforderungen noch ungelöst.,2026-03-31
jerusalem,Jerusalem,In Jerusalem wird der katholische Kardinal Pizzaballa daran gehindert in der Grabeskirche eine Messe abzuhalten. Es hagelt Kritik - auch aus Deutschland. Israels Ministerpräsident Netanjahu hat sich nun eingeschaltet.,2026-03-31
gehindert,OBTAINED,In Jerusalem wird der katholische Kardinal Pizzaballa daran gehindert in der Grabeskirche eine Messe abzuhalten. Es hagelt Kritik - auch aus Deutschland. Israels Ministerpräsident Netanjahu hat sich nun eingeschaltet.,2026-03-31
netanjahu,Netanyahu,In Jerusalem wird der katholische Kardinal Pizzaballa daran gehindert in der Grabeskirche eine Messe abzuhalten. Es hagelt Kritik - auch aus Deutschland. Israels Ministerpräsident Netanjahu hat sich nun eingeschaltet.,2026-03-31
ölimporte,oil imports,Seit Monaten blockieren die USA Ölimporte nach Kuba – jetzt kann ein russischer Tanker passieren. Was das für die Versorgung der Insel bedeutet und warum Präsident Trump diesmal einlenkt.,2026-03-31
passieren,did you happen ?,Seit Monaten blockieren die USA Ölimporte nach Kuba – jetzt kann ein russischer Tanker passieren. Was das für die Versorgung der Insel bedeutet und warum Präsident Trump diesmal einlenkt.,2026-03-31
sovereign,sovereign,"Australiens meistgesuchter Täter, Dezi Freeman, wurde nach monatelanger Flucht gestellt und erschossen. Der radikale ""Sovereign Citizen"" soll zwei Polizisten getötet haben. Der Fall sorgte landesweit für Schlagzeilen.",2026-03-31
gestattet,Receiving area,"Ursprünglich war Ahmed al-Scharaas Besuch bereits im Januar geplant, musste aber verschoben werden. Die USA haben einem russischen Öltanker die Fahrt nach Kuba gestattet. Das Wichtigste in Kürze.",2026-03-31
bewahrung,.,"Der deutsche Verteidigungsminister ist nach Japan, Singapur und Australien gereist. Seine Mission: Die Bewahrung einer regelbasierten internationalen Ordnung - mit Mittelmächten als wichtigen Akteuren",2026-03-31
wichtigen,important,"Der deutsche Verteidigungsminister ist nach Japan, Singapur und Australien gereist. Seine Mission: Die Bewahrung einer regelbasierten internationalen Ordnung - mit Mittelmächten als wichtigen Akteuren",2026-03-31
bevölkerungsgruppen,Populations,"Die Hilfsorganisation will wachrütteln: Vor allem nichtarabische Bevölkerungsgruppen seien Opfer ""unvorstellbarer Brutalität"". Die Täter kämen oft aus den Reihen der RSF-Miliz.",2026-04-01
millionenmetropole,metropolis of millions,Kein Märchen: Durch die Millionenmetropole Hamburg stromert ein Wolf und beißt eine Frau. Es ist der erste Angriff auf einen Menschen seit Wiederansiedlung dieser Raubtierart in Deutschland.,2026-04-01
diskriminierenden,discriminatory,"Harsche Kritik: EU und Europarat weisen auf den ""diskriminierenden Charakter"" des Gesetzes hin und warnen vor der Aushöhlung demokratischer Grundsätze. Wird Brüssel Sanktionen gegen israelische Minister verhängen?",2026-04-01
wiederansiedlung,Resettlement,Kein Märchen: Durch die Millionenmetropole Hamburg stromert ein Wolf und beißt eine Frau. Es ist der erste Angriff auf einen Menschen seit Wiederansiedlung dieser Raubtierart in Deutschland.,2026-04-01
palästinensische,Palestinian,In Israel regt sich Widerstand gegen das Gesetz von Minister Ben-Gvir zur Todesstrafe für palästinensische Terroristen. UN-Generalsekretär Guterres verurteilt das Massaker einer Bande in Haiti. Das Wichtigste in Kürze.,2026-04-01
elektromobilität,electromobility,"Der weltweite Solarboom übertrifft alle Prognosen. Als günstigste Energiequelle treibt Photovoltaik in China, Europa und Afrika die Energiewende voran und revolutioniert auch das Heizen und die Elektromobilität.",2026-04-01
friedenstruppen,peacekeepers,Eigentlich sollten die Friedenstruppen im Südlibanon einen Puffer zwischen der Hisbollah und der israelischen Armee bilden. Doch nach dem Tod von drei indonesischen UNIFIL-Soldaten wächst die Kritik an Israel.,2026-04-01
unvorstellbarer,unimaginable,"Die Hilfsorganisation will wachrütteln: Vor allem nichtarabische Bevölkerungsgruppen seien Opfer ""unvorstellbarer Brutalität"". Die Täter kämen oft aus den Reihen der RSF-Miliz.",2026-04-01
generalsekretär,Secretary-General,In Israel regt sich Widerstand gegen das Gesetz von Minister Ben-Gvir zur Todesstrafe für palästinensische Terroristen. UN-Generalsekretär Guterres verurteilt das Massaker einer Bande in Haiti. Das Wichtigste in Kürze.,2026-04-01
nichtarabische,non-Arabic,"Die Hilfsorganisation will wachrütteln: Vor allem nichtarabische Bevölkerungsgruppen seien Opfer ""unvorstellbarer Brutalität"". Die Täter kämen oft aus den Reihen der RSF-Miliz.",2026-04-01
demokratischer,democratic,"Harsche Kritik: EU und Europarat weisen auf den ""diskriminierenden Charakter"" des Gesetzes hin und warnen vor der Aushöhlung demokratischer Grundsätze. Wird Brüssel Sanktionen gegen israelische Minister verhängen?",2026-04-01
revolutioniert,anatomy \& physiology.,"Der weltweite Solarboom übertrifft alle Prognosen. Als günstigste Energiequelle treibt Photovoltaik in China, Europa und Afrika die Energiewende voran und revolutioniert auch das Heizen und die Elektromobilität.",2026-04-01
indonesischen,indonesian,Eigentlich sollten die Friedenstruppen im Südlibanon einen Puffer zwischen der Hisbollah und der israelischen Armee bilden. Doch nach dem Tod von drei indonesischen UNIFIL-Soldaten wächst die Kritik an Israel.,2026-04-01
energiewende,Energy revolution,"Der weltweite Solarboom übertrifft alle Prognosen. Als günstigste Energiequelle treibt Photovoltaik in China, Europa und Afrika die Energiewende voran und revolutioniert auch das Heizen und die Elektromobilität.",2026-04-01
terrormiliz,terrorist militia,Im Kampf gegen die Terrormiliz Hisbollah hat Israels Armee fünf Brücken über den Fluss Litani zerstört. Hunderttausende aus dem Südlibanon geflüchtete Einwohner dürfen vorerst nicht zurückkehren.,2026-04-01
geflüchtete,Refugees,Im Kampf gegen die Terrormiliz Hisbollah hat Israels Armee fünf Brücken über den Fluss Litani zerstört. Hunderttausende aus dem Südlibanon geflüchtete Einwohner dürfen vorerst nicht zurückkehren.,2026-04-01
wachrütteln,Shake Them Up,"Die Hilfsorganisation will wachrütteln: Vor allem nichtarabische Bevölkerungsgruppen seien Opfer ""unvorstellbarer Brutalität"". Die Täter kämen oft aus den Reihen der RSF-Miliz.",2026-04-01
raubtierart,predator species,Kein Märchen: Durch die Millionenmetropole Hamburg stromert ein Wolf und beißt eine Frau. Es ist der erste Angriff auf einen Menschen seit Wiederansiedlung dieser Raubtierart in Deutschland.,2026-04-01
terroristen,Terrorists,In Israel regt sich Widerstand gegen das Gesetz von Minister Ben-Gvir zur Todesstrafe für palästinensische Terroristen. UN-Generalsekretär Guterres verurteilt das Massaker einer Bande in Haiti. Das Wichtigste in Kürze.,2026-04-01
südlibanon,south Lebanon,Eigentlich sollten die Friedenstruppen im Südlibanon einen Puffer zwischen der Hisbollah und der israelischen Armee bilden. Doch nach dem Tod von drei indonesischen UNIFIL-Soldaten wächst die Kritik an Israel.,2026-04-01
brutalität,brutality,"Die Hilfsorganisation will wachrütteln: Vor allem nichtarabische Bevölkerungsgruppen seien Opfer ""unvorstellbarer Brutalität"". Die Täter kämen oft aus den Reihen der RSF-Miliz.",2026-04-01
widerstand,resistor,In Israel regt sich Widerstand gegen das Gesetz von Minister Ben-Gvir zur Todesstrafe für palästinensische Terroristen. UN-Generalsekretär Guterres verurteilt das Massaker einer Bande in Haiti. Das Wichtigste in Kürze.,2026-04-01
grundsätze,Principles,"Harsche Kritik: EU und Europarat weisen auf den ""diskriminierenden Charakter"" des Gesetzes hin und warnen vor der Aushöhlung demokratischer Grundsätze. Wird Brüssel Sanktionen gegen israelische Minister verhängen?",2026-04-01
europarat,Council of Europe,"Harsche Kritik: EU und Europarat weisen auf den ""diskriminierenden Charakter"" des Gesetzes hin und warnen vor der Aushöhlung demokratischer Grundsätze. Wird Brüssel Sanktionen gegen israelische Minister verhängen?",2026-04-01
charakter,Character,"Harsche Kritik: EU und Europarat weisen auf den ""diskriminierenden Charakter"" des Gesetzes hin und warnen vor der Aushöhlung demokratischer Grundsätze. Wird Brüssel Sanktionen gegen israelische Minister verhängen?",2026-04-01
verhängen,Impose,"Harsche Kritik: EU und Europarat weisen auf den ""diskriminierenden Charakter"" des Gesetzes hin und warnen vor der Aushöhlung demokratischer Grundsätze. Wird Brüssel Sanktionen gegen israelische Minister verhängen?",2026-04-01
solarboom,solar tree,"Der weltweite Solarboom übertrifft alle Prognosen. Als günstigste Energiequelle treibt Photovoltaik in China, Europa und Afrika die Energiewende voran und revolutioniert auch das Heizen und die Elektromobilität.",2026-04-01
prognosen,Forecasts,"Der weltweite Solarboom übertrifft alle Prognosen. Als günstigste Energiequelle treibt Photovoltaik in China, Europa und Afrika die Energiewende voran und revolutioniert auch das Heizen und die Elektromobilität.",2026-04-01
soldaten,Army soldiers.,Eigentlich sollten die Friedenstruppen im Südlibanon einen Puffer zwischen der Hisbollah und der israelischen Armee bilden. Doch nach dem Tod von drei indonesischen UNIFIL-Soldaten wächst die Kritik an Israel.,2026-04-01
zerstört,wreckes,Im Kampf gegen die Terrormiliz Hisbollah hat Israels Armee fünf Brücken über den Fluss Litani zerstört. Hunderttausende aus dem Südlibanon geflüchtete Einwohner dürfen vorerst nicht zurückkehren.,2026-04-01
stromert,streams,Kein Märchen: Durch die Millionenmetropole Hamburg stromert ein Wolf und beißt eine Frau. Es ist der erste Angriff auf einen Menschen seit Wiederansiedlung dieser Raubtierart in Deutschland.,2026-04-01
weltmeisterschaft,World championship,Bosnien-Herzegowina schlägt in den WM-Playoffs sensationell Italien und qualifiziert sich zum zweiten Mal überhaupt für eine Fußball-Weltmeisterschaft. Den Weg ebnen auch viele bekannte Gesichter aus der Bundesliga.,2026-04-02
brennstoffpreise,fuel prices,Eine russische Militärmaschine ist auf der Krim abgestürzt: Offenbar gibt es keine Überlebenden. Die EU wappnet sich für hohe Brennstoffpreise durch den Iran-Krieg. Das Wichtigste in Kürze.,2026-04-02
militärmaschine,military machine,Eine russische Militärmaschine ist auf der Krim abgestürzt: Offenbar gibt es keine Überlebenden. Die EU wappnet sich für hohe Brennstoffpreise durch den Iran-Krieg. Das Wichtigste in Kürze.,2026-04-02
sicherheitszone,Security zone,"Der Konflikt an der sogenannten ""Durand-Linie"", der afghanisch-pakistanischen Grenze, eskaliert. Berichte über eine Sicherheitszone und zivile Opfer sorgen für neue Spannungen. Haben Aufrufe zur Waffenruhe eine Wirkung?",2026-04-02
zwischenwahlen,midterm elections,Im Vorfeld der wichtigen Zwischenwahlen zum US-Kongress treibt Präsident Trump die Beschränkung des Wahlrechts voran. Bürgerrechtler und Demokraten reagieren umgehend.,2026-04-02
bürgerrechtler,civil rights activist,Im Vorfeld der wichtigen Zwischenwahlen zum US-Kongress treibt Präsident Trump die Beschränkung des Wahlrechts voran. Bürgerrechtler und Demokraten reagieren umgehend.,2026-04-02
pakistanischen,Pakistani,"Der Konflikt an der sogenannten ""Durand-Linie"", der afghanisch-pakistanischen Grenze, eskaliert. Berichte über eine Sicherheitszone und zivile Opfer sorgen für neue Spannungen. Haben Aufrufe zur Waffenruhe eine Wirkung?",2026-04-02
handelsströme,Traffic flows,"Ein Jahr nach Trumps Zollhammer am ""Tag der Befreiung"" haben sich die globalen Handelsströme verändert. Handelsdaten zeigen, welche Länder profitierten, wer Verluste erlitt - und wer die Kosten trägt.",2026-04-02
volkszählung,Census,In Indien ist die erste Volkszählung seit 15 Jahren angelaufen. Mehr als drei Millionen Helfer sind im Einsatz. Es ist der größte Zensus weltweit.,2026-04-02
beschränkung,Limit,Im Vorfeld der wichtigen Zwischenwahlen zum US-Kongress treibt Präsident Trump die Beschränkung des Wahlrechts voran. Bürgerrechtler und Demokraten reagieren umgehend.,2026-04-02
handelsdaten,trade data,"Ein Jahr nach Trumps Zollhammer am ""Tag der Befreiung"" haben sich die globalen Handelsströme verändert. Handelsdaten zeigen, welche Länder profitierten, wer Verluste erlitt - und wer die Kosten trägt.",2026-04-02
profitierten,A. Berle.,"Ein Jahr nach Trumps Zollhammer am ""Tag der Befreiung"" haben sich die globalen Handelsströme verändert. Handelsdaten zeigen, welche Länder profitierten, wer Verluste erlitt - und wer die Kosten trägt.",2026-04-02
krebsrisiken,cancer risks,"E‑Zigaretten gelten oft noch als weniger schädlich als Tabak - doch die Hinweise auf mögliche Krebsrisiken nehmen zu, wie eine neue Analyse zeigt. Doch warum steht eine klare Bewertung immer noch aus?",2026-04-02
sensationell,sensational,Bosnien-Herzegowina schlägt in den WM-Playoffs sensationell Italien und qualifiziert sich zum zweiten Mal überhaupt für eine Fußball-Weltmeisterschaft. Den Weg ebnen auch viele bekannte Gesichter aus der Bundesliga.,2026-04-02
qualifiziert,by qualified personnel,Bosnien-Herzegowina schlägt in den WM-Playoffs sensationell Italien und qualifiziert sich zum zweiten Mal überhaupt für eine Fußball-Weltmeisterschaft. Den Weg ebnen auch viele bekannte Gesichter aus der Bundesliga.,2026-04-02
versprochen,promised,CDU/CSU und SPD haben den Wählern viel versprochen. Doch laut Umfragen sind die Bürger schwer enttäuscht und haben nur noch wenig Hoffnung auf Besserung.,2026-04-02
sogenannten,so-called,"Der Konflikt an der sogenannten ""Durand-Linie"", der afghanisch-pakistanischen Grenze, eskaliert. Berichte über eine Sicherheitszone und zivile Opfer sorgen für neue Spannungen. Haben Aufrufe zur Waffenruhe eine Wirkung?",2026-04-02
herzegowina,Herzegovina,Bosnien-Herzegowina schlägt in den WM-Playoffs sensationell Italien und qualifiziert sich zum zweiten Mal überhaupt für eine Fußball-Weltmeisterschaft. Den Weg ebnen auch viele bekannte Gesichter aus der Bundesliga.,2026-04-02
enttäuscht,disappointed,CDU/CSU und SPD haben den Wählern viel versprochen. Doch laut Umfragen sind die Bürger schwer enttäuscht und haben nur noch wenig Hoffnung auf Besserung.,2026-04-02
angelaufen,"26,590",In Indien ist die erste Volkszählung seit 15 Jahren angelaufen. Mehr als drei Millionen Helfer sind im Einsatz. Es ist der größte Zensus weltweit.,2026-04-02
wahlrechts,right to vote,Im Vorfeld der wichtigen Zwischenwahlen zum US-Kongress treibt Präsident Trump die Beschränkung des Wahlrechts voran. Bürgerrechtler und Demokraten reagieren umgehend.,2026-04-02
abgestürzt,crashed,Eine russische Militärmaschine ist auf der Krim abgestürzt: Offenbar gibt es keine Überlebenden. Die EU wappnet sich für hohe Brennstoffpreise durch den Iran-Krieg. Das Wichtigste in Kürze.,2026-04-02
zollhammer,customs hammer,"Ein Jahr nach Trumps Zollhammer am ""Tag der Befreiung"" haben sich die globalen Handelsströme verändert. Handelsdaten zeigen, welche Länder profitierten, wer Verluste erlitt - und wer die Kosten trägt.",2026-04-02
zigaretten,Cigarettes,"E‑Zigaretten gelten oft noch als weniger schädlich als Tabak - doch die Hinweise auf mögliche Krebsrisiken nehmen zu, wie eine neue Analyse zeigt. Doch warum steht eine klare Bewertung immer noch aus?",2026-04-02
afghanisch,Afghanistani,"Der Konflikt an der sogenannten ""Durand-Linie"", der afghanisch-pakistanischen Grenze, eskaliert. Berichte über eine Sicherheitszone und zivile Opfer sorgen für neue Spannungen. Haben Aufrufe zur Waffenruhe eine Wirkung?",2026-04-02
waffenruhe,Ceasefire,"Der Konflikt an der sogenannten ""Durand-Linie"", der afghanisch-pakistanischen Grenze, eskaliert. Berichte über eine Sicherheitszone und zivile Opfer sorgen für neue Spannungen. Haben Aufrufe zur Waffenruhe eine Wirkung?",2026-04-02
besserung,these medications.,CDU/CSU und SPD haben den Wählern viel versprochen. Doch laut Umfragen sind die Bürger schwer enttäuscht und haben nur noch wenig Hoffnung auf Besserung.,2026-04-02
reagieren,to react,Im Vorfeld der wichtigen Zwischenwahlen zum US-Kongress treibt Präsident Trump die Beschränkung des Wahlrechts voran. Bürgerrechtler und Demokraten reagieren umgehend.,2026-04-02
befreiung,Exemption,"Ein Jahr nach Trumps Zollhammer am ""Tag der Befreiung"" haben sich die globalen Handelsströme verändert. Handelsdaten zeigen, welche Länder profitierten, wer Verluste erlitt - und wer die Kosten trägt.",2026-04-02
schädlich,pesky,"E‑Zigaretten gelten oft noch als weniger schädlich als Tabak - doch die Hinweise auf mögliche Krebsrisiken nehmen zu, wie eine neue Analyse zeigt. Doch warum steht eine klare Bewertung immer noch aus?",2026-04-02
bewertung,assessment,"E‑Zigaretten gelten oft noch als weniger schädlich als Tabak - doch die Hinweise auf mögliche Krebsrisiken nehmen zu, wie eine neue Analyse zeigt. Doch warum steht eine klare Bewertung immer noch aus?",2026-04-02
karnevalswagenbauer,carnival wagon builder,"Das Gericht in Russland erklärte, der Karnevalswagenbauer habe religiöse Gefühle verletzt und Falschnachrichten über die russischen Streitkräfte verbreitet. Hintergrund ist Tillys satirische Kritik an Kremlchef Putin.",2026-04-03
falschnachrichten,Fake news,"Das Gericht in Russland erklärte, der Karnevalswagenbauer habe religiöse Gefühle verletzt und Falschnachrichten über die russischen Streitkräfte verbreitet. Hintergrund ist Tillys satirische Kritik an Kremlchef Putin.",2026-04-03
lebenswichtigen,vital,Blockaden in der Straße von Hormus machen den Südkaukasus zur lebenswichtigen Handelsroute zwischen Asien und Europa. Aserbaidschan profitiert strategisch von dieser Verschiebung im Schatten des Iran-Konflikts.,2026-04-03
logistikrouten,Logistics Routes,Seit Jahrzehnten verharrten die Länder in Feindschaft und schotteten sich ab. Nach der jüngsten Annäherung hofft die türkische Wirtschaft auf gute Geschäfte. Neue Logistikrouten könnten der Region Aufschwung bringen.,2026-04-03
strafmaßnahmen,Penalties,Die USA heben Strafmaßnahmen gegen Delcy Rodríguez auf und setzen damit ihren Kurs der Annäherung fort. Trotz wirtschaftlicher Öffnung bleibt ein politischer Wandel in Venezuela bislang aber aus.,2026-04-03
vermeintlichen,supposed,"US-Präsident Donald Trump versucht, Südafrika diplomatisch auszubooten und will weiße Südafrikaner vor einem vermeintlichen Genozid retten. Auch neue Entwicklungen vertiefen den Graben zwischen beiden Ländern.",2026-04-03
aserbaidschan,Azerbaijan,Blockaden in der Straße von Hormus machen den Südkaukasus zur lebenswichtigen Handelsroute zwischen Asien und Europa. Aserbaidschan profitiert strategisch von dieser Verschiebung im Schatten des Iran-Konflikts.,2026-04-03
entwicklungen,Developments,"US-Präsident Donald Trump versucht, Südafrika diplomatisch auszubooten und will weiße Südafrikaner vor einem vermeintlichen Genozid retten. Auch neue Entwicklungen vertiefen den Graben zwischen beiden Ländern.",2026-04-03
verschiebung,Displacement,Blockaden in der Straße von Hormus machen den Südkaukasus zur lebenswichtigen Handelsroute zwischen Asien und Europa. Aserbaidschan profitiert strategisch von dieser Verschiebung im Schatten des Iran-Konflikts.,2026-04-03
dauereinsatz,Continuous use,"Wetter-Alarm in der Ägäis: Die Feuerwehr ist im Dauereinsatz, Flüge wurden gestrichen, der Fährbetrieb weitgehend gestoppt - und der Himmel leuchtet plötzlich orangerot. Noch gibt es keine Entwarnung.",2026-04-03
diplomatisch,Diplomatic,"US-Präsident Donald Trump versucht, Südafrika diplomatisch auszubooten und will weiße Südafrikaner vor einem vermeintlichen Genozid retten. Auch neue Entwicklungen vertiefen den Graben zwischen beiden Ländern.",2026-04-03
südafrikaner,south African,"US-Präsident Donald Trump versucht, Südafrika diplomatisch auszubooten und will weiße Südafrikaner vor einem vermeintlichen Genozid retten. Auch neue Entwicklungen vertiefen den Graben zwischen beiden Ländern.",2026-04-03
feindschaft,Inimical,Seit Jahrzehnten verharrten die Länder in Feindschaft und schotteten sich ab. Nach der jüngsten Annäherung hofft die türkische Wirtschaft auf gute Geschäfte. Neue Logistikrouten könnten der Region Aufschwung bringen.,2026-04-03
südkaukasus,Transcaucasia,Blockaden in der Straße von Hormus machen den Südkaukasus zur lebenswichtigen Handelsroute zwischen Asien und Europa. Aserbaidschan profitiert strategisch von dieser Verschiebung im Schatten des Iran-Konflikts.,2026-04-03
strategisch,strategic,Blockaden in der Straße von Hormus machen den Südkaukasus zur lebenswichtigen Handelsroute zwischen Asien und Europa. Aserbaidschan profitiert strategisch von dieser Verschiebung im Schatten des Iran-Konflikts.,2026-04-03
armenisches,armenian,"An der Grenze zu Aserbaidschan, die mitten durch ein armenisches Dorf verläuft, steht nun eine Mauer. Wie verändert sie das Leben der Menschen und wie sicher ist der Frieden in der Region? Ein DW-Reporter war vor Ort.",2026-04-03
fährbetrieb,ferry operation,"Wetter-Alarm in der Ägäis: Die Feuerwehr ist im Dauereinsatz, Flüge wurden gestrichen, der Fährbetrieb weitgehend gestoppt - und der Himmel leuchtet plötzlich orangerot. Noch gibt es keine Entwarnung.",2026-04-03
politischer,political,Die USA heben Strafmaßnahmen gegen Delcy Rodríguez auf und setzen damit ihren Kurs der Annäherung fort. Trotz wirtschaftlicher Öffnung bleibt ein politischer Wandel in Venezuela bislang aber aus.,2026-04-03
astronauten,ASTRONAUTS,US-Präsident Trump wendet sich in einer Rede an die Nation. Erstmals seit mehr als 50 Jahren machen sich wieder Astronauten auf den Weg zum Mond. Das Wichtigste in Kürze.,2026-04-03
auszubooten,to boot out,"US-Präsident Donald Trump versucht, Südafrika diplomatisch auszubooten und will weiße Südafrikaner vor einem vermeintlichen Genozid retten. Auch neue Entwicklungen vertiefen den Graben zwischen beiden Ländern.",2026-04-03
verharrten,perennial,Seit Jahrzehnten verharrten die Länder in Feindschaft und schotteten sich ab. Nach der jüngsten Annäherung hofft die türkische Wirtschaft auf gute Geschäfte. Neue Logistikrouten könnten der Region Aufschwung bringen.,2026-04-03
schotteten,bulkheads,Seit Jahrzehnten verharrten die Länder in Feindschaft und schotteten sich ab. Nach der jüngsten Annäherung hofft die türkische Wirtschaft auf gute Geschäfte. Neue Logistikrouten könnten der Region Aufschwung bringen.,2026-04-03
annäherung,Rapprochement,Seit Jahrzehnten verharrten die Länder in Feindschaft und schotteten sich ab. Nach der jüngsten Annäherung hofft die türkische Wirtschaft auf gute Geschäfte. Neue Logistikrouten könnten der Region Aufschwung bringen.,2026-04-03
profitiert,benefits,Blockaden in der Straße von Hormus machen den Südkaukasus zur lebenswichtigen Handelsroute zwischen Asien und Europa. Aserbaidschan profitiert strategisch von dieser Verschiebung im Schatten des Iran-Konflikts.,2026-04-03
satirische,satirical,"Das Gericht in Russland erklärte, der Karnevalswagenbauer habe religiöse Gefühle verletzt und Falschnachrichten über die russischen Streitkräfte verbreitet. Hintergrund ist Tillys satirische Kritik an Kremlchef Putin.",2026-04-03
gestrichen,deleted,"Wetter-Alarm in der Ägäis: Die Feuerwehr ist im Dauereinsatz, Flüge wurden gestrichen, der Fährbetrieb weitgehend gestoppt - und der Himmel leuchtet plötzlich orangerot. Noch gibt es keine Entwarnung.",2026-04-03
entwarnung,all-clear,"Wetter-Alarm in der Ägäis: Die Feuerwehr ist im Dauereinsatz, Flüge wurden gestrichen, der Fährbetrieb weitgehend gestoppt - und der Himmel leuchtet plötzlich orangerot. Noch gibt es keine Entwarnung.",2026-04-03
menschheit,Mankind,"""Wir fliegen für die Menschheit"": Die Artemis 2-Crew ist auf dem Weg zum Mond. Mit dem Start der Orion-Kapsel läutet die NASA eine neue Ära der Raumfahrt ein.",2026-04-03
türkische,Turkish,Seit Jahrzehnten verharrten die Länder in Feindschaft und schotteten sich ab. Nach der jüngsten Annäherung hofft die türkische Wirtschaft auf gute Geschäfte. Neue Logistikrouten könnten der Region Aufschwung bringen.,2026-04-03
geschäfte,business,Seit Jahrzehnten verharrten die Länder in Feindschaft und schotteten sich ab. Nach der jüngsten Annäherung hofft die türkische Wirtschaft auf gute Geschäfte. Neue Logistikrouten könnten der Region Aufschwung bringen.,2026-04-03
blockaden,HOLDS,Blockaden in der Straße von Hormus machen den Südkaukasus zur lebenswichtigen Handelsroute zwischen Asien und Europa. Aserbaidschan profitiert strategisch von dieser Verschiebung im Schatten des Iran-Konflikts.,2026-04-03
religiöse,religious,"Das Gericht in Russland erklärte, der Karnevalswagenbauer habe religiöse Gefühle verletzt und Falschnachrichten über die russischen Streitkräfte verbreitet. Hintergrund ist Tillys satirische Kritik an Kremlchef Putin.",2026-04-03
kremlchef,kremlin chief,"Das Gericht in Russland erklärte, der Karnevalswagenbauer habe religiöse Gefühle verletzt und Falschnachrichten über die russischen Streitkräfte verbreitet. Hintergrund ist Tillys satirische Kritik an Kremlchef Putin.",2026-04-03
feuerwehr,Fire Brigade,"Wetter-Alarm in der Ägäis: Die Feuerwehr ist im Dauereinsatz, Flüge wurden gestrichen, der Fährbetrieb weitgehend gestoppt - und der Himmel leuchtet plötzlich orangerot. Noch gibt es keine Entwarnung.",2026-04-03
plötzlich,suddenly,"Wetter-Alarm in der Ägäis: Die Feuerwehr ist im Dauereinsatz, Flüge wurden gestrichen, der Fährbetrieb weitgehend gestoppt - und der Himmel leuchtet plötzlich orangerot. Noch gibt es keine Entwarnung.",2026-04-03
orangerot,Orange-red,"Wetter-Alarm in der Ägäis: Die Feuerwehr ist im Dauereinsatz, Flüge wurden gestrichen, der Fährbetrieb weitgehend gestoppt - und der Himmel leuchtet plötzlich orangerot. Noch gibt es keine Entwarnung.",2026-04-03
venezuela,VENEZUELA,Die USA heben Strafmaßnahmen gegen Delcy Rodríguez auf und setzen damit ihren Kurs der Annäherung fort. Trotz wirtschaftlicher Öffnung bleibt ein politischer Wandel in Venezuela bislang aber aus.,2026-04-03
raumfahrt,Space,"""Wir fliegen für die Menschheit"": Die Artemis 2-Crew ist auf dem Weg zum Mond. Mit dem Start der Orion-Kapsel läutet die NASA eine neue Ära der Raumfahrt ein.",2026-04-03
südafrika,South Africa,"US-Präsident Donald Trump versucht, Südafrika diplomatisch auszubooten und will weiße Südafrikaner vor einem vermeintlichen Genozid retten. Auch neue Entwicklungen vertiefen den Graben zwischen beiden Ländern.",2026-04-03
vertiefen,did they not deepen ?,"US-Präsident Donald Trump versucht, Südafrika diplomatisch auszubooten und will weiße Südafrikaner vor einem vermeintlichen Genozid retten. Auch neue Entwicklungen vertiefen den Graben zwischen beiden Ländern.",2026-04-03
jüngsten,youngest.,Seit Jahrzehnten verharrten die Länder in Feindschaft und schotteten sich ab. Nach der jüngsten Annäherung hofft die türkische Wirtschaft auf gute Geschäfte. Neue Logistikrouten könnten der Region Aufschwung bringen.,2026-04-03
sprengvorrichtungen,blasting devices,"Ein 20-Jähriger soll in einem Schnellzug auf dem Weg nach Frankfurt Sprengvorrichtungen gezündet und dabei Reisende verletzt haben. Der Verdächtige wurde festgenommen, die Hintergründe der Tat sind weiterhin unklar.",2026-04-04
sicherheitsdilemma,safety dilemma,"Teherans ""Achse des Widerstands"" ist auch im Irak aktiv. Milizen greifen Ölfelder, Hotels sowie militärische US-Einrichtungen im Land an. Die USA bomben zurück. Einblicke in Bagdads Sicherheitsdilemma.",2026-04-04
oberbefehlshaber,Commander-in-chief,Erst kürzlich war der seit Jahren faktisch regierende Militärjunta-Chef Min Aung Hlaing als Oberbefehlshaber zurückgetreten. Nun ist er der neue Staatschef Myanmars.,2026-04-04
generalstabschef,Chief of the Defence Staff,"In den USA müssen Justizministerin Bondi und der Generalstabschef des Heeres, Randy George, auf Druck ihre Posten abgeben. Im Iran wird die bedeutende Autobahnbrücke B1 zerstört. Das Wichtigste in Kürze.",2026-04-04
wirtschaftliches,economic,"K-Beauty ist mehr als ein Kosmetiktrend: Südkorea verbindet Popkultur, Innovation und staatliche Strategie zu einem globalen Erfolgsmodell - und nutzt Schönheit gezielt als wirtschaftliches und politisches Instrument.",2026-04-04
schutzmaßnahmen,Protective measures,Nach einem Cyberangriff auf die Uffizien in Florenz wächst die Angst vor einem Überfall: Täter erbeuten sensible Daten zu Alarmanlagen und Lageplänen. Italiens berühmte Galerie verstärkt ihre Schutzmaßnahmen.,2026-04-04
veröffentlicht,published,Ein Angriff auf Irans größte Brücke fordert Tote und Verletzte. US-Präsident Donald Trump veröffentlicht ein Video zum Einschlag und droht mit weiteren Angriffen auf Infrastruktur. Teheran reagiert scharf.,2026-04-04
zurückgetreten,oil exports.,Erst kürzlich war der seit Jahren faktisch regierende Militärjunta-Chef Min Aung Hlaing als Oberbefehlshaber zurückgetreten. Nun ist er der neue Staatschef Myanmars.,2026-04-04
autobahnbrücke,motorway bridge,"In den USA müssen Justizministerin Bondi und der Generalstabschef des Heeres, Randy George, auf Druck ihre Posten abgeben. Im Iran wird die bedeutende Autobahnbrücke B1 zerstört. Das Wichtigste in Kürze.",2026-04-04
kosmetiktrend,cosmetics trend,"K-Beauty ist mehr als ein Kosmetiktrend: Südkorea verbindet Popkultur, Innovation und staatliche Strategie zu einem globalen Erfolgsmodell - und nutzt Schönheit gezielt als wirtschaftliches und politisches Instrument.",2026-04-04
erfolgsmodell,series-produced model.,"K-Beauty ist mehr als ein Kosmetiktrend: Südkorea verbindet Popkultur, Innovation und staatliche Strategie zu einem globalen Erfolgsmodell - und nutzt Schönheit gezielt als wirtschaftliches und politisches Instrument.",2026-04-04
rechtfertigt,it ennobling.,"Während der Gegenwind zunimmt, rechtfertigt der US-Präsident in einer Rede an die Nation erneut den Krieg gegen den Iran. Doch viele Fragen bleiben offen. Wie also kommt Trump raus aus diesem Krieg?",2026-04-04
festgenommen,"it called ""security reasons.""","Ein 20-Jähriger soll in einem Schnellzug auf dem Weg nach Frankfurt Sprengvorrichtungen gezündet und dabei Reisende verletzt haben. Der Verdächtige wurde festgenommen, die Hintergründe der Tat sind weiterhin unklar.",2026-04-04
hintergründe,Backgrounds,"Ein 20-Jähriger soll in einem Schnellzug auf dem Weg nach Frankfurt Sprengvorrichtungen gezündet und dabei Reisende verletzt haben. Der Verdächtige wurde festgenommen, die Hintergründe der Tat sind weiterhin unklar.",2026-04-04
militärjunta,military junta,Erst kürzlich war der seit Jahren faktisch regierende Militärjunta-Chef Min Aung Hlaing als Oberbefehlshaber zurückgetreten. Nun ist er der neue Staatschef Myanmars.,2026-04-04
cyberangriff,Cyber attacks,Nach einem Cyberangriff auf die Uffizien in Florenz wächst die Angst vor einem Überfall: Täter erbeuten sensible Daten zu Alarmanlagen und Lageplänen. Italiens berühmte Galerie verstärkt ihre Schutzmaßnahmen.,2026-04-04
alarmanlagen,Alarm systems,Nach einem Cyberangriff auf die Uffizien in Florenz wächst die Angst vor einem Überfall: Täter erbeuten sensible Daten zu Alarmanlagen und Lageplänen. Italiens berühmte Galerie verstärkt ihre Schutzmaßnahmen.,2026-04-04
widerstands,resistance,"Teherans ""Achse des Widerstands"" ist auch im Irak aktiv. Milizen greifen Ölfelder, Hotels sowie militärische US-Einrichtungen im Land an. Die USA bomben zurück. Einblicke in Bagdads Sicherheitsdilemma.",2026-04-04
politisches,Political,"K-Beauty ist mehr als ein Kosmetiktrend: Südkorea verbindet Popkultur, Innovation und staatliche Strategie zu einem globalen Erfolgsmodell - und nutzt Schönheit gezielt als wirtschaftliches und politisches Instrument.",2026-04-04
schnellzug,Express train,"Ein 20-Jähriger soll in einem Schnellzug auf dem Weg nach Frankfurt Sprengvorrichtungen gezündet und dabei Reisende verletzt haben. Der Verdächtige wurde festgenommen, die Hintergründe der Tat sind weiterhin unklar.",2026-04-04
regierende,governing,Erst kürzlich war der seit Jahren faktisch regierende Militärjunta-Chef Min Aung Hlaing als Oberbefehlshaber zurückgetreten. Nun ist er der neue Staatschef Myanmars.,2026-04-04
lageplänen,site plans,Nach einem Cyberangriff auf die Uffizien in Florenz wächst die Angst vor einem Überfall: Täter erbeuten sensible Daten zu Alarmanlagen und Lageplänen. Italiens berühmte Galerie verstärkt ihre Schutzmaßnahmen.,2026-04-04
bedeutende,Significant,"In den USA müssen Justizministerin Bondi und der Generalstabschef des Heeres, Randy George, auf Druck ihre Posten abgeben. Im Iran wird die bedeutende Autobahnbrücke B1 zerstört. Das Wichtigste in Kürze.",2026-04-04
innovation,innovation,"K-Beauty ist mehr als ein Kosmetiktrend: Südkorea verbindet Popkultur, Innovation und staatliche Strategie zu einem globalen Erfolgsmodell - und nutzt Schönheit gezielt als wirtschaftliches und politisches Instrument.",2026-04-04
staatliche,State,"K-Beauty ist mehr als ein Kosmetiktrend: Südkorea verbindet Popkultur, Innovation und staatliche Strategie zu einem globalen Erfolgsmodell - und nutzt Schönheit gezielt als wirtschaftliches und politisches Instrument.",2026-04-04
ständiger,pert,"Fatme A. hatte ein stabiles Leben in Beirut: Dann begann der Krieg und sie musste fliehen. Während die Bomben weiter fallen, versucht sie, vor allem eines zu schützen: ihre Tochter, die unter ständiger Angst leidet.",2026-04-04
einblicke,Insights,"Teherans ""Achse des Widerstands"" ist auch im Irak aktiv. Milizen greifen Ölfelder, Hotels sowie militärische US-Einrichtungen im Land an. Die USA bomben zurück. Einblicke in Bagdads Sicherheitsdilemma.",2026-04-04
einschlag,steering angle,Ein Angriff auf Irans größte Brücke fordert Tote und Verletzte. US-Präsident Donald Trump veröffentlicht ein Video zum Einschlag und droht mit weiteren Angriffen auf Infrastruktur. Teheran reagiert scharf.,2026-04-04
gegenwind,Tailwind,"Während der Gegenwind zunimmt, rechtfertigt der US-Präsident in einer Rede an die Nation erneut den Krieg gegen den Iran. Doch viele Fragen bleiben offen. Wie also kommt Trump raus aus diesem Krieg?",2026-04-04
verbindet,verbindet,"K-Beauty ist mehr als ein Kosmetiktrend: Südkorea verbindet Popkultur, Innovation und staatliche Strategie zu einem globalen Erfolgsmodell - und nutzt Schönheit gezielt als wirtschaftliches und politisches Instrument.",2026-04-04
popkultur,Popular culture,"K-Beauty ist mehr als ein Kosmetiktrend: Südkorea verbindet Popkultur, Innovation und staatliche Strategie zu einem globalen Erfolgsmodell - und nutzt Schönheit gezielt als wirtschaftliches und politisches Instrument.",2026-04-04
schönheit,beauty,"K-Beauty ist mehr als ein Kosmetiktrend: Südkorea verbindet Popkultur, Innovation und staatliche Strategie zu einem globalen Erfolgsmodell - und nutzt Schönheit gezielt als wirtschaftliches und politisches Instrument.",2026-04-04
stabiles,Stable,"Fatme A. hatte ein stabiles Leben in Beirut: Dann begann der Krieg und sie musste fliehen. Während die Bomben weiter fallen, versucht sie, vor allem eines zu schützen: ihre Tochter, die unter ständiger Angst leidet.",2026-04-04
teherans,teherans,"Teherans ""Achse des Widerstands"" ist auch im Irak aktiv. Milizen greifen Ölfelder, Hotels sowie militärische US-Einrichtungen im Land an. Die USA bomben zurück. Einblicke in Bagdads Sicherheitsdilemma.",2026-04-04
militärmaschinen,military machinery,"Der Abschuss mehrerer US-Militärmaschinen durch iranische Streitkräfte ist ein herber Rückschlag für die USA. Nun droht US-Präsident Donald Trump dem Iran damit, dass dort demnächst die Hölle losbrechen wird.",2026-04-05
friedensbewegung,Peace movement,Deutschlands Friedensbewegung begibt sich auf die traditionellen Ostermärsche. Werden in diesem Jahr wegen der Kriege im Iran und der Ukraine mehr Menschen auf die Straße gehen?,2026-04-05
militäreinsatz,military operation,"Nach Angaben aus Washington lief die Bergung im Iran unter höchstem Risiko und mit massivem Militäreinsatz. Berichte sprechen von Gefechten vor Ort, während beide Seiten ihre Drohungen weiter verschärfen.",2026-04-05
gegenangriffen,counterattacks,Russlands Attacken auf die Ukraine lassen nicht nach. Die wehrt sich mit Gegenangriffen - teils weit im russischen Hinterland. Es gibt tote und verletzte Zivilisten auf beiden Seiten.,2026-04-05
traditionellen,Traditional,Deutschlands Friedensbewegung begibt sich auf die traditionellen Ostermärsche. Werden in diesem Jahr wegen der Kriege im Iran und der Ukraine mehr Menschen auf die Straße gehen?,2026-04-05
abgeschossen,shot down,Seit Beginn des russischen Angriffskriegs wurden in keinem Monat mehr Angriffe auf die Ukraine gezählt als im März. Der Iran hat zum ersten Mal einen Kampfjet der USA abgeschossen. Das Wichtigste in Kürze.,2026-04-05
ostermärsche,easter marches,Deutschlands Friedensbewegung begibt sich auf die traditionellen Ostermärsche. Werden in diesem Jahr wegen der Kriege im Iran und der Ukraine mehr Menschen auf die Straße gehen?,2026-04-05
amalfiküste,The Amalfi Coast,"Roberto Mazzarella war seit Januar vergangenen Jahres auf der Flucht. Er wurde wegen Mordes gesucht. Wie jetzt herauskam ""versteckte"" er sich an Italiens mondäner Amalfiküste.",2026-04-05
rückschlag,Setback,"Der Abschuss mehrerer US-Militärmaschinen durch iranische Streitkräfte ist ein herber Rückschlag für die USA. Nun droht US-Präsident Donald Trump dem Iran damit, dass dort demnächst die Hölle losbrechen wird.",2026-04-05
losbrechen,breakaway,"Der Abschuss mehrerer US-Militärmaschinen durch iranische Streitkräfte ist ein herber Rückschlag für die USA. Nun droht US-Präsident Donald Trump dem Iran damit, dass dort demnächst die Hölle losbrechen wird.",2026-04-05
mazzarella,mazzarella,"Roberto Mazzarella war seit Januar vergangenen Jahres auf der Flucht. Er wurde wegen Mordes gesucht. Wie jetzt herauskam ""versteckte"" er sich an Italiens mondäner Amalfiküste.",2026-04-05
versteckte,hidden,"Roberto Mazzarella war seit Januar vergangenen Jahres auf der Flucht. Er wurde wegen Mordes gesucht. Wie jetzt herauskam ""versteckte"" er sich an Italiens mondäner Amalfiküste.",2026-04-05
hinterland,Hinterland,Russlands Attacken auf die Ukraine lassen nicht nach. Die wehrt sich mit Gegenangriffen - teils weit im russischen Hinterland. Es gibt tote und verletzte Zivilisten auf beiden Seiten.,2026-04-05
zivilisten,in their possession.,Russlands Attacken auf die Ukraine lassen nicht nach. Die wehrt sich mit Gegenangriffen - teils weit im russischen Hinterland. Es gibt tote und verletzte Zivilisten auf beiden Seiten.,2026-04-05
besonderen,special,Halbwegs auf dem Weg zum Mond haben die vier Astronauten einen besonderen Blick auf die Erde. Sie schicken den Bewohnern Fotos und ein Kompliment.,2026-04-05
kompliment,kompliment!,Halbwegs auf dem Weg zum Mond haben die vier Astronauten einen besonderen Blick auf die Erde. Sie schicken den Bewohnern Fotos und ein Kompliment.,2026-04-05
gefechten,battles,"Nach Angaben aus Washington lief die Bergung im Iran unter höchstem Risiko und mit massivem Militäreinsatz. Berichte sprechen von Gefechten vor Ort, während beide Seiten ihre Drohungen weiter verschärfen.",2026-04-05
demnächst,coming soon,"Der Abschuss mehrerer US-Militärmaschinen durch iranische Streitkräfte ist ein herber Rückschlag für die USA. Nun droht US-Präsident Donald Trump dem Iran damit, dass dort demnächst die Hölle losbrechen wird.",2026-04-05
herauskam,came out,"Roberto Mazzarella war seit Januar vergangenen Jahres auf der Flucht. Er wurde wegen Mordes gesucht. Wie jetzt herauskam ""versteckte"" er sich an Italiens mondäner Amalfiküste.",2026-04-05
bewohnern,residents,Halbwegs auf dem Weg zum Mond haben die vier Astronauten einen besonderen Blick auf die Erde. Sie schicken den Bewohnern Fotos und ein Kompliment.,2026-04-05
höchstem,highest,"Nach Angaben aus Washington lief die Bergung im Iran unter höchstem Risiko und mit massivem Militäreinsatz. Berichte sprechen von Gefechten vor Ort, während beide Seiten ihre Drohungen weiter verschärfen.",2026-04-05
massivem,massive,"Nach Angaben aus Washington lief die Bergung im Iran unter höchstem Risiko und mit massivem Militäreinsatz. Berichte sprechen von Gefechten vor Ort, während beide Seiten ihre Drohungen weiter verschärfen.",2026-04-05
berichte,Reports,"Nach Angaben aus Washington lief die Bergung im Iran unter höchstem Risiko und mit massivem Militäreinsatz. Berichte sprechen von Gefechten vor Ort, während beide Seiten ihre Drohungen weiter verschärfen.",2026-04-05
abschuss,Launch,"Der Abschuss mehrerer US-Militärmaschinen durch iranische Streitkräfte ist ein herber Rückschlag für die USA. Nun droht US-Präsident Donald Trump dem Iran damit, dass dort demnächst die Hölle losbrechen wird.",2026-04-05
italiens,italy,"Roberto Mazzarella war seit Januar vergangenen Jahres auf der Flucht. Er wurde wegen Mordes gesucht. Wie jetzt herauskam ""versteckte"" er sich an Italiens mondäner Amalfiküste.",2026-04-05
mondäner,fashionable,"Roberto Mazzarella war seit Januar vergangenen Jahres auf der Flucht. Er wurde wegen Mordes gesucht. Wie jetzt herauskam ""versteckte"" er sich an Italiens mondäner Amalfiküste.",2026-04-05
attacken,Attacks,Russlands Attacken auf die Ukraine lassen nicht nach. Die wehrt sich mit Gegenangriffen - teils weit im russischen Hinterland. Es gibt tote und verletzte Zivilisten auf beiden Seiten.,2026-04-05
halbwegs,Half About,Halbwegs auf dem Weg zum Mond haben die vier Astronauten einen besonderen Blick auf die Erde. Sie schicken den Bewohnern Fotos und ein Kompliment.,2026-04-05
schicken,to send,Halbwegs auf dem Weg zum Mond haben die vier Astronauten einen besonderen Blick auf die Erde. Sie schicken den Bewohnern Fotos und ein Kompliment.,2026-04-05
kampfjet,fighter-jet,Seit Beginn des russischen Angriffskriegs wurden in keinem Monat mehr Angriffe auf die Ukraine gezählt als im März. Der Iran hat zum ersten Mal einen Kampfjet der USA abgeschossen. Das Wichtigste in Kürze.,2026-04-05
ostergottesdienstes,easter service,"Der Nordwesten Nigerias wird seit Jahren von Gewalt erschüttert. Diesmal kam der Angriff während eines Ostergottesdienstes, zahlreiche Menschen wurden entführt. Einige der Geiseln konnten befreit werden.",2026-04-07
gleichberechtigung,Equality,"In Syrien fordern Frauen Gleichheit vor dem Gesetz. Angesichts von mehr als 100.000 ""verschwundenen"" Männern leben tausende von ihnen in einem rechtlichen Vakuum. Verweigert ihnen Damaskus die Gleichberechtigung?",2026-04-07
einflussbereich,Sphere of control,Die Ukraine will engere Beziehungen zu Syrien. Es geht auch um die Lieferung von Lebensmitteln. Die Artemis-Crew tritt in den Einflussbereich des Mondes ein. Das Wichtigste in Kürze.,2026-04-07
verschwundenen,disappeared,"In Syrien fordern Frauen Gleichheit vor dem Gesetz. Angesichts von mehr als 100.000 ""verschwundenen"" Männern leben tausende von ihnen in einem rechtlichen Vakuum. Verweigert ihnen Damaskus die Gleichberechtigung?",2026-04-07
lebensmitteln,food.,Die Ukraine will engere Beziehungen zu Syrien. Es geht auch um die Lieferung von Lebensmitteln. Die Artemis-Crew tritt in den Einflussbereich des Mondes ein. Das Wichtigste in Kürze.,2026-04-07
erpressungen,Blackmailing operations,"Erpressungen und religiöser Hass: Mehrere Dutzend alawitische Frauen gelten in Syrien als ""vermisst"". Dahinter stecken offenbar politische wie kriminelle Motive und Strukturen. Die DW hat mit Betroffenen gesprochen.",2026-04-07
konfrontiert,receiving.,"Als das Assad-Regime fällt, kehrt Huda nach Duma zurück - in eine Stadt aus Trümmern. Was sie dort findet, konfrontiert sie mit der Vergangenheit und treibt sie an, trotz allem am Wiederaufbau Syriens mitzuwirken.",2026-04-07
wiederaufbau,Reconstruction,"Als das Assad-Regime fällt, kehrt Huda nach Duma zurück - in eine Stadt aus Trümmern. Was sie dort findet, konfrontiert sie mit der Vergangenheit und treibt sie an, trotz allem am Wiederaufbau Syriens mitzuwirken.",2026-04-07
energiekrise,Energy crisis,"Der Iran-Krieg hat in der EU eine Energiekrise ausgelöst. Brüssel befürchtet Engpässe und ruft dazu auf, den persönlichen Energieverbrauch zu senken. Analysten fordern mehr Investitionen in erneuerbare Energien.",2026-04-07
persönlichen,personal,"Der Iran-Krieg hat in der EU eine Energiekrise ausgelöst. Brüssel befürchtet Engpässe und ruft dazu auf, den persönlichen Energieverbrauch zu senken. Analysten fordern mehr Investitionen in erneuerbare Energien.",2026-04-07
rechtlichen,legal,"In Syrien fordern Frauen Gleichheit vor dem Gesetz. Angesichts von mehr als 100.000 ""verschwundenen"" Männern leben tausende von ihnen in einem rechtlichen Vakuum. Verweigert ihnen Damaskus die Gleichberechtigung?",2026-04-07
alawitische,alawite,"Erpressungen und religiöser Hass: Mehrere Dutzend alawitische Frauen gelten in Syrien als ""vermisst"". Dahinter stecken offenbar politische wie kriminelle Motive und Strukturen. Die DW hat mit Betroffenen gesprochen.",2026-04-07
mitzuwirken,to them,"Als das Assad-Regime fällt, kehrt Huda nach Duma zurück - in eine Stadt aus Trümmern. Was sie dort findet, konfrontiert sie mit der Vergangenheit und treibt sie an, trotz allem am Wiederaufbau Syriens mitzuwirken.",2026-04-07
erschüttert,shaken,"Der Nordwesten Nigerias wird seit Jahren von Gewalt erschüttert. Diesmal kam der Angriff während eines Ostergottesdienstes, zahlreiche Menschen wurden entführt. Einige der Geiseln konnten befreit werden.",2026-04-07
brandenburg,Brandenburg,"Während der Krieg im Nahen Osten die Ölpreise in die Höhe treibt, ist Feldheim in Brandenburg gegen solche Schocks immun. Wie lokal erzeugte Energie Geld spart und Krisen abfedert.",2026-04-07
reihenweise,row by row,In Deutschland werden reihenweise christliche Kirchen geschlossen. Dafür entstehen mehr andere religiöse Bauten. Die Religion der Menschen aus Indien oder Syrien macht das Stadtbild bunter.,2026-04-07
christliche,CHRISTIAN,In Deutschland werden reihenweise christliche Kirchen geschlossen. Dafür entstehen mehr andere religiöse Bauten. Die Religion der Menschen aus Indien oder Syrien macht das Stadtbild bunter.,2026-04-07
erneuerbare,Renewable energies,"Der Iran-Krieg hat in der EU eine Energiekrise ausgelöst. Brüssel befürchtet Engpässe und ruft dazu auf, den persönlichen Energieverbrauch zu senken. Analysten fordern mehr Investitionen in erneuerbare Energien.",2026-04-07
gleichheit,Equality,"In Syrien fordern Frauen Gleichheit vor dem Gesetz. Angesichts von mehr als 100.000 ""verschwundenen"" Männern leben tausende von ihnen in einem rechtlichen Vakuum. Verweigert ihnen Damaskus die Gleichberechtigung?",2026-04-07
religiöser,religious,"Erpressungen und religiöser Hass: Mehrere Dutzend alawitische Frauen gelten in Syrien als ""vermisst"". Dahinter stecken offenbar politische wie kriminelle Motive und Strukturen. Die DW hat mit Betroffenen gesprochen.",2026-04-07
kriminelle,CRIMINALS,"Erpressungen und religiöser Hass: Mehrere Dutzend alawitische Frauen gelten in Syrien als ""vermisst"". Dahinter stecken offenbar politische wie kriminelle Motive und Strukturen. Die DW hat mit Betroffenen gesprochen.",2026-04-07
nordwesten,Northwest,"Der Nordwesten Nigerias wird seit Jahren von Gewalt erschüttert. Diesmal kam der Angriff während eines Ostergottesdienstes, zahlreiche Menschen wurden entführt. Einige der Geiseln konnten befreit werden.",2026-04-07
netzwerken,Networking,Narva ist eine estnische Stadt an der Grenze zu Russland. In sozialen Netzwerken kursieren Aufrufe zur Abspaltung von Estland. Was steckt dahinter und wie steht die Bevölkerung dazu? Ein DW-Reporter war vor Ort.,2026-04-07
abspaltung,spin-off,Narva ist eine estnische Stadt an der Grenze zu Russland. In sozialen Netzwerken kursieren Aufrufe zur Abspaltung von Estland. Was steckt dahinter und wie steht die Bevölkerung dazu? Ein DW-Reporter war vor Ort.,2026-04-07
befürchtet,feared,"Der Iran-Krieg hat in der EU eine Energiekrise ausgelöst. Brüssel befürchtet Engpässe und ruft dazu auf, den persönlichen Energieverbrauch zu senken. Analysten fordern mehr Investitionen in erneuerbare Energien.",2026-04-07
lieferung,delivery,Die Ukraine will engere Beziehungen zu Syrien. Es geht auch um die Lieferung von Lebensmitteln. Die Artemis-Crew tritt in den Einflussbereich des Mondes ein. Das Wichtigste in Kürze.,2026-04-07
estnische,Estonian,Narva ist eine estnische Stadt an der Grenze zu Russland. In sozialen Netzwerken kursieren Aufrufe zur Abspaltung von Estland. Was steckt dahinter und wie steht die Bevölkerung dazu? Ein DW-Reporter war vor Ort.,2026-04-07
kursieren,circulate,Narva ist eine estnische Stadt an der Grenze zu Russland. In sozialen Netzwerken kursieren Aufrufe zur Abspaltung von Estland. Was steckt dahinter und wie steht die Bevölkerung dazu? Ein DW-Reporter war vor Ort.,2026-04-07
entstehen,can be produced,In Deutschland werden reihenweise christliche Kirchen geschlossen. Dafür entstehen mehr andere religiöse Bauten. Die Religion der Menschen aus Indien oder Syrien macht das Stadtbild bunter.,2026-04-07
tausende,thousands,"In Syrien fordern Frauen Gleichheit vor dem Gesetz. Angesichts von mehr als 100.000 ""verschwundenen"" Männern leben tausende von ihnen in einem rechtlichen Vakuum. Verweigert ihnen Damaskus die Gleichberechtigung?",2026-04-07
damaskus,Damascus,"In Syrien fordern Frauen Gleichheit vor dem Gesetz. Angesichts von mehr als 100.000 ""verschwundenen"" Männern leben tausende von ihnen in einem rechtlichen Vakuum. Verweigert ihnen Damaskus die Gleichberechtigung?",2026-04-07
vermisst,Lost,"Erpressungen und religiöser Hass: Mehrere Dutzend alawitische Frauen gelten in Syrien als ""vermisst"". Dahinter stecken offenbar politische wie kriminelle Motive und Strukturen. Die DW hat mit Betroffenen gesprochen.",2026-04-07
trümmern,Tuesday.,"Als das Assad-Regime fällt, kehrt Huda nach Duma zurück - in eine Stadt aus Trümmern. Was sie dort findet, konfrontiert sie mit der Vergangenheit und treibt sie an, trotz allem am Wiederaufbau Syriens mitzuwirken.",2026-04-07
nigerias,nigerias,"Der Nordwesten Nigerias wird seit Jahren von Gewalt erschüttert. Diesmal kam der Angriff während eines Ostergottesdienstes, zahlreiche Menschen wurden entführt. Einige der Geiseln konnten befreit werden.",2026-04-07
entführt,abducted,"Der Nordwesten Nigerias wird seit Jahren von Gewalt erschüttert. Diesmal kam der Angriff während eines Ostergottesdienstes, zahlreiche Menschen wurden entführt. Einige der Geiseln konnten befreit werden.",2026-04-07
sozialen,social,Narva ist eine estnische Stadt an der Grenze zu Russland. In sozialen Netzwerken kursieren Aufrufe zur Abspaltung von Estland. Was steckt dahinter und wie steht die Bevölkerung dazu? Ein DW-Reporter war vor Ort.,2026-04-07
reporter,MALE REPORTER,Narva ist eine estnische Stadt an der Grenze zu Russland. In sozialen Netzwerken kursieren Aufrufe zur Abspaltung von Estland. Was steckt dahinter und wie steht die Bevölkerung dazu? Ein DW-Reporter war vor Ort.,2026-04-07
untersuchungshaft,custody awaiting trial,Seit sechs Wochen sitzt DW-Korrespondent Alican Uludağ in Istanbul in Untersuchungshaft. Als völlig unverhältnismäßig kritisieren das seine Anwälte. Der Fall zeigt den wachsenden Druck auf Journalisten in der Türkei.,2026-04-08
unverhältnismäßig,disproportionate,Seit sechs Wochen sitzt DW-Korrespondent Alican Uludağ in Istanbul in Untersuchungshaft. Als völlig unverhältnismäßig kritisieren das seine Anwälte. Der Fall zeigt den wachsenden Druck auf Journalisten in der Türkei.,2026-04-08
schiffsverkehr,SHIPPING,Unmittelbar vor Ablauf des von US-Präsident Trump gestellten Ultimatums an den Iran gehen beide Seiten aufeinander zu. Die Straße von Hormus soll unter Auflagen für den Schiffsverkehr wieder freigegeben werden.,2026-04-08
wahlniederlage,electoral defeat,"US-Vizepräsident JD Vance ist nach Budapest gereist, um Viktor Orbán zu unterstützen. Denn Ungarns Premier droht eine Wahlniederlage am kommenden Sonntag. Kann der prominente Gast aus Washington die noch verhindern?",2026-04-08
vizepräsident,Vice President,"US-Vizepräsident JD Vance ist nach Budapest gereist, um Viktor Orbán zu unterstützen. Denn Ungarns Premier droht eine Wahlniederlage am kommenden Sonntag. Kann der prominente Gast aus Washington die noch verhindern?",2026-04-08
spektakulären,spectacular,Sie waren so weit von der Erde entfernt wie kein Mensch zuvor. Nach spektakulären Blicken auf die Rückseite des Mondes sind die vier Raumfahrer nun wieder auf dem Weg nach Hause.,2026-04-08
mondumrundung,orbiting the moon,"US-Präsident Trump besteht auf einer Öffnung der Straße von Hormus noch an diesem Dienstag. Die Astronauten von ""Artemis 2"" schließen ihre Mondumrundung ab. Das Wichtigste in Kürze.",2026-04-08
gewalttätigen,violent,"Wird es hierzulande sicherer, wenn mehr irreguläre Migranten abgeschoben werden? Kanzler Friedrich Merz erweckt zumindest diesen Eindruck, wenn er von gewalttätigen Zuwanderern spricht. Doch die Realität ist komplexer.",2026-04-08
lieferketten,Supply chains,"Wie lang auch immer der Iran-Krieg noch dauert: Sobald die Straße von Hormus wieder geöffnet ist, wird sich zeigen, wie schnell sich die Lieferketten für Energie, Düngemittel und andere Güter erholen können.",2026-04-08
unterstützen,they have organised themselves,"US-Vizepräsident JD Vance ist nach Budapest gereist, um Viktor Orbán zu unterstützen. Denn Ungarns Premier droht eine Wahlniederlage am kommenden Sonntag. Kann der prominente Gast aus Washington die noch verhindern?",2026-04-08
unmittelbar,direct,Unmittelbar vor Ablauf des von US-Präsident Trump gestellten Ultimatums an den Iran gehen beide Seiten aufeinander zu. Die Straße von Hormus soll unter Auflagen für den Schiffsverkehr wieder freigegeben werden.,2026-04-08
aufeinander,with a finely,Unmittelbar vor Ablauf des von US-Präsident Trump gestellten Ultimatums an den Iran gehen beide Seiten aufeinander zu. Die Straße von Hormus soll unter Auflagen für den Schiffsverkehr wieder freigegeben werden.,2026-04-08
freigegeben,shared,Unmittelbar vor Ablauf des von US-Präsident Trump gestellten Ultimatums an den Iran gehen beide Seiten aufeinander zu. Die Straße von Hormus soll unter Auflagen für den Schiffsverkehr wieder freigegeben werden.,2026-04-08
abgeschoben,Slid off,"Wird es hierzulande sicherer, wenn mehr irreguläre Migranten abgeschoben werden? Kanzler Friedrich Merz erweckt zumindest diesen Eindruck, wenn er von gewalttätigen Zuwanderern spricht. Doch die Realität ist komplexer.",2026-04-08
zuwanderern,migrate,"Wird es hierzulande sicherer, wenn mehr irreguläre Migranten abgeschoben werden? Kanzler Friedrich Merz erweckt zumindest diesen Eindruck, wenn er von gewalttätigen Zuwanderern spricht. Doch die Realität ist komplexer.",2026-04-08
gestellten,provided,Unmittelbar vor Ablauf des von US-Präsident Trump gestellten Ultimatums an den Iran gehen beide Seiten aufeinander zu. Die Straße von Hormus soll unter Auflagen für den Schiffsverkehr wieder freigegeben werden.,2026-04-08
ultimatums,ultimatums,Unmittelbar vor Ablauf des von US-Präsident Trump gestellten Ultimatums an den Iran gehen beide Seiten aufeinander zu. Die Straße von Hormus soll unter Auflagen für den Schiffsverkehr wieder freigegeben werden.,2026-04-08
prominente,Celebrities,"US-Vizepräsident JD Vance ist nach Budapest gereist, um Viktor Orbán zu unterstützen. Denn Ungarns Premier droht eine Wahlniederlage am kommenden Sonntag. Kann der prominente Gast aus Washington die noch verhindern?",2026-04-08
türkischen,turkish,Vor dem israelischen Konsulat in der türkischen Metropole Istanbul ist es zu einem tödlichen Schusswechsel zwischen Polizei und mehreren Angreifern gekommen. Die Staatsanwaltschaft ermittelt.,2026-04-08
raumfahrer,spacemen,Sie waren so weit von der Erde entfernt wie kein Mensch zuvor. Nach spektakulären Blicken auf die Rückseite des Mondes sind die vier Raumfahrer nun wieder auf dem Weg nach Hause.,2026-04-08
irreguläre,Irregular,"Wird es hierzulande sicherer, wenn mehr irreguläre Migranten abgeschoben werden? Kanzler Friedrich Merz erweckt zumindest diesen Eindruck, wenn er von gewalttätigen Zuwanderern spricht. Doch die Realität ist komplexer.",2026-04-08
ermittelt,detected,Vor dem israelischen Konsulat in der türkischen Metropole Istanbul ist es zu einem tödlichen Schusswechsel zwischen Polizei und mehreren Angreifern gekommen. Die Staatsanwaltschaft ermittelt.,2026-04-08
rückseite,back,Sie waren so weit von der Erde entfernt wie kein Mensch zuvor. Nach spektakulären Blicken auf die Rückseite des Mondes sind die vier Raumfahrer nun wieder auf dem Weg nach Hause.,2026-04-08
zumindest,comprises;,"Wird es hierzulande sicherer, wenn mehr irreguläre Migranten abgeschoben werden? Kanzler Friedrich Merz erweckt zumindest diesen Eindruck, wenn er von gewalttätigen Zuwanderern spricht. Doch die Realität ist komplexer.",2026-04-08
komplexer,more complex,"Wird es hierzulande sicherer, wenn mehr irreguläre Migranten abgeschoben werden? Kanzler Friedrich Merz erweckt zumindest diesen Eindruck, wenn er von gewalttätigen Zuwanderern spricht. Doch die Realität ist komplexer.",2026-04-08
auflagen,REQUIREMENTS,Unmittelbar vor Ablauf des von US-Präsident Trump gestellten Ultimatums an den Iran gehen beide Seiten aufeinander zu. Die Straße von Hormus soll unter Auflagen für den Schiffsverkehr wieder freigegeben werden.,2026-04-08
kooperationsfeldern,fields of cooperation,"Der Besuch von Präsident Wolodymyr Selenskyj in Syrien war nicht nur Beziehungspflege, sondern erfolgte auch aus strategischem Kalkül gegen Russland. Für die Ukraine eröffnen sich eine Reihe von Kooperationsfeldern.",2026-04-09
gewerbeimmobilien,Commercial real estate,"Künstliche Intelligenz (KI) verändert das Wirtschaftsleben in vielen Bereichen. Jetzt gerät auch der Markt für Gewerbeimmobilien unter Druck. Analysten sprechen bereits von einem ""Paradigmenwechsel"".",2026-04-09
paradigmenwechsel,A paradigm shift,"Künstliche Intelligenz (KI) verändert das Wirtschaftsleben in vielen Bereichen. Jetzt gerät auch der Markt für Gewerbeimmobilien unter Druck. Analysten sprechen bereits von einem ""Paradigmenwechsel"".",2026-04-09
beziehungspflege,Cultivating relationships,"Der Besuch von Präsident Wolodymyr Selenskyj in Syrien war nicht nur Beziehungspflege, sondern erfolgte auch aus strategischem Kalkül gegen Russland. Für die Ukraine eröffnen sich eine Reihe von Kooperationsfeldern.",2026-04-09
wirtschaftsleben,Economic life,"Künstliche Intelligenz (KI) verändert das Wirtschaftsleben in vielen Bereichen. Jetzt gerät auch der Markt für Gewerbeimmobilien unter Druck. Analysten sprechen bereits von einem ""Paradigmenwechsel"".",2026-04-09
nordkoreanische,north Korean,Südkorea hat erneut mehrere nordkoreanische Raketentests gemeldet. Laut UN-Resolutionen darf Pjöngjang keine ballistischen Raketen abfeuern. Die Regierung in Seoul spricht von Provokation.,2026-04-09
vorbedingungen,Preconditions,"Der Kremlchef wendet sich der Golfmonarchie zu, nachdem er zahlreiche Vorbedingungen für eine etwaige Waffenruhe in der Ukraine genannt hat. Der ukrainische Präsident Selenskyj spricht von ""Manipulation"".",2026-04-09
großbritannien,Great Britain,Unter Vermittlung Pakistans gehen der Iran und US-Präsident Trump einen Schritt aufeinander zu. Großbritannien verweigert dem umstrittenen US-Rapper Kanye West die Einreise. Das Wichtigste in Kürze.,2026-04-09
militärführung,military leadership,"Der Mord an einem prominenten Aktivisten erschüttert Guinea-Bissau. Kritiker machen die Militärführung verantwortlich, die Angst vor Repressionen wächst. Die politische Zukunft des Landes bleibt ungewiss.",2026-04-09
verantwortlich,responsible,"Der Mord an einem prominenten Aktivisten erschüttert Guinea-Bissau. Kritiker machen die Militärführung verantwortlich, die Angst vor Repressionen wächst. Die politische Zukunft des Landes bleibt ungewiss.",2026-04-09
strategischem,strategic,"Der Besuch von Präsident Wolodymyr Selenskyj in Syrien war nicht nur Beziehungspflege, sondern erfolgte auch aus strategischem Kalkül gegen Russland. Für die Ukraine eröffnen sich eine Reihe von Kooperationsfeldern.",2026-04-09
golfmonarchie,golf monarchy,"Der Kremlchef wendet sich der Golfmonarchie zu, nachdem er zahlreiche Vorbedingungen für eine etwaige Waffenruhe in der Ukraine genannt hat. Der ukrainische Präsident Selenskyj spricht von ""Manipulation"".",2026-04-09
ballistischen,ballistic,Südkorea hat erneut mehrere nordkoreanische Raketentests gemeldet. Laut UN-Resolutionen darf Pjöngjang keine ballistischen Raketen abfeuern. Die Regierung in Seoul spricht von Provokation.,2026-04-09
manipulation,MANIPULATION,"Der Kremlchef wendet sich der Golfmonarchie zu, nachdem er zahlreiche Vorbedingungen für eine etwaige Waffenruhe in der Ukraine genannt hat. Der ukrainische Präsident Selenskyj spricht von ""Manipulation"".",2026-04-09
raketentests,rocket tests,Südkorea hat erneut mehrere nordkoreanische Raketentests gemeldet. Laut UN-Resolutionen darf Pjöngjang keine ballistischen Raketen abfeuern. Die Regierung in Seoul spricht von Provokation.,2026-04-09
resolutionen,Resolutions,Südkorea hat erneut mehrere nordkoreanische Raketentests gemeldet. Laut UN-Resolutionen darf Pjöngjang keine ballistischen Raketen abfeuern. Die Regierung in Seoul spricht von Provokation.,2026-04-09
historischen,historical,Im Viertelfinal-Hinspiel feiert Bayern München bei Real Madrid einen historischen Erfolg. Besonders Torhüter Manuel Neuer lässt die Madrilenen verzweifeln. Dennoch sind die Münchener nicht ganz zufrieden.,2026-04-09
repressionen,repression,"Der Mord an einem prominenten Aktivisten erschüttert Guinea-Bissau. Kritiker machen die Militärführung verantwortlich, die Angst vor Repressionen wächst. Die politische Zukunft des Landes bleibt ungewiss.",2026-04-09
erfahrungen,experiences,"Die Ukraine ist bereit, ihre gewonnenen Erfahrungen bei der Zerstörung iranischer Kamikaze-Drohnen mit den Staaten des Nahen Ostens zu teilen. Für die Hilfe stellt Kyjiw jedoch politische Bedingungen.",2026-04-09
bedingungen,terms,"Die Ukraine ist bereit, ihre gewonnenen Erfahrungen bei der Zerstörung iranischer Kamikaze-Drohnen mit den Staaten des Nahen Ostens zu teilen. Für die Hilfe stellt Kyjiw jedoch politische Bedingungen.",2026-04-09
provokation,Challenge,Südkorea hat erneut mehrere nordkoreanische Raketentests gemeldet. Laut UN-Resolutionen darf Pjöngjang keine ballistischen Raketen abfeuern. Die Regierung in Seoul spricht von Provokation.,2026-04-09
verzweifeln,despair,Im Viertelfinal-Hinspiel feiert Bayern München bei Real Madrid einen historischen Erfolg. Besonders Torhüter Manuel Neuer lässt die Madrilenen verzweifeln. Dennoch sind die Münchener nicht ganz zufrieden.,2026-04-09
vermittlung,mediation,Unter Vermittlung Pakistans gehen der Iran und US-Präsident Trump einen Schritt aufeinander zu. Großbritannien verweigert dem umstrittenen US-Rapper Kanye West die Einreise. Das Wichtigste in Kürze.,2026-04-09
prominenten,celebrities,"Der Mord an einem prominenten Aktivisten erschüttert Guinea-Bissau. Kritiker machen die Militärführung verantwortlich, die Angst vor Repressionen wächst. Die politische Zukunft des Landes bleibt ungewiss.",2026-04-09
gewonnenen,won,"Die Ukraine ist bereit, ihre gewonnenen Erfahrungen bei der Zerstörung iranischer Kamikaze-Drohnen mit den Staaten des Nahen Ostens zu teilen. Für die Hilfe stellt Kyjiw jedoch politische Bedingungen.",2026-04-09
madrilenen,madrilenians,Im Viertelfinal-Hinspiel feiert Bayern München bei Real Madrid einen historischen Erfolg. Besonders Torhüter Manuel Neuer lässt die Madrilenen verzweifeln. Dennoch sind die Münchener nicht ganz zufrieden.,2026-04-09
künstliche,artificial,"Künstliche Intelligenz (KI) verändert das Wirtschaftsleben in vielen Bereichen. Jetzt gerät auch der Markt für Gewerbeimmobilien unter Druck. Analysten sprechen bereits von einem ""Paradigmenwechsel"".",2026-04-09
wolodymyr,wolodymyr,"Der Besuch von Präsident Wolodymyr Selenskyj in Syrien war nicht nur Beziehungspflege, sondern erfolgte auch aus strategischem Kalkül gegen Russland. Für die Ukraine eröffnen sich eine Reihe von Kooperationsfeldern.",2026-04-09
interrail,InterRail,Junge EU-Bürger können sich freuen: Die beliebte Interrail-Aktion der Europäischen Union geht in die nächste Runde.,2026-04-09
münchener,munich,Im Viertelfinal-Hinspiel feiert Bayern München bei Real Madrid einen historischen Erfolg. Besonders Torhüter Manuel Neuer lässt die Madrilenen verzweifeln. Dennoch sind die Münchener nicht ganz zufrieden.,2026-04-09
zufrieden,satisfied,Im Viertelfinal-Hinspiel feiert Bayern München bei Real Madrid einen historischen Erfolg. Besonders Torhüter Manuel Neuer lässt die Madrilenen verzweifeln. Dennoch sind die Münchener nicht ganz zufrieden.,2026-04-09
friedensnobelpreis,"<g id=""1"">Nobel Peace Prize</g>.",2022 erhielt Memorial den Friedensnobelpreis. Jede weitere Betätigung der Menschenrechtler kann in der Russischen Föderation ab sofort als Straftat gewertet werden.,2026-04-10
manteltarifvertrag,Collective Wage Agreement,Das Kabinenpersonal erhöht im Ringen um einen Manteltarifvertrag bei der Lufthansa den Druck. Bei Cityline kämpfen die Crews um einen Sozialplan - denn die Zubringertochter steht vor dem Aus.,2026-04-10
menschenrechtler,human rights activist,2022 erhielt Memorial den Friedensnobelpreis. Jede weitere Betätigung der Menschenrechtler kann in der Russischen Föderation ab sofort als Straftat gewertet werden.,2026-04-10
umweltaktivisten,ENVIRONMENTAL ACTIVISTS,Die strengen Auflagen zum Schutz der Gletscher in Argentinien werden gelockert. Das Unterhaus verabschiedete die entsprechende Gesetzesreform. Umweltaktivisten und Opposition sind empört.,2026-04-10
zubringertochter,feeder daughter,Das Kabinenpersonal erhöht im Ringen um einen Manteltarifvertrag bei der Lufthansa den Druck. Bei Cityline kämpfen die Crews um einen Sozialplan - denn die Zubringertochter steht vor dem Aus.,2026-04-10
rundfunkfreiheit,broadcasting freedom,Auch ein Besuch von NATO-Genrealsekretär Mark Rutte kann US-Präsident Donald Trump offenbar nicht besänftigen. Die Litauer sorgen sich um die Rundfunkfreiheit. Das Wichtigste in Kürze.,2026-04-10
pressekonferenz,Press conference,Auf einer kurzfristig einberufenen Pressekonferenz in Berlin gibt Kanzler Merz bekannt: Deutschland will direkt mit der iranischen Regierung sprechen und so zu einer Friedenslösung beitragen.,2026-04-10
kabinenpersonal,Flight Attendants,Das Kabinenpersonal erhöht im Ringen um einen Manteltarifvertrag bei der Lufthansa den Druck. Bei Cityline kämpfen die Crews um einen Sozialplan - denn die Zubringertochter steht vor dem Aus.,2026-04-10
genrealsekretär,genre secretary,Auch ein Besuch von NATO-Genrealsekretär Mark Rutte kann US-Präsident Donald Trump offenbar nicht besänftigen. Die Litauer sorgen sich um die Rundfunkfreiheit. Das Wichtigste in Kürze.,2026-04-10
welterbestätten,World Heritage Sites,"Hitze, Dürren und steigende Meeresspiegel setzen UNESCO-Welterbestätten weltweit unter Druck. Einzigartige Kulturgüter wie die Chinesische Mauer oder die Osterinsel-Statuen drohen durch den Klimawandel zu zerfallen.",2026-04-10
friedenslösung,peace solution,Auf einer kurzfristig einberufenen Pressekonferenz in Berlin gibt Kanzler Merz bekannt: Deutschland will direkt mit der iranischen Regierung sprechen und so zu einer Friedenslösung beitragen.,2026-04-10
verabschiedete,adopted,Die strengen Auflagen zum Schutz der Gletscher in Argentinien werden gelockert. Das Unterhaus verabschiedete die entsprechende Gesetzesreform. Umweltaktivisten und Opposition sind empört.,2026-04-10
auslandsreisen,International trips,Eine Meldepflicht für Männer bei Auslandsreisen brachte den Verteidigungsminister ins Schwitzen. Nun bessert Boris Pistorius nach. Doch die Kritik hält an.,2026-04-10
meeresspiegel,Sea level,"Hitze, Dürren und steigende Meeresspiegel setzen UNESCO-Welterbestätten weltweit unter Druck. Einzigartige Kulturgüter wie die Chinesische Mauer oder die Osterinsel-Statuen drohen durch den Klimawandel zu zerfallen.",2026-04-10
einberufenen,convened,Auf einer kurzfristig einberufenen Pressekonferenz in Berlin gibt Kanzler Merz bekannt: Deutschland will direkt mit der iranischen Regierung sprechen und so zu einer Friedenslösung beitragen.,2026-04-10
meldepflicht,Reporting obligation,Eine Meldepflicht für Männer bei Auslandsreisen brachte den Verteidigungsminister ins Schwitzen. Nun bessert Boris Pistorius nach. Doch die Kritik hält an.,2026-04-10
einzigartige,unique,"Hitze, Dürren und steigende Meeresspiegel setzen UNESCO-Welterbestätten weltweit unter Druck. Einzigartige Kulturgüter wie die Chinesische Mauer oder die Osterinsel-Statuen drohen durch den Klimawandel zu zerfallen.",2026-04-10
kurzfristig,short-term,Auf einer kurzfristig einberufenen Pressekonferenz in Berlin gibt Kanzler Merz bekannt: Deutschland will direkt mit der iranischen Regierung sprechen und so zu einer Friedenslösung beitragen.,2026-04-10
argentinien,Argentina (1 texts),Die strengen Auflagen zum Schutz der Gletscher in Argentinien werden gelockert. Das Unterhaus verabschiedete die entsprechende Gesetzesreform. Umweltaktivisten und Opposition sind empört.,2026-04-10
besänftigen,soothe,Auch ein Besuch von NATO-Genrealsekretär Mark Rutte kann US-Präsident Donald Trump offenbar nicht besänftigen. Die Litauer sorgen sich um die Rundfunkfreiheit. Das Wichtigste in Kürze.,2026-04-10
losgetreten,kicked off,"Bundeskanzler Friedrich Merz hat eine Debatte um die Rückkehr von 80 Prozent der Syrer losgetreten. Will Deutschland damit auch diejenigen abschieben, die bestens integriert sind und die das Land so dringend braucht?",2026-04-10
gastkolumne,guest column,"Christian Schwarz-Schillings Leben war von Passion und Politik geprägt. Vor allem sein Wirken für Bosnien und Herzegowina zeigt, wie Macht und Menschlichkeit doch zueinander passen können. Eine Gastkolumne.",2026-04-10
kulturgüter,cultural property,"Hitze, Dürren und steigende Meeresspiegel setzen UNESCO-Welterbestätten weltweit unter Druck. Einzigartige Kulturgüter wie die Chinesische Mauer oder die Osterinsel-Statuen drohen durch den Klimawandel zu zerfallen.",2026-04-10
chinesische,chinese,"Hitze, Dürren und steigende Meeresspiegel setzen UNESCO-Welterbestätten weltweit unter Druck. Einzigartige Kulturgüter wie die Chinesische Mauer oder die Osterinsel-Statuen drohen durch den Klimawandel zu zerfallen.",2026-04-10
klimawandel,climate change,"Hitze, Dürren und steigende Meeresspiegel setzen UNESCO-Welterbestätten weltweit unter Druck. Einzigartige Kulturgüter wie die Chinesische Mauer oder die Osterinsel-Statuen drohen durch den Klimawandel zu zerfallen.",2026-04-10
betätigung,Actuation,2022 erhielt Memorial den Friedensnobelpreis. Jede weitere Betätigung der Menschenrechtler kann in der Russischen Föderation ab sofort als Straftat gewertet werden.,2026-04-10
föderation,Federation,2022 erhielt Memorial den Friedensnobelpreis. Jede weitere Betätigung der Menschenrechtler kann in der Russischen Föderation ab sofort als Straftat gewertet werden.,2026-04-10
sozialplan,Social Compensation Plan,Das Kabinenpersonal erhöht im Ringen um einen Manteltarifvertrag bei der Lufthansa den Druck. Bei Cityline kämpfen die Crews um einen Sozialplan - denn die Zubringertochter steht vor dem Aus.,2026-04-10
diejenigen,Those,"Bundeskanzler Friedrich Merz hat eine Debatte um die Rückkehr von 80 Prozent der Syrer losgetreten. Will Deutschland damit auch diejenigen abschieben, die bestens integriert sind und die das Land so dringend braucht?",2026-04-10
abschieben,Pass the buck,"Bundeskanzler Friedrich Merz hat eine Debatte um die Rückkehr von 80 Prozent der Syrer losgetreten. Will Deutschland damit auch diejenigen abschieben, die bestens integriert sind und die das Land so dringend braucht?",2026-04-10
schillings,schillings,"Christian Schwarz-Schillings Leben war von Passion und Politik geprägt. Vor allem sein Wirken für Bosnien und Herzegowina zeigt, wie Macht und Menschlichkeit doch zueinander passen können. Eine Gastkolumne.",2026-04-10
zueinander,to each other,"Christian Schwarz-Schillings Leben war von Passion und Politik geprägt. Vor allem sein Wirken für Bosnien und Herzegowina zeigt, wie Macht und Menschlichkeit doch zueinander passen können. Eine Gastkolumne.",2026-04-10
osterinsel,Easter Island,"Hitze, Dürren und steigende Meeresspiegel setzen UNESCO-Welterbestätten weltweit unter Druck. Einzigartige Kulturgüter wie die Chinesische Mauer oder die Osterinsel-Statuen drohen durch den Klimawandel zu zerfallen.",2026-04-10
beitragen,classification,Auf einer kurzfristig einberufenen Pressekonferenz in Berlin gibt Kanzler Merz bekannt: Deutschland will direkt mit der iranischen Regierung sprechen und so zu einer Friedenslösung beitragen.,2026-04-10
gletscher,GLACIER,Die strengen Auflagen zum Schutz der Gletscher in Argentinien werden gelockert. Das Unterhaus verabschiedete die entsprechende Gesetzesreform. Umweltaktivisten und Opposition sind empört.,2026-04-10
gelockert,loosened by:,Die strengen Auflagen zum Schutz der Gletscher in Argentinien werden gelockert. Das Unterhaus verabschiedete die entsprechende Gesetzesreform. Umweltaktivisten und Opposition sind empört.,2026-04-10
unterhaus,House of Commons,Die strengen Auflagen zum Schutz der Gletscher in Argentinien werden gelockert. Das Unterhaus verabschiedete die entsprechende Gesetzesreform. Umweltaktivisten und Opposition sind empört.,2026-04-10
menschenrechtsorganisation,human rights organization,"Das Oberste Gericht Russlands hat die Menschenrechtsorganisation ""Memorial"" als ""extremistisch"" gebrandmarkt. Eine neue Stufe der Repressionen in Russland, sagen Beobachter.",2026-04-11
ausgelaufenes,expired,"Rund 50 Schiffe stecken fest, wichtige Zufahrten sind gesperrt: Nach einem Zwischenfall beim Betanken breitet sich ausgelaufenes Öl in dem belgischen Hafen aus. Es beeinträchtigt Betrieb sowie Umwelt gleichermaßen.",2026-04-11
gleichermaßen,Equally,"Rund 50 Schiffe stecken fest, wichtige Zufahrten sind gesperrt: Nach einem Zwischenfall beim Betanken breitet sich ausgelaufenes Öl in dem belgischen Hafen aus. Es beeinträchtigt Betrieb sowie Umwelt gleichermaßen.",2026-04-11
kurzfristigen,short-term,"Ein technisches Problem zwingt die deutsche Firma Isar Aerospace zum kurzfristigen Stopp der ""Spectrum""-Mission. Für Europas Raumfahrt ist das ein Dämpfer - doch das Unternehmen hält an seinem Kurs Richtung Orbit fest.",2026-04-11
extremistisch,extremist,"Das Oberste Gericht Russlands hat die Menschenrechtsorganisation ""Memorial"" als ""extremistisch"" gebrandmarkt. Eine neue Stufe der Repressionen in Russland, sagen Beobachter.",2026-04-11
beeinflussen,they influence,Drei wichtige Ereignisse haben das Verhältnis zwischen dem Iran und den USA in den vergangenen Jahrzehnten geprägt. Sie beeinflussen noch immer die Politik und die öffentliche Meinung in beiden Ländern.,2026-04-11
gebrandmarkt,Branded,"Das Oberste Gericht Russlands hat die Menschenrechtsorganisation ""Memorial"" als ""extremistisch"" gebrandmarkt. Eine neue Stufe der Repressionen in Russland, sagen Beobachter.",2026-04-11
öffentliche,publics,Drei wichtige Ereignisse haben das Verhältnis zwischen dem Iran und den USA in den vergangenen Jahrzehnten geprägt. Sie beeinflussen noch immer die Politik und die öffentliche Meinung in beiden Ländern.,2026-04-11
technisches,technical,"Ein technisches Problem zwingt die deutsche Firma Isar Aerospace zum kurzfristigen Stopp der ""Spectrum""-Mission. Für Europas Raumfahrt ist das ein Dämpfer - doch das Unternehmen hält an seinem Kurs Richtung Orbit fest.",2026-04-11
versprechen,promise,"Luxus, Sonne, Sicherheit - das war das Versprechen Dubais. Doch seit dem Iran-Krieg fragen sich Viele: Ist diese Illusion endgültig vorbei?",2026-04-11
ereignisse,events,Drei wichtige Ereignisse haben das Verhältnis zwischen dem Iran und den USA in den vergangenen Jahrzehnten geprägt. Sie beeinflussen noch immer die Politik und die öffentliche Meinung in beiden Ländern.,2026-04-11
verhältnis,ratio,Drei wichtige Ereignisse haben das Verhältnis zwischen dem Iran und den USA in den vergangenen Jahrzehnten geprägt. Sie beeinflussen noch immer die Politik und die öffentliche Meinung in beiden Ländern.,2026-04-11
wochenende,weekend,"Orthodoxe Christen feiern Ostern und Russlands Waffen sollen deshalb an diesem Wochenende im Ukraine-Krieg schweigen. Die deutsche ""Spectrum""-Rakete bleibt weiter am Boden. Das Wichtigste in Kürze.",2026-04-11
schweigen,keep silent,"Wenn die Waffen an der Straße von Hormus schweigen, und die Meerenge wieder geöffnet ist, wird sich zeigen, wie schnell sich die Lieferketten für Energie, Düngemittel und andere Güter erholen können.",2026-04-11
zufahrten,Access roads,"Rund 50 Schiffe stecken fest, wichtige Zufahrten sind gesperrt: Nach einem Zwischenfall beim Betanken breitet sich ausgelaufenes Öl in dem belgischen Hafen aus. Es beeinträchtigt Betrieb sowie Umwelt gleichermaßen.",2026-04-11
aerospace,Aerospace,"Ein technisches Problem zwingt die deutsche Firma Isar Aerospace zum kurzfristigen Stopp der ""Spectrum""-Mission. Für Europas Raumfahrt ist das ein Dämpfer - doch das Unternehmen hält an seinem Kurs Richtung Orbit fest.",2026-04-11
schkolnyj,shkolnyj,"Der Russe Ilja Schkolnyj verurteilt den Ukraine-Krieg und unterstützt die Opposition in Russland. Die deutschen Behörden sehen darin aber keinen Grund für Asyl. Wie geht es in dem Fall weiter, der für Aufsehen sorgt?",2026-04-11
endgültig,Definitive,"Luxus, Sonne, Sicherheit - das war das Versprechen Dubais. Doch seit dem Iran-Krieg fragen sich Viele: Ist diese Illusion endgültig vorbei?",2026-04-11
christian,christian,"Christian Schwarz-Schillings Leben war von Passion und Politik geprägt. Vor allem sein Wirken für Bosnien und Herzegowina zeigt, wie Macht und Menschlichkeit doch zueinander passen können. Eine Gastkolumne.",2026-04-11
wichtige,important,Drei wichtige Ereignisse haben das Verhältnis zwischen dem Iran und den USA in den vergangenen Jahrzehnten geprägt. Sie beeinflussen noch immer die Politik und die öffentliche Meinung in beiden Ländern.,2026-04-11
meerenge,Estrecho,"Wenn die Waffen an der Straße von Hormus schweigen, und die Meerenge wieder geöffnet ist, wird sich zeigen, wie schnell sich die Lieferketten für Energie, Düngemittel und andere Güter erholen können.",2026-04-11
gesperrt,locked,"Rund 50 Schiffe stecken fest, wichtige Zufahrten sind gesperrt: Nach einem Zwischenfall beim Betanken breitet sich ausgelaufenes Öl in dem belgischen Hafen aus. Es beeinträchtigt Betrieb sowie Umwelt gleichermaßen.",2026-04-11
betanken,Refuelling,"Rund 50 Schiffe stecken fest, wichtige Zufahrten sind gesperrt: Nach einem Zwischenfall beim Betanken breitet sich ausgelaufenes Öl in dem belgischen Hafen aus. Es beeinträchtigt Betrieb sowie Umwelt gleichermaßen.",2026-04-11
spectrum,Spectrum,"Ein technisches Problem zwingt die deutsche Firma Isar Aerospace zum kurzfristigen Stopp der ""Spectrum""-Mission. Für Europas Raumfahrt ist das ein Dämpfer - doch das Unternehmen hält an seinem Kurs Richtung Orbit fest.",2026-04-11
richtung,direction,"Ein technisches Problem zwingt die deutsche Firma Isar Aerospace zum kurzfristigen Stopp der ""Spectrum""-Mission. Für Europas Raumfahrt ist das ein Dämpfer - doch das Unternehmen hält an seinem Kurs Richtung Orbit fest.",2026-04-11
christen,Christians,"Orthodoxe Christen feiern Ostern und Russlands Waffen sollen deshalb an diesem Wochenende im Ukraine-Krieg schweigen. Die deutsche ""Spectrum""-Rakete bleibt weiter am Boden. Das Wichtigste in Kürze.",2026-04-11
memorial,MEMORIAL,"Das Oberste Gericht Russlands hat die Menschenrechtsorganisation ""Memorial"" als ""extremistisch"" gebrandmarkt. Eine neue Stufe der Repressionen in Russland, sagen Beobachter.",2026-04-11
samstagnachmittag,Saturday afternoon.,Für 32 Stunden sollen die Waffen von diesem Samstagnachmittag an schweigen - auf Vorschlag des russischen Staatschefs Putin. Die ukrainische Führung plädiert nochmals für eine längerfristige Feuerpause.,2026-04-12
längerfristige,Longer term,Für 32 Stunden sollen die Waffen von diesem Samstagnachmittag an schweigen - auf Vorschlag des russischen Staatschefs Putin. Die ukrainische Führung plädiert nochmals für eine längerfristige Feuerpause.,2026-04-12
delegationen,delegations,Hochrangige Delegationen aus den USA und Iran sprechen in Pakistan über ein Ende des Iran-Kriegs. Artemis-Astronauten sind wieder zurück auf der Erde. Das Wichtigste in Kürze.,2026-04-12
differenzen,differences,Nach 21 Stunden Verhandlungen bleiben zentrale Differenzen ungelöst. Vor allem im Streit um das iranische Atomprogramm konnte kein Durchbruch erzielt werden. Beide Seiten weisen sich gegenseitig die Schuld zu.,2026-04-12
staatschefs,heads of state,Für 32 Stunden sollen die Waffen von diesem Samstagnachmittag an schweigen - auf Vorschlag des russischen Staatschefs Putin. Die ukrainische Führung plädiert nochmals für eine längerfristige Feuerpause.,2026-04-12
feuerpause,fire break,Für 32 Stunden sollen die Waffen von diesem Samstagnachmittag an schweigen - auf Vorschlag des russischen Staatschefs Putin. Die ukrainische Führung plädiert nochmals für eine längerfristige Feuerpause.,2026-04-12
meisterten,mastered,"Sie haben Dinge gesehen, die vor ihnen niemand sah - und sie haben den Weg bereitet für Größeres, das noch kommen soll. Die Astronauten der Mond-Mission ""Artemis 2"" meisterten auch den letzten Abschnitt ihrer Reise.",2026-04-12
festgelegt,set,"Israel hat seine Grenzen nie offiziell festgelegt, aber Siedler und Minister liebäugeln schon lange mit der Idee, das Land zu erweitern. Was steckt hinter dem Konzept ""Großisrael""?",2026-04-12
liebäugeln,flirting,"Israel hat seine Grenzen nie offiziell festgelegt, aber Siedler und Minister liebäugeln schon lange mit der Idee, das Land zu erweitern. Was steckt hinter dem Konzept ""Großisrael""?",2026-04-12
großisrael,greater Israel,"Israel hat seine Grenzen nie offiziell festgelegt, aber Siedler und Minister liebäugeln schon lange mit der Idee, das Land zu erweitern. Was steckt hinter dem Konzept ""Großisrael""?",2026-04-12
vorschlag,Default,Für 32 Stunden sollen die Waffen von diesem Samstagnachmittag an schweigen - auf Vorschlag des russischen Staatschefs Putin. Die ukrainische Führung plädiert nochmals für eine längerfristige Feuerpause.,2026-04-12
abschnitt,Section,"Sie haben Dinge gesehen, die vor ihnen niemand sah - und sie haben den Weg bereitet für Größeres, das noch kommen soll. Die Astronauten der Mond-Mission ""Artemis 2"" meisterten auch den letzten Abschnitt ihrer Reise.",2026-04-12
erweitern,enlarge,"Israel hat seine Grenzen nie offiziell festgelegt, aber Siedler und Minister liebäugeln schon lange mit der Idee, das Land zu erweitern. Was steckt hinter dem Konzept ""Großisrael""?",2026-04-12
ungelöst,unresolved,Nach 21 Stunden Verhandlungen bleiben zentrale Differenzen ungelöst. Vor allem im Streit um das iranische Atomprogramm konnte kein Durchbruch erzielt werden. Beide Seiten weisen sich gegenseitig die Schuld zu.,2026-04-12
plädiert,pleads,Für 32 Stunden sollen die Waffen von diesem Samstagnachmittag an schweigen - auf Vorschlag des russischen Staatschefs Putin. Die ukrainische Führung plädiert nochmals für eine längerfristige Feuerpause.,2026-04-12
nochmals,Again,Für 32 Stunden sollen die Waffen von diesem Samstagnachmittag an schweigen - auf Vorschlag des russischen Staatschefs Putin. Die ukrainische Führung plädiert nochmals für eine längerfristige Feuerpause.,2026-04-12
bereitet,uncomfortable?,"Sie haben Dinge gesehen, die vor ihnen niemand sah - und sie haben den Weg bereitet für Größeres, das noch kommen soll. Die Astronauten der Mond-Mission ""Artemis 2"" meisterten auch den letzten Abschnitt ihrer Reise.",2026-04-12
größeres,larger,"Sie haben Dinge gesehen, die vor ihnen niemand sah - und sie haben den Weg bereitet für Größeres, das noch kommen soll. Die Astronauten der Mond-Mission ""Artemis 2"" meisterten auch den letzten Abschnitt ihrer Reise.",2026-04-12
nachrichtenüberblick,news overview,Ungarn bekommt einen neuen Ministerpräsidenten: Die Partei von Oppositionsführer Magyar erlangt bei der Parlamentswahl eine Zweidrittelmehrheit. US-Präsident Trump kritisiert den Papst. Der DW-Nachrichtenüberblick.,2026-04-13
schlüsselpositionen,KEY POSITIONS,"Nach Jahren unter Viktor Orban steht Ungarn vor einem politischen Neustart: Oppositionsführer Magyar kündigt umfassende Reformen an, will staatliche Schlüsselpositionen neu besetzen und das Verhältnis zur EU verbessern.",2026-04-13
ministerpräsidenten,prime Minister,Ungarn bekommt einen neuen Ministerpräsidenten: Die Partei von Oppositionsführer Magyar erlangt bei der Parlamentswahl eine Zweidrittelmehrheit. US-Präsident Trump kritisiert den Papst. Der DW-Nachrichtenüberblick.,2026-04-13
zweidrittelmehrheit,two-third majority,Ungarn bekommt einen neuen Ministerpräsidenten: Die Partei von Oppositionsführer Magyar erlangt bei der Parlamentswahl eine Zweidrittelmehrheit. US-Präsident Trump kritisiert den Papst. Der DW-Nachrichtenüberblick.,2026-04-13
oppositionsführerin,opposition leader,"Taiwans Oppositionsführerin Cheng Li-wun war zu einem ""historischen"" Besuch in China. Pekings Führung signalisiert Anreize auf mehreren Ebenen - unter einer Bedingung.",2026-04-13
oppositionsführer,Leader of the Opposition,"Nach Jahren unter Viktor Orban steht Ungarn vor einem politischen Neustart: Oppositionsführer Magyar kündigt umfassende Reformen an, will staatliche Schlüsselpositionen neu besetzen und das Verhältnis zur EU verbessern.",2026-04-13
außergewöhnlich,Unusual,"Die Zitadelle La Ferrière gehört zum Weltkulturerbe der UNESCO. Eine außergewöhnlich große Zahl an Menschen besuchten sie, als es zu einer Massenpanik kam.",2026-04-13
weltkulturerbe,World Heritage,"Die Zitadelle La Ferrière gehört zum Weltkulturerbe der UNESCO. Eine außergewöhnlich große Zahl an Menschen besuchten sie, als es zu einer Massenpanik kam.",2026-04-13
cheftrainerin,head trainer,Seit 1963 gibt es die Fußball-Bundesliga der Männer. Zum ersten Mal in der Geschichte wird ein Team nun von einer Frau als Cheftrainerin angeleitet.,2026-04-13
angriffskrieg,war of aggression,"Die Feuerpause, die seit Samstagnachmittag im russischen Angriffskrieg gegen die Ukraine gilt, ist brüchig. Beide Seiten beklagen Verstöße, die meisten aber führt Kyjiw auf.",2026-04-13
signalisiert,order.,"Taiwans Oppositionsführerin Cheng Li-wun war zu einem ""historischen"" Besuch in China. Pekings Führung signalisiert Anreize auf mehreren Ebenen - unter einer Bedingung.",2026-04-13
angrenzenden,adjacent,Im Zuge des US-israelischen Krieges mit dem Iran hat US-Präsident Donald Trump wieder einmal den Nutzen der NATO in Frage gestellt. Die an Russland angrenzenden baltischen Staaten betrachten die Entwicklungen mit Sorge.,2026-04-13
hinsichtlich,with respect to,Große Hoffnungen ruhen auf der Modernisierung der Häfen Apapa Quays und Tin Can Island. Es bestehen jedoch weiterhin Bedenken hinsichtlich der Korruption und der seit langem bestehenden Engpässe in Nigerias Häfen.,2026-04-13
massenpanik,mass panic,"Die Zitadelle La Ferrière gehört zum Weltkulturerbe der UNESCO. Eine außergewöhnlich große Zahl an Menschen besuchten sie, als es zu einer Massenpanik kam.",2026-04-13
bestehenden,existing,Große Hoffnungen ruhen auf der Modernisierung der Häfen Apapa Quays und Tin Can Island. Es bestehen jedoch weiterhin Bedenken hinsichtlich der Korruption und der seit langem bestehenden Engpässe in Nigerias Häfen.,2026-04-13
umfassende,comprehensive,"Nach Jahren unter Viktor Orban steht Ungarn vor einem politischen Neustart: Oppositionsführer Magyar kündigt umfassende Reformen an, will staatliche Schlüsselpositionen neu besetzen und das Verhältnis zur EU verbessern.",2026-04-13
angeleitet,guided,Seit 1963 gibt es die Fußball-Bundesliga der Männer. Zum ersten Mal in der Geschichte wird ein Team nun von einer Frau als Cheftrainerin angeleitet.,2026-04-13
baltischen,baltic,Im Zuge des US-israelischen Krieges mit dem Iran hat US-Präsident Donald Trump wieder einmal den Nutzen der NATO in Frage gestellt. Die an Russland angrenzenden baltischen Staaten betrachten die Entwicklungen mit Sorge.,2026-04-13
betrachten,perspective,Im Zuge des US-israelischen Krieges mit dem Iran hat US-Präsident Donald Trump wieder einmal den Nutzen der NATO in Frage gestellt. Die an Russland angrenzenden baltischen Staaten betrachten die Entwicklungen mit Sorge.,2026-04-13
hoffnungen,Hopefuls,Große Hoffnungen ruhen auf der Modernisierung der Häfen Apapa Quays und Tin Can Island. Es bestehen jedoch weiterhin Bedenken hinsichtlich der Korruption und der seit langem bestehenden Engpässe in Nigerias Häfen.,2026-04-13
zitadelle,Citadel,"Die Zitadelle La Ferrière gehört zum Weltkulturerbe der UNESCO. Eine außergewöhnlich große Zahl an Menschen besuchten sie, als es zu einer Massenpanik kam.",2026-04-13
besuchten,have you visited ?,"Die Zitadelle La Ferrière gehört zum Weltkulturerbe der UNESCO. Eine außergewöhnlich große Zahl an Menschen besuchten sie, als es zu einer Massenpanik kam.",2026-04-13
bedingung,Conditional,"Taiwans Oppositionsführerin Cheng Li-wun war zu einem ""historischen"" Besuch in China. Pekings Führung signalisiert Anreize auf mehreren Ebenen - unter einer Bedingung.",2026-04-13
kontinent,Continent,Die bislang längste Reise von Papst Leo führt in vier afrikanische Länder. Warum ist der Kontinent für die Weltkirche so wichtig?,2026-04-13
neustart,restart,"Nach Jahren unter Viktor Orban steht Ungarn vor einem politischen Neustart: Oppositionsführer Magyar kündigt umfassende Reformen an, will staatliche Schlüsselpositionen neu besetzen und das Verhältnis zur EU verbessern.",2026-04-13
reformen,REFORMS,"Nach Jahren unter Viktor Orban steht Ungarn vor einem politischen Neustart: Oppositionsführer Magyar kündigt umfassende Reformen an, will staatliche Schlüsselpositionen neu besetzen und das Verhältnis zur EU verbessern.",2026-04-13
besetzen,do you occupy ?,"Nach Jahren unter Viktor Orban steht Ungarn vor einem politischen Neustart: Oppositionsführer Magyar kündigt umfassende Reformen an, will staatliche Schlüsselpositionen neu besetzen und das Verhältnis zur EU verbessern.",2026-04-13
beklagen,lament,"Die Feuerpause, die seit Samstagnachmittag im russischen Angriffskrieg gegen die Ukraine gilt, ist brüchig. Beide Seiten beklagen Verstöße, die meisten aber führt Kyjiw auf.",2026-04-13
verstöße,of Rules,"Die Feuerpause, die seit Samstagnachmittag im russischen Angriffskrieg gegen die Ukraine gilt, ist brüchig. Beide Seiten beklagen Verstöße, die meisten aber führt Kyjiw auf.",2026-04-13
gestellt,placed,Im Zuge des US-israelischen Krieges mit dem Iran hat US-Präsident Donald Trump wieder einmal den Nutzen der NATO in Frage gestellt. Die an Russland angrenzenden baltischen Staaten betrachten die Entwicklungen mit Sorge.,2026-04-13
bestehen,FEED,Große Hoffnungen ruhen auf der Modernisierung der Häfen Apapa Quays und Tin Can Island. Es bestehen jedoch weiterhin Bedenken hinsichtlich der Korruption und der seit langem bestehenden Engpässe in Nigerias Häfen.,2026-04-13
bedenken,bear in mind,Große Hoffnungen ruhen auf der Modernisierung der Häfen Apapa Quays und Tin Can Island. Es bestehen jedoch weiterhin Bedenken hinsichtlich der Korruption und der seit langem bestehenden Engpässe in Nigerias Häfen.,2026-04-13
engpässe,bottlenecks,Große Hoffnungen ruhen auf der Modernisierung der Häfen Apapa Quays und Tin Can Island. Es bestehen jedoch weiterhin Bedenken hinsichtlich der Korruption und der seit langem bestehenden Engpässe in Nigerias Häfen.,2026-04-13
regierungskonsultationen,government consultations,Bei den ukrainisch-deutschen Regierungskonsultationen in Berlin dürften alle Bedenken an einer fortgesetzten Unterstützung der Ukraine beiseite gewischt werden. Doch die politischen Widerstände wachsen.,2026-04-14
einwanderungsgeschichte,immigration history,"Das Statistische Bundesamt meldet: 26,3 Prozent der Bevölkerung haben 2025 eine Einwanderungsgeschichte. Besonders hoch ist der Anteil bei jungen Erwachsenen.",2026-04-14
gefangenschaft,Inprisonment,Tausende ukrainische Zivilisten sind seit Jahren in russischer Gefangenschaft. Das verstößt gegen das humanitäre Völkerrecht. Viele Familien kämpfen seit Jahren für die Freilassung ihrer Lieben.,2026-04-14
fortgesetzten,continued,Bei den ukrainisch-deutschen Regierungskonsultationen in Berlin dürften alle Bedenken an einer fortgesetzten Unterstützung der Ukraine beiseite gewischt werden. Doch die politischen Widerstände wachsen.,2026-04-14
unterstützung,Support,Bei den ukrainisch-deutschen Regierungskonsultationen in Berlin dürften alle Bedenken an einer fortgesetzten Unterstützung der Ukraine beiseite gewischt werden. Doch die politischen Widerstände wachsen.,2026-04-14
zurückbringen,restore,"Ibrahim Traoré, der Übergangs-Machthaber in Burkina Faso, hat der Demokratie explizit abgeschworen. Gleichzeitig will ein neues Exil-Bündnis die Demokratie in den Sahel zurückbringen. Doch Traoré ist im Vorteil.",2026-04-14
verletzenden,violate,Donald Trump ist bekannt für seine verletzenden und unflätigen Äußerungen in sozialen Medien. Jetzt greift der US-Präsident Papst Leo XIV. verbal an. Die Replik folgt prompt.,2026-04-14
statistische,Statistical,"Das Statistische Bundesamt meldet: 26,3 Prozent der Bevölkerung haben 2025 eine Einwanderungsgeschichte. Besonders hoch ist der Anteil bei jungen Erwachsenen.",2026-04-14
abgeschworen,renounced,"Ibrahim Traoré, der Übergangs-Machthaber in Burkina Faso, hat der Demokratie explizit abgeschworen. Gleichzeitig will ein neues Exil-Bündnis die Demokratie in den Sahel zurückbringen. Doch Traoré ist im Vorteil.",2026-04-14
erwachsenen,Adult,"Das Statistische Bundesamt meldet: 26,3 Prozent der Bevölkerung haben 2025 eine Einwanderungsgeschichte. Besonders hoch ist der Anteil bei jungen Erwachsenen.",2026-04-14
widerstände,resistors,Bei den ukrainisch-deutschen Regierungskonsultationen in Berlin dürften alle Bedenken an einer fortgesetzten Unterstützung der Ukraine beiseite gewischt werden. Doch die politischen Widerstände wachsen.,2026-04-14
unflätigen,unflattering,Donald Trump ist bekannt für seine verletzenden und unflätigen Äußerungen in sozialen Medien. Jetzt greift der US-Präsident Papst Leo XIV. verbal an. Die Replik folgt prompt.,2026-04-14
ukrainisch,Ukrainian,Bei den ukrainisch-deutschen Regierungskonsultationen in Berlin dürften alle Bedenken an einer fortgesetzten Unterstützung der Ukraine beiseite gewischt werden. Doch die politischen Widerstände wachsen.,2026-04-14
humanitäre,Humanitarian,Tausende ukrainische Zivilisten sind seit Jahren in russischer Gefangenschaft. Das verstößt gegen das humanitäre Völkerrecht. Viele Familien kämpfen seit Jahren für die Freilassung ihrer Lieben.,2026-04-14
wachsende,Growing,"Höhere Energiepreise, gestörte Lieferketten, wachsende Unsicherheit. Überall in der Welt sind die Folgen des Iran-Krieges zu spüren. Was aber bedeuten sie für die Weltwirtschaft und Deutschlands Wachstum?",2026-04-14
katherina,katherina,Wirtschaft und Verbraucher ächzen unter den hohen Öl-Preisen. Nun soll die Eiserne Reserve für Linderung sorgen. Auch Deutschlands Wirtschaftsministerin Katherina Reiche tritt in Aktion.,2026-04-14
verhalten,behaviour,"Wirtschaftlicher Aufschwung wird dringend gebraucht. Doch teure Energie, steigende Preise und gestörte Lieferketten sind Gift dafür. Die Bundesregierung ist alarmiert, aber reagiert verhalten.",2026-04-14
übergangs,transition,"Ibrahim Traoré, der Übergangs-Machthaber in Burkina Faso, hat der Demokratie explizit abgeschworen. Gleichzeitig will ein neues Exil-Bündnis die Demokratie in den Sahel zurückbringen. Doch Traoré ist im Vorteil.",2026-04-14
gestörte,Investigations,"Höhere Energiepreise, gestörte Lieferketten, wachsende Unsicherheit. Überall in der Welt sind die Folgen des Iran-Krieges zu spüren. Was aber bedeuten sie für die Weltwirtschaft und Deutschlands Wachstum?",2026-04-14
bedeuten,I mean,"Höhere Energiepreise, gestörte Lieferketten, wachsende Unsicherheit. Überall in der Welt sind die Folgen des Iran-Krieges zu spüren. Was aber bedeuten sie für die Weltwirtschaft und Deutschlands Wachstum?",2026-04-14
wachstum,growth,"Höhere Energiepreise, gestörte Lieferketten, wachsende Unsicherheit. Überall in der Welt sind die Folgen des Iran-Krieges zu spüren. Was aber bedeuten sie für die Weltwirtschaft und Deutschlands Wachstum?",2026-04-14
dringend,urgent,"Wirtschaftlicher Aufschwung wird dringend gebraucht. Doch teure Energie, steigende Preise und gestörte Lieferketten sind Gift dafür. Die Bundesregierung ist alarmiert, aber reagiert verhalten.",2026-04-14
altersbeschränkungen,Age Restrictions,In vielen Ländern werden Altersbeschränkungen für Social Media diskutiert - um Kinder und Jugendliche vor negativen Effekten zu schützen. Doch kann das am Grundproblem von sozialen Netzwerken rütteln?,2026-04-15
linkspopulistische,left-wing populist,"Die einen sprechen von einem Geschenk an die linkspopulistische Podemos-Partei - auf deren Gunst Ministerpräsident Sánchez angewiesen ist. Andere warnen, die Verwaltung werde überfordert, und drohen mit Streik.",2026-04-15
waffenstillstands,armistice,Durch den Iran-Krieg ist der Konflikt im Gazastreifen ziemlich aus dem internationalen Fokus geraten. Trotz Waffenstillstands seit über einem halben Jahr kommen auch dort die Bemühungen um eine Lösung kaum voran.,2026-04-15
unterschiedlichen,different,Mit ganz unterschiedlichen Vorstellungen gehen beide Seiten in die Verhandlungen in Washington - Erfolg ungewiss. Eine maßgebliche Macht sitzt erst gar nicht mit am Tisch - sie stemmt sich gegen ihre Entwaffnung.,2026-04-15
stabilisierung,STABILIZING,"Nach Maduros Sturz fordert Washington für Venezuela drei Phasen: Stabilisierung, Erholung und Übergang. Nach 100 Tagen unter Interims-Präsidentin Delcy Rodriguez läuft Phase 2, doch wird sie auch freie Wahlen zulassen?",2026-04-15
gazastreifen,Developments in the Gaza Strip,Durch den Iran-Krieg ist der Konflikt im Gazastreifen ziemlich aus dem internationalen Fokus geraten. Trotz Waffenstillstands seit über einem halben Jahr kommen auch dort die Bemühungen um eine Lösung kaum voran.,2026-04-15
traditionell,traditional,Traditionell verfolgt Indonesien eine unabhängige Außenpolitik - im Bemühen um Neutralität. Die Annäherung an die USA ruft daher auch warnende Stimmen auf den Plan.,2026-04-15
außenpolitik,Foreign policy,Traditionell verfolgt Indonesien eine unabhängige Außenpolitik - im Bemühen um Neutralität. Die Annäherung an die USA ruft daher auch warnende Stimmen auf den Plan.,2026-04-15
chinesischer,Chinese,"Der Fall erinnert an die Französin Gisèle Pelicot: In München wurde ein chinesischer Student verurteilt, weil er seine Freundin wiederholt betäubt und vergewaltigt hatte. Er war wohl Teil eines größeren Netzwerkes.",2026-04-15
vergewaltigt,‘Raped?’,"Der Fall erinnert an die Französin Gisèle Pelicot: In München wurde ein chinesischer Student verurteilt, weil er seine Freundin wiederholt betäubt und vergewaltigt hatte. Er war wohl Teil eines größeren Netzwerkes.",2026-04-15
arbeitskampf,Labour Dispute,Die Piloten der Lufthansa setzen ihren Arbeitskampf fort. Von Mittwoch an streikt das LH-Kabinenpersonal. In den USA beginnen Gespräche zwischen Israel und dem Libanon. Der DW-Nachrichtenüberblick.,2026-04-15
systemwandel,Systemic Change.,Ungarn erlebt nach 1989/90 seinen zweiten Systemwandel - den Abriss der Orban-Ordnung. Im In- und Ausland sind die Erwartungen an Peter Magyar und die Tisza-Partei riesig. Was ist zu erwarten? Die wichtigsten Antworten.,2026-04-15
grundproblem,Basic problem:,In vielen Ländern werden Altersbeschränkungen für Social Media diskutiert - um Kinder und Jugendliche vor negativen Effekten zu schützen. Doch kann das am Grundproblem von sozialen Netzwerken rütteln?,2026-04-15
überfordert,Overwhelmed,"Die einen sprechen von einem Geschenk an die linkspopulistische Podemos-Partei - auf deren Gunst Ministerpräsident Sánchez angewiesen ist. Andere warnen, die Verwaltung werde überfordert, und drohen mit Streik.",2026-04-15
neutralität,Neutrality,Traditionell verfolgt Indonesien eine unabhängige Außenpolitik - im Bemühen um Neutralität. Die Annäherung an die USA ruft daher auch warnende Stimmen auf den Plan.,2026-04-15
maßgebliche,relevant,Mit ganz unterschiedlichen Vorstellungen gehen beide Seiten in die Verhandlungen in Washington - Erfolg ungewiss. Eine maßgebliche Macht sitzt erst gar nicht mit am Tisch - sie stemmt sich gegen ihre Entwaffnung.,2026-04-15
entwaffnung,Disarm,Mit ganz unterschiedlichen Vorstellungen gehen beide Seiten in die Verhandlungen in Washington - Erfolg ungewiss. Eine maßgebliche Macht sitzt erst gar nicht mit am Tisch - sie stemmt sich gegen ihre Entwaffnung.,2026-04-15
wichtigsten,important,Ungarn erlebt nach 1989/90 seinen zweiten Systemwandel - den Abriss der Orban-Ordnung. Im In- und Ausland sind die Erwartungen an Peter Magyar und die Tisza-Partei riesig. Was ist zu erwarten? Die wichtigsten Antworten.,2026-04-15
jugendliche,youth,In vielen Ländern werden Altersbeschränkungen für Social Media diskutiert - um Kinder und Jugendliche vor negativen Effekten zu schützen. Doch kann das am Grundproblem von sozialen Netzwerken rütteln?,2026-04-15
bemühungen,efforts,Durch den Iran-Krieg ist der Konflikt im Gazastreifen ziemlich aus dem internationalen Fokus geraten. Trotz Waffenstillstands seit über einem halben Jahr kommen auch dort die Bemühungen um eine Lösung kaum voran.,2026-04-15
verwaltung,management,"Die einen sprechen von einem Geschenk an die linkspopulistische Podemos-Partei - auf deren Gunst Ministerpräsident Sánchez angewiesen ist. Andere warnen, die Verwaltung werde überfordert, und drohen mit Streik.",2026-04-15
indonesien,Indonesia,Traditionell verfolgt Indonesien eine unabhängige Außenpolitik - im Bemühen um Neutralität. Die Annäherung an die USA ruft daher auch warnende Stimmen auf den Plan.,2026-04-15
wiederholt,repeats,"Der Fall erinnert an die Französin Gisèle Pelicot: In München wurde ein chinesischer Student verurteilt, weil er seine Freundin wiederholt betäubt und vergewaltigt hatte. Er war wohl Teil eines größeren Netzwerkes.",2026-04-15
netzwerkes,network,"Der Fall erinnert an die Französin Gisèle Pelicot: In München wurde ein chinesischer Student verurteilt, weil er seine Freundin wiederholt betäubt und vergewaltigt hatte. Er war wohl Teil eines größeren Netzwerkes.",2026-04-15
französin,French,"Der Fall erinnert an die Französin Gisèle Pelicot: In München wurde ein chinesischer Student verurteilt, weil er seine Freundin wiederholt betäubt und vergewaltigt hatte. Er war wohl Teil eines größeren Netzwerkes.",2026-04-15
rodriguez,PROUMENS,"Nach Maduros Sturz fordert Washington für Venezuela drei Phasen: Stabilisierung, Erholung und Übergang. Nach 100 Tagen unter Interims-Präsidentin Delcy Rodriguez läuft Phase 2, doch wird sie auch freie Wahlen zulassen?",2026-04-15
antworten,answer,Ungarn erlebt nach 1989/90 seinen zweiten Systemwandel - den Abriss der Orban-Ordnung. Im In- und Ausland sind die Erwartungen an Peter Magyar und die Tisza-Partei riesig. Was ist zu erwarten? Die wichtigsten Antworten.,2026-04-15
negativen,negative,In vielen Ländern werden Altersbeschränkungen für Social Media diskutiert - um Kinder und Jugendliche vor negativen Effekten zu schützen. Doch kann das am Grundproblem von sozialen Netzwerken rütteln?,2026-04-15
geschenk,gift,"Die einen sprechen von einem Geschenk an die linkspopulistische Podemos-Partei - auf deren Gunst Ministerpräsident Sánchez angewiesen ist. Andere warnen, die Verwaltung werde überfordert, und drohen mit Streik.",2026-04-15
verfolgt,rights:,Traditionell verfolgt Indonesien eine unabhängige Außenpolitik - im Bemühen um Neutralität. Die Annäherung an die USA ruft daher auch warnende Stimmen auf den Plan.,2026-04-15
warnende,cautionary,Traditionell verfolgt Indonesien eine unabhängige Außenpolitik - im Bemühen um Neutralität. Die Annäherung an die USA ruft daher auch warnende Stimmen auf den Plan.,2026-04-15
erinnert,I do not remind,"Der Fall erinnert an die Französin Gisèle Pelicot: In München wurde ein chinesischer Student verurteilt, weil er seine Freundin wiederholt betäubt und vergewaltigt hatte. Er war wohl Teil eines größeren Netzwerkes.",2026-04-15
größeren,large,"Der Fall erinnert an die Französin Gisèle Pelicot: In München wurde ein chinesischer Student verurteilt, weil er seine Freundin wiederholt betäubt und vergewaltigt hatte. Er war wohl Teil eines größeren Netzwerkes.",2026-04-15
ungewiss,not certain,Mit ganz unterschiedlichen Vorstellungen gehen beide Seiten in die Verhandlungen in Washington - Erfolg ungewiss. Eine maßgebliche Macht sitzt erst gar nicht mit am Tisch - sie stemmt sich gegen ihre Entwaffnung.,2026-04-15
erholung,Recovery,"Nach Maduros Sturz fordert Washington für Venezuela drei Phasen: Stabilisierung, Erholung und Übergang. Nach 100 Tagen unter Interims-Präsidentin Delcy Rodriguez läuft Phase 2, doch wird sie auch freie Wahlen zulassen?",2026-04-15
übergang,Transitional area,"Nach Maduros Sturz fordert Washington für Venezuela drei Phasen: Stabilisierung, Erholung und Übergang. Nach 100 Tagen unter Interims-Präsidentin Delcy Rodriguez läuft Phase 2, doch wird sie auch freie Wahlen zulassen?",2026-04-15
interims,interim,"Nach Maduros Sturz fordert Washington für Venezuela drei Phasen: Stabilisierung, Erholung und Übergang. Nach 100 Tagen unter Interims-Präsidentin Delcy Rodriguez läuft Phase 2, doch wird sie auch freie Wahlen zulassen?",2026-04-15
